,,District,Total Pool,Total Attempted,Total Connected,Remaining,Already in ZP,,bihar_address_district,Total Data,Call Attempted,Call Connected
,,Bhojpur,577,331,244,190,56,,Bhojpur,256.0,250.0,165.0
,,Buxar,397,159,117,183,55,,Buxar,157.0,157.0,98.0
,,Rohtas,534,172,125,296,66,,Rohtas,217.0,130.0,81.0
,,Kaimur,401,123,85,230,48,,Kaimur,157.0,107.0,75.0
,,Total,1909,785,571,899,225,,,,,
,,,,,,,,,,,,
,,,,,,,,,,,,
,,,,,,,,,,,,
,,Overall,,,,,,,,,,
,,District,Total Pool,Total Attempted,Total Connected,Remaining,,,,,,
,,Bhojpur,833,581,409,252,,,,,,
,,Buxar,554,316,215,238,,,,,,
,,Rohtas,751,302,206,449,,,,,,
,,Kaimur,558,230,160,328,,,,,,
,,Total,2696,1429,990,1267,,,,,,
