Probable ZP Candidates - Buxar,,,,,,,,,,,,
Zone,District,PC,AC,Block,ZP Seat Number,Seat Reservation Status,Probable ZP Candidate Name,Contact No,Category,Caste,Age,Brief Profile
Sahabad,Buxar,33. Buxar,200. Buxar,Chausa,Chausa_1,SC (Mahila),Shri Nillu Kharwar,9308785382 \7488699026,EBC,Kharwar,55.0,"Shri Nillu Kharwar | 55 | EBC | Kharwar
Contest 2006 ZP election (3rd position)
Contest 2011 ZP election
Postman by profession"
Sahabad,Buxar,33. Buxar,200. Buxar,Chausa,Chausa_1,SC (Mahila),Arvind Prasad Gupta,9117900576.0,EBC," Teli

",54.0,"Arvind Prasad Gupta | Male | 54 | EBC | Teli

-Two term Mukhiya 2021 & 2016
-ZP runner 2011 lost by few votes
-Socially & Politically active at block Level."
Sahabad,Buxar,33. Buxar,200. Buxar,Chausa,Chausa_1,SC (Mahila),Sanjay rai,8709300450.0,General,Bhumihar,55.0,"Sanjay Rai | 55 | General | Bhumihar

- Former Mukhiya for two terms (2006–2016).
- Former JDU Jila Upadhyaksh.
- Currently associated with Jan Suraj.
- Full-time social worker and farmer by profession."
Sahabad,Buxar,33. Buxar,200. Buxar,Chausa,Chausa_1,SC (Mahila),Shashikant Dubey,6202642002.0,General,Brahmin,27.0,"

-Incubment UP Pramukh
-Ex BJP Yuwa Prakosth Vice President
-Socially & Politically active at Block & District Level(During Covid Period)"
Sahabad,Buxar,33. Buxar,200. Buxar,Chausa,Chausa_1,SC (Mahila),Veer Bahadaur Singh,8002065742.0,OBC,Yadav,40.0,"Veer Bhadur Singh| Male| 40| OBC| Yadav
                                                                                                                                                                                                                                                                             Incumbent Sarpanch 2021
- Sarpanch Sangh Block Vice-President 2021
- Pashu Tikakarini Sangh Chausa President 
-Prominent Advocate"
Sahabad,Buxar,33. Buxar,202. Rajpur,Rajpur,Rajpur_2,Unreserved (Mahila),Surendra Paswan,9801131181.0,SC,Paswan,56.0,"-JS Zila Abhiyan Samiti Sanyojak 2025
-Former BDC (2016-2021)
-ZP Runner-up 2011 & 2006
-LJP Zila Maha Sachiv (2000-2005)
-Zila Upadhyaksh Samta Party (1993-2000)"
Sahabad,Buxar,33. Buxar,202. Rajpur,Rajpur,Rajpur_2,Unreserved (Mahila),Neelam Devi,9801621948.0,General,Rajput,40.0,"Neelam Devi (Wife of Sunil Singh) | 40 | Gen | Rajput
Incumbent ZP (1st Time Contest)
Full-time Politics & Social Worker
Inclination towards Jan Suraj"
Sahabad,Buxar,33. Buxar,202. Rajpur,Rajpur,Rajpur_2,Unreserved (Mahila),Hareram Singh,6203532522.0,OBC,Kushwaha,44.0,"- ZP Contestant -2021 ( got 2688  votes)
- Studio Bussiness 
- Strong Hold on youth and Kushwaha Voters """
Sahabad,Buxar,33. Buxar,202. Rajpur,Rajpur,Rajpur_2,Unreserved (Mahila),Hareram Singh,6203532522.0,OBC,Kushwaha,44.0,"Hareram Singh| 44| Male| OBC| Kushwaha

- ZP Contestant -2021 ( got 2688  votes)
- Studio Bussiness 
- Strong Hold on youth and Kushwaha Voters "
Sahabad,Buxar,33. Buxar,202. Rajpur,Rajpur,Rajpur_2,Unreserved (Mahila),Rajesh Kumar Singh,9060025311.0,OBC,Yadav,35.0,"Rajesh Kumar Singh| 35| OBC| Yadav| 

- Mukhiya Sangh Prakhand Adhyaksh
- Incumbent Defacto Mukhiya (2021)
- Prominent Figure in block level politics
- Contested Election in front of several terms mukhiya and ZP Winner
"
Sahabad,Buxar,33. Buxar,202. Rajpur,Rajpur,Rajpur_3,Unreserved (Mahila),Raushan Pandey,7488933663.0,General,Brahmin,40.0,"Raushan Pandey | 40 | Gen | Brahmin
Social Worker | Good influence in the area"
Sahabad,Buxar,33. Buxar,202. Rajpur,Rajpur,Rajpur_3,Unreserved (Mahila),Jhabbu Paswan,6205490513.0,sc,Doosad,40.0,"Jhabbu Paswan | 40 | SC | Dusadh

- Incumbent Panchayat Samiti Member since 2021
- Former Jan Suraj Member, associated since 2022
- Farmer by profession"
Sahabad,Buxar,33. Buxar,202. Rajpur,Rajpur,Rajpur_3,Unreserved (Mahila),Manoj Kumar Kamkar,9135991570.0,Ebc,Kamkar,50.0,"""Manoj Kumar Kamkar | Male | 50 | EBC | Kamkar

- Defacto Block Pramukh from Rajpur (2024-Present) 
- Defacto Two term BDC (2016 & 2021)
- Defacto Mukhiya Runner-up 2006"""
Sahabad,Buxar,33. Buxar,202. Rajpur,Rajpur,Rajpur_3,Unreserved (Mahila),Abhishek Singh,9142717737.0,General,Rajput,31.0,"-Aligned with JS
-Pradesh Yuva Upadhyaksha LJP 2022-24 (Resigned from Party)
-LJP(R) Zila Yuwa Adhyaksh 2019-22
-Chhatra Sangh leader in 2014 (Ara)"
Sahabad,Buxar,33. Buxar,202. Rajpur,Rajpur,Rajpur_4,Unreserved (Mahila),Amit Kumar Singh,7004255744.0,OBC,Yadav,30.0,"Amit Kumar Singh| 27| Male| OBC| Yadav

- ZP RunnerUp (Got 8000 Votes)
- Runs Glorious Public School
- His Father is Mukhiya From 2001 Onwards
- Actively Worked in BSP "
Sahabad,Buxar,33. Buxar,202. Rajpur,Rajpur,Rajpur_4,Unreserved (Mahila),Mauli Devi,9304050491/8252091901,General,Mahila,,
Sahabad,Buxar,33. Buxar,202. Rajpur,Rajpur,Rajpur_4,Unreserved (Mahila),Amit Kumar Singh,7004255744.0,OBC,Yadav,27.0,"Amit Kumar Singh| 27| Male| OBC| Yadav

- ZP RunnerUp (Got 8000 Votes)
- Runs Glorious Public School
- His Father is Mukhiya From 2001 Onwards
- Actively Worked in BSP "
Sahabad,Buxar,33. Buxar,202. Rajpur,Rajpur,Rajpur_4,Unreserved (Mahila),Dharmendra Kumar Pandey,"9113722594
9801804139",General,Brahamin,52.0,"- ZP Contestent -2021 (2432 Votes)
- Z.P Contestant (2016)
- Zila Parishad Won (2011)
- Wife was mukhiya Representative when elected mukhiya was in jail (2001-2006)
"""
Sahabad,Buxar,33. Buxar,202. Rajpur,Rajpur,Rajpur_4,Unreserved (Mahila),Jaishnakar Singh,6207193929.0,OBC,Yadav,40.0,"Radhika Devi | Female | 40 | OBC | Yadav

- Incumbent Ward Member 
- BDC  Runner Up in (2006, 2011, 2016) Lost every election with short margin
- Participated in the Tarari by-election campaign, passionately supporting Jansuraj"
Sahabad,Buxar,33. Buxar,202. Rajpur,Itarhi,Itarhi_5,Backward Class (Others),Sudhaa Devi,9234351306.0,obc,Baniya,44.0,"Sudha Devi | Female | 44 | OBC | Baniya

ZP Runner-up – 2021 | ZP Winner – 2016
2011 Mukhiya Runner-up – lost by 11 votes
2006 Sarpanch Winner"
Sahabad,Buxar,33. Buxar,202. Rajpur,Itarhi,Itarhi_5,Backward Class (Others),Ummat rasul,"9661245933/
9934667654",Minority,Muslim,50.0,"- BDC from 2011 to 2016. 
- ZP Runner up in 2016 and 2021
- Secretary of his village mosque committee"
Sahabad,Buxar,33. Buxar,202. Rajpur,Itarhi,Itarhi_5,Backward Class (Others),Vikash Chaudhari,9973459877.0,ebc,mallah,40.0,"Vikash Chaudhary | 40 | EBC | Mallah
2021 ZP Election – Secured 5,000 votes
2009 PACS Election – Runner-up
Profession – Business"
Sahabad,Buxar,33. Buxar,202. Rajpur,Itarhi,Itarhi_5,Backward Class (Others),Sambhu paswan,7079878522.0,sc,doosad,,
Sahabad,Buxar,33. Buxar,202. Rajpur,Itarhi,Itarhi_5,Backward Class (Others),Vidyanand Verma,9708025494.0,EBC,Sonar,45.0,"- ⁠Ex-Mukhiya (2016).
- ⁠Mukhiya runner up 2021
- ⁠Former BDC (2011)."
Sahabad,Buxar,33. Buxar,202. Rajpur,Itarhi,Itarhi_5,Backward Class (Others),Md Arman,9523956088.0,obc,Muslim,29.0,"Md. Arman | 29 | OBC | Muslim
Incumbent ZP
Secured 8,479 votes and won by 3,000 votes
Business by profession"
Sahabad,Buxar,33. Buxar,202. Rajpur,Itarhi,Itarhi_5,Backward Class (Others),Ummat rasul,9661245933.0,Minority,Muslim,50.0,"Ummat Rasul| 50| Male| Minority| Muslim

-Z.P Runner Up (2021) ( Got 3228 Votes)
- EX BDC (2016, 2011)
- Former Jila Upadhyaksh in Yuva Rashtriya Janta Dal (2012-2014)"
Sahabad,Buxar,33. Buxar,202. Rajpur,Itarhi,Itarhi_6,SC (Other),Ajit Samrat,7564965327.0,Obc,baniya,28.0,"Ajit Samrat| Male | 28| OBC| Roniyar

- Former  Zila Prabhari & State Commitee Member of Akhil Bhartiya Parivar Party
- Runs an organization named 'Yatha Sambhav Seva Sansthan', which does social work in the region. About 500 people are its members.
- Brothers in Railway & ISRO
- Father retired from Army"
Sahabad,Buxar,33. Buxar,202. Rajpur,Itarhi,Itarhi_6,SC (Other),Jai Shankar Singh,6207193929.0,General,bhumihar,45.0,"""Radhika Devi Wife of Jaishankar singh | Female | 40 | OBC | Yadav

- Incumbent Ward Member 
- BDC  Runner Up in (2006, 2011, 2016) Lost every election with short margin
- Participated in the Tarari by-election campaign, passionately supporting Jansuraj"""
Sahabad,Buxar,33. Buxar,202. Rajpur,Itarhi,Itarhi_6,SC (Other),Sunil kumar,8969411058.0,SC,Paswan,40.0,"Sunil Kumar | 40 | SC | Paswan
2021 ZP Election – 3rd Runner-up
2015 ZP Election – 2nd Runner-up
Profession – Sports Organiser
Strong hold among youth
Politically strong family background"
Sahabad,Buxar,33. Buxar,202. Rajpur,Itarhi,Itarhi_6,SC (Other),Vijaynand Verma,9708025494.0,General,Kayasth,56.0,"Vijaynand Verma | 56 | GEN | Kayasth

- BDC Runner-up – 2021, lost by 7 votes
- Uncle – Former Mukhiya for 20 years
- Former Kary Samiti Sadasya, BJP
- Currently associated with Jan Suraj"
Sahabad,Buxar,33. Buxar,202. Rajpur,Itarhi,Itarhi_6,SC (Other),Manoj Kumar Ojha,9113121688.0,General,Brahmin,58.0,"Manoj Kumar Ojha| 56| Male| Gen| Brahmin

- Zila Mahasacheev INC (2013-2023)
- Itarhi Prakahand Adhyaksh INC (2012-2013)
- Mukhiya Runnerup (2001, 2006, 2011)
- Father Was Mukhiya ( 1977-1990)
- Grand Father Was Mukhiya ( 1954-1977)"
Sahabad,Buxar,33. Buxar,202. Rajpur,Itarhi,Itarhi_6,SC (Other),Diwakar Singh,7368812700.0,General,Rajput,55.0,"Diwakar Rai|Male|49| General| Rajput 

- Incumbent mukhiya sangh prakhand adhyaksh (Itarhi)
- Former Defacto mukhiya (Father 2016)
- Make his own candidate mukhiya on SC seat (Krishna Ram) 2011
- Pradesh Mahasacheev HAM (Kishan Prakostha 2011-15)
- Prepared for MLA Candidature from Dinara Vidhansabha (2015)
- Former Defacto BDC 2006 (Mother)
- Former Defacto Mukhiya 2001 (Brother)"
Sahabad,Buxar,33. Buxar,202. Rajpur,Itarhi,Itarhi_6,SC (Other),Arvind Kumar Pathak,9430951610.0,General,Brahmin,55.0,"Arvind Kumar Pathak| 55| Male| Gen| Brahmin

- Zila Sangathan Sachiv (INC- 2012-2015)
- Former BLO in INC Jila Adhyaksh Election
- Conducted Zila Adhyaksh Election INC
- Former State Core Committe Memeber INC
- Contested Mukhiya Election (2011 Lost)
- Active in PRI Election "
Sahabad,Buxar,33. Buxar,202. Rajpur,Itarhi,Itarhi_6,SC (Other),Vishwamitra Chaubey 'Munna Chaubey',7979939052.0,General,Brahmin,56.0,"Munna Chaubey | 56 | General | Brahmin

- Incumbent Mukhiya, serving since 2021
- Mukhiya election Runner-up in 2016, lost by 52 votes
- PACS election Runner-up in 2015, lost by 2 votes
- Associated with Jan Suraj for the past 3 years
- Jila Adhyaksh, Mukhiya Sangh
- Profession: Farme"
Sahabad,Buxar,33. Buxar,200. Buxar,Buxar,Buxar_7,Unreserved (Mahila),Ansu Devi / Dharmraj Singh,6204715132.0,General,Rajput,51.0,"-ZP Contest 2021 (4142 votes, 4th position)
-ZP Contest 2016
-Former Mukhiya 2011-16"
Sahabad,Buxar,33. Buxar,200. Buxar,Buxar,Buxar_7,Unreserved (Mahila),Dhanji upadhaya,6307650377.0,General,Brahmin,38.0,"Dhanji Pandey | 38 | General | Brahmin

- Associated with Jan Suraj since the Padyatra.
- Contractor by profession."
Sahabad,Buxar,33. Buxar,200. Buxar,Buxar,Buxar_7,Unreserved (Mahila),Ravi Bhushan Paswan,8340449453.0,SC,Dusadh,42.0,"-LJP Prakhand Adshyakh
-Mukhiya Winner from 2016-2021
-BDC Winner From 2011-2016"
Sahabad,Buxar,33. Buxar,200. Buxar,Buxar,Buxar_7,Unreserved (Mahila),Mamata Kumari,8102882230.0,,,,
Sahabad,Buxar,33. Buxar,200. Buxar,Buxar,Buxar_8,Backward Class (Others),Nagendra Prajapati,9199020272.0,Ebc,Prajapati,60.0,"Nagendra Prajapati | Male | 60 | EBC | Prajapati

- Incumbent Mukhiya, lead by 1500 votes.
- Runner-Up Mukhiya (2016).
- Former BDC (2011).
- Ward Member (2006).
- Zila Kosha adhyksha of Prajapati Samaj. JDU Prakhand Adhyaksh. JDU vishusutri member."
Sahabad,Buxar,33. Buxar,200. Buxar,Buxar,Buxar_8,Backward Class (Others),Krishna kumar Shah,7209208436.0,OBC,Vaishya baniya,56.0,"Krishna Kumar Shah|56|Male|OBC|Vaishya Baniya

-ZP contestent 2011
-Mukhiya contestent 2006
- Businessman (wholesale of Clothes)
- Fully onboarded of Jan Suraaj and worked in Bye-Election"
Sahabad,Buxar,33. Buxar,200. Buxar,Buxar,Buxar_8,Backward Class (Others),Banarsi Bihari Tiwari,7488980166.0,General,Brahmin,30.0,"Banarsi Bihari Tiwari | 30 | General | Brahmin

- Incumbent Ward Councillor (2021).
- Ward Mahasangh Prakhand Adhyaksh (2022).
- Jila Adhyaksh (2023).
- Runs a Farmer Producer Organisation (FPO).
- Actively involved in social work and charity, particularly supporting farmers.
- Provides farmer training, including natural/organic farming practices.
- Pursuing LLB.
- Comes from a strong political/social family background and has good local influence."
Sahabad,Buxar,33. Buxar,200. Buxar,Buxar,Buxar_8,Backward Class (Others),Ravi Bhushan Paswan,8340449453.0,Sc,Doosad,40.0,"Ravi Bhusan Paswan | 40 | SC | Doosad

- Former Mukhiya (2016–2021)
- Former BDC (2011–2016)
- Contested Mukhiya election in 2021; Runner-up, lost by a narrow margin
- Former Prakhand Adhyaksh, LJP
- Currently associated with Jan Suraj"
Sahabad,Buxar,33. Buxar,200. Buxar,Buxar,Buxar_8,Backward Class (Others),Jai Prakash Ram,6204530144.0,SC,Chamar,50.0,"- Incumbent De facto Mukhiya.
- 2016 (GEN)& 2021.
- Zila Sachiv - BSP (2012-14)"
Sahabad,Buxar,33. Buxar,200. Buxar,Buxar,Buxar_8,Backward Class (Others),Niranjan Kumar Pathak,9006134877.0,General,Brahmin,43.0,"-Property Dealer
-Actively Participate in MLA Election"
Sahabad,Buxar,33. Buxar,200. Buxar,Buxar,Buxar_8,Backward Class (Others),Arun Kumar Singh,9006573156.0,OBC,Kushwaha,70.0,"-Ex Mukhiya in 2001 later on seat become Harjan
-Later on Join Communist Party,Help to win 2 MLA,s
-Later on Join CONGRESS Party
-Curreently inclined towards Jan Surraj"
Sahabad,Buxar,33. Buxar,200. Buxar,Buxar,Buxar_8,Backward Class (Others),Rajesh Yadav,9693717846.0,OBC,Yadav,40.0,"Rajesh Yadav|Male|52|OBC|Yadav

- Five Times Incumbent Ward Parshad of Buxar Nagar Parishad - 2002 - Present
 - He owns Krinshna Traders & property dealing business.                                                                                                                                       - He is mobiliser of Yadav, EBC & Mallah Community.            "
Sahabad,Buxar,33. Buxar,200. Buxar,Buxar,Buxar_8,Backward Class (Others),Harindra Rai,8210451920.0,General,Bhumihar,55.0,"-Ex Mukhiya 2006
-Incumbent Buxar Pramukh till 2011 "
Sahabad,Buxar,33. Buxar,200. Buxar,Buxar,Buxar_8,Backward Class (Others),"Sanjay Kumar Rai
(Munna Rai)",9546383202.0,General,Bhumihar,45.0,"Sanjay Kumar Rai (Munna Rai) | Male | 45 |Gen | Bhumihar

- Former De facto BDC (2001 & 2006).
- Block Pramukh (2006)."
Sahabad,Buxar,33. Buxar,200. Buxar,Buxar,Buxar_8,Backward Class (Others),Dharmendra Kumar Thakur,7488277724.0,Ebc,Nai,45.0,"Dharmendra Kumar Thakur | 45 | EBC | Nai
Incumbent Zila Parishad | Secured 9,046 votes, won by 2,843 votes
Contested 2015 ZP election – lost by 164 votes
Two-time Mukhiya runner-up (2005, 2010)"
Sahabad,Buxar,33. Buxar,199. Brahampur,Simri,Simri_9,Unreserved (Mahila),Shri Kameshwar Ojha,9968037479.0,General,Brahmin,68.0,"Kameshwar Ojha | Male | 68 | General | Brahmin | Retired Govt Employee

-Retired Additional Registrar, Central Govt 
-Social Worker"
Sahabad,Buxar,33. Buxar,199. Brahampur,Simri,Simri_9,Unreserved (Mahila),Prem Sagar Kuwar,9973091171.0,General,Bhumihar,52.0,-Incumbent Mukhiya 
Sahabad,Buxar,33. Buxar,199. Brahampur,Simri,Simri_10,Unreserved (Other),Ramanuj Upadhyay,7979749596.0,General,Brahmin,54.0,"-Incumbent Defacto Mukhiya (Mother Hiramuni Devi) -2021
-JS Anumandal Upadhyaksh Dumraon 2025
-Prominent Businessman (Surya Fueels Pvt LTD.)
-Director of Coal Brics Industree ( Bengal & Bihar)
-Social worker (working in the Health Sector) "
Sahabad,Buxar,33. Buxar,199. Brahampur,Simri,Simri_10,Unreserved (Other),Bharat Kumar Mishra,9431452406.0,General,Brahmin,51.0,"Bharat Kumar Mishra | 51 | Gen | Brahmin
Incumbent ZP 2011
Contested 2021 ZP election – 2nd runner up Secured 7,500 votes
Farmer by profession"
Sahabad,Buxar,33. Buxar,199. Brahampur,Simri,Simri_10,Unreserved (Other),Kedaar yadav,9631853866.0,Obc,Yadav,60.0,"Kedar Yadav | 60 | OBC | Yadav

- Incumbent Zila Parishad member since 2021
- Former Zila Parishad member – 2001 and 2016
- Contested Assembly elections twice(Brahampur)
- Farmer by profession"
Sahabad,Buxar,33. Buxar,199. Brahampur,Simri,Simri_10,Unreserved (Other),Akshay  Yadav,9939590796 / 9123441789,OBC,Yadav,55.0,"-ZP Chairman 2013-2016
-Former ZP 2011-2016
-ZP Runner Up (2001,2006,2016,2021)"
Sahabad,Buxar,33. Buxar,199. Brahampur,Simri,Simri_10,Unreserved (Other),Kamlesh Bari,9931836318.0,EBC,Bari,49.0,"Kamlesh Bari|Male|59|EBC|Bari -Former Mukhiya 2006-2011 - Former Sarpanch 2011-16 -Sarpanch Runner-up 2016  with ""Manavar Ansari | 30| Muslim| 9122226616 - Zila Parishad Runner-up 2021 - Zila Parishad Runner-up 2016 - Prominent Businessman Of Dumraon Anumandal"""
Sahabad,Buxar,33. Buxar,199. Brahampur,Simri,Simri_11,Unreserved (Other),Kamal Vas Kunwar,7654256242.0,General,Bhumihar,67.0,"
3-time former ZP
Incumbent ZP
Famous Bhojpuri singer by profession
Strong hold in the area"
Sahabad,Buxar,33. Buxar,199. Brahampur,Simri,Simri_11,Unreserved (Other),Prem Prakash Dubey,9031237911.0,General,Brahmin,45.0,"Prem Prakash Dubey (Pinku Dubey) | 45 | Gen | Brahmin
Contest 2021 ZP Election
Social Worker "
Sahabad,Buxar,33. Buxar,199. Brahampur,Simri,Simri_11,Unreserved (Other),Gandhi Singh Yadav,8651968251.0,OBC,Yadav,38.0,"-ZP Runner up 2021 (6322 votes)
-ZP Contest 2016 (~3500 votes, 4th position)
-Presently in RJD (Former Prakhand Adhyaksh)"
Sahabad,Buxar,33. Buxar,199. Brahampur,Simri,Simri_11,Unreserved (Other),Vimla Devi,9304214223.0,obc,yadav,40.0,"Vimla Devi | 40 | EBC | Yadav
Contested 2021 ZP election – Secured 3,600 votes
Social worker by profession"
Sahabad,Buxar,33. Buxar,199. Brahampur,Simri,Simri_11,Unreserved (Other),Sushil Srivastava,7909060977.0,General,Kayasth,55.0,"Sushil Srivastava|Male|55|General|Kayasth

-EX Block Pramukh (2016 to 2018)
-Three term BDC (2006- 11, 2011- 16, 2016- 21)
- Comes from Kayasth Community but got votes from all community.
-2021 election lost by only 49 votes"
Sahabad,Buxar,33. Buxar,199. Brahampur,Chakki,Chakki_12,Unreserved (Other),Ananth Narayan Tiwari,9304245649.0,General,Brahmin,64.0,"-ZP contest 2021 (988 votes, 9th position)
-Advocate by profession (Practice in Dumraon)
-LLB, MA
-Aligned with JS (Former Mukhya Pravakta)"
Sahabad,Buxar,33. Buxar,199. Brahampur,Chakki,Chakki_12,Unreserved (Other),Dharmendra Pandey,9939871916.0,General,Brahmin,54.0,"Dharmendra Pandey| Male| 54| Gen| Brahmin
 
- Former Zila Upadhayaksh of BJP (2016 - 24)
- Former Mandal President of BJP
- Former District GS of BJYM"
Sahabad,Buxar,33. Buxar,199. Brahampur,Brahmpur,Brahmpur_13,Unreserved (Mahila),Bebi Devi / Ashok Yadav,9006491091.0,OBC,Yadav,40.0,"Baban Yadav | 40 | OBC | Yadav
Incumbent ZP
Contested 2016 ZP election, lost by 700 votes
Social worker by profession"
Sahabad,Buxar,33. Buxar,199. Brahampur,Brahmpur,Brahmpur_13,Unreserved (Mahila),Raghubar Singh,9831068166.0,General,Rajput,62.0,"""Raghubar Singh | Male | 61 | General | Rajput | Retired SBI Employee

-Retired SBI General Manager in 2024 from Kolkata
-Up Maha Sachiv of SBI Staff Association (2017-2024)
-Mukhya Koshadhyaksh of SBI 2018 to 2024"""
Sahabad,Buxar,33. Buxar,199. Brahampur,Brahmpur,Brahmpur_13,Unreserved (Mahila),Sashi Bhusan Singh,9934228791.0,General,Rajput,55.0,"Sashi Bhusan Singh | 55 | Gen | Rajput
Former Mukhiya (2016)
Nagar Panchayat Chairman (2022)
Family background politically strong
Uncle – Markand Singh, Former ZP
Brother – Chandra Bhusan Singh, Former Nagar Panchayat Deputy Chairman"
Sahabad,Buxar,33. Buxar,199. Brahampur,Brahmpur,Brahmpur_13,Unreserved (Mahila),Anil Kumar,8271672896.0,Sc,Doosad,50.0,"""Anil Kumar | Male | 40 | SC | Dusadh

 - Incumbent two times Mukhiya ( in general Seat ) - 2016 and 2021
-Former Member of BSP District working Committee - 2018 - 2020
"""
Sahabad,Buxar,33. Buxar,199. Brahampur,Brahmpur,Brahmpur_14,Backward Class (Mahila),Manju Devi,6201500517.0,OBC,Chandravanshi,50.0,"Manju Devi | Female | 50 | EBC | Chandra Vanshi
Jivika Member
2021 ZP Election Contestant | Got 5,000 Votes"
Sahabad,Buxar,33. Buxar,199. Brahampur,Brahmpur,Brahmpur_14,Backward Class (Mahila),Raushan kumar,916200875619.0,General,Rajput ,24.0,"- Politically & Socially Active 
- Rasitya Yuva Chhaatra Shakti Sangh Sangathan: Since 20215 to 6 thousand member 
- Incumbent Adhyaksh & Chhatra Neta 
- Anchor Bhojpuri and Hindi 
- M.A Geography VKSU "
Sahabad,Buxar,33. Buxar,199. Brahampur,Brahmpur,Brahmpur_14,Backward Class (Mahila),Ravi ranjan singh,9939591174.0,Obc,Yadav,40.0,"Ravi Ranjan Singh | 40 | OBC | Yadav

- Former Sarpanch – 2 terms (2006, 2011)
- Associated with Jan Suraj since 2021
- Singer by profession"
Sahabad,Buxar,33. Buxar,199. Brahampur,Brahmpur,Brahmpur_14,Backward Class (Mahila),Mohan Prasad,9576131340.0,Sc,Doosad,50.0,"""Mohan Prasad | Male | 48 | SC | Dusadh

- Former 2 term Zila Parishad  2006  2011
- RJD Zila Sachiv 2005-2016
- Member in LJP  2016-2023
- Runner up in Mukhiya 2021"""
Sahabad,Buxar,33. Buxar,199. Brahampur,Brahmpur,Brahmpur_14,Backward Class (Mahila),Sushil Srivastav,7909060977.0,General,Kasyath,52.0,"Sushil Srivastava|Male|55|General|Kayasth

-EX Block Pramukh (2016 to 2018)
-Three term BDC (2006- 11, 2011- 16, 2016- 21)
- Comes from Kayasth Community but got votes from all community.
-2021 election lost by only 49 votes"
Sahabad,Buxar,33. Buxar,201. Dumraon,Chougain,Chougain_15,Unreserved (Other),Amresh Ram,9430694806.0,Sc,Chamar,49.0,"Amresh Ram | 49 | SC | Chamar
Contest Mukhiya Election – 2006 (3rd Position)
Former Ward Parshad – 2 Times
Event Planner by Profession
Strong Hold in the Block"
Sahabad,Buxar,33. Buxar,201. Dumraon,Dumraon,Dumraon_16,Backward Class (Mahila),Sohan Gupta,9934453836.0,Ebc,Teli,35.0,"Sohan Gupta |Husband of Sushma gupta | Male | 35 | EBC | Teli
ZP Runner-up 2021 (4,131 votes) | Lost by 600 votes"
Sahabad,Buxar,33. Buxar,201. Dumraon,Dumraon,Dumraon_16,Backward Class (Mahila),Bimla Devi,7870328714.0,EBC,Badhai,40.0,"Bimla Devi | 35 | EBC | Badhai
2021 ZP Runner-up | 2015 ZP Contestant
Husband: Zila Adhyaksh, Badhai Samaj"
Sahabad,Buxar,33. Buxar,201. Dumraon,Dumraon,Dumraon_16,Backward Class (Mahila),सुषमा गुप्ता,9934453836.0,,,,Zp 2021 Election 4152 Vote
Sahabad,Buxar,33. Buxar,201. Dumraon,Dumraon,Dumraon_16,Backward Class (Mahila),Deepak Kumar Yadav,6299268033.0,Obc,Yadav,33.0,"Deepak Kumar Yadav | 33 | OBC | Yadav

- Younger brother of the incumbent Block Pramukh
- Father served as Block Pramukh for 10 years
- Father and grandfather served multiple terms as Mukhiya
- Father is former Pradesh Mahasachiv, RJD
- Currently associated with Jan Suraj
- Runs a CBSE-affiliated 10+2 school with around 1,300 students
- Involved in mining and transportation businesses"
Sahabad,Buxar,33. Buxar,201. Dumraon,Dumraon,Dumraon_17,SC (Other),Dhananjay Paswan,9334451988.0,SC,Paswan,42.0,"-Incumbent Defacto Block Pramukh: 2016- Onwards
-Former LJP(R), SC/ST Cell Pradesh Upadhyaksh, 2024 -25
-Former LJP(R), SC/ST Cell Pradesh Mahasachiv, 2023-24
-Former HAM Member, 2015-20
-Owns a Rice Mill Plant"
Sahabad,Buxar,33. Buxar,201. Dumraon,Dumraon,Dumraon_17,SC (Other),Munna Prasad,8787041583.0,Ebc,Tatwa,48.0,"""Munna Prasad | Male | 48 | EBC | Tatva

- Incumbent Zila Parishad 2021 and won with 8000 votes margin 
- ZP Runner-up 2016 and got 4000 votes
- Mukhiya Contestant and lost by 30 votes. 
"
Sahabad,Buxar,33. Buxar,201. Dumraon,Dumraon,Dumraon_17,SC (Other),ददन प्रसाद आजाद,6201043950.0,,,,Contest zp election 2021 secured 3200 votes
Sahabad,Buxar,33. Buxar,201. Dumraon,Nawanagar,Nawanagar_18,Unreserved (Other),Dr. Santosh Kumar Gupta,9507875733.0,Ebc,Halwai,32.0,"""Dr. Santosh Kumar Gupta | Male | 32 |EBC| Halwai

- His sister-in-law was Mukhiya (Sandhya Gupta) from Atimi 2016-2021
- Work with Dr. SK Patel for BJP in Varanasi
- Former BJP Supporter
- He runs a Clinic."""
Sahabad,Buxar,33. Buxar,201. Dumraon,Nawanagar,Nawanagar_18,Unreserved (Other),Ramji Tiwari,9939217267.0,General,Brahamin,52.0,"Ramji Tiwari | Male | 52 | General | Brahmin

- 2 terms Mukhiya 2001, 2016 
- ZP Member 2006
- ZP Runner-up 2011
- Mukhiya Runner-up 2021"
Sahabad,Buxar,33. Buxar,201. Dumraon,Nawanagar,Nawanagar_18,Unreserved (Other),Md.Salim,8873208445.0,OBC,Minority,40.0,"-Congress Prakhand Adshyakh
-Contest 2016 BDCElection
-Loss 2021 BDC Election by 100 Votes
-Currently Working with Prakhand Pramukh"
Sahabad,Buxar,33. Buxar,201. Dumraon,Nawanagar,Nawanagar_18,Unreserved (Other),Kushum Devi,7870870035.0,Obc,Yadav,40.0,"Kusum Devi (Wife of Munna Yadav) | 40 | OBC | Yadav
2001 Zila Parishad Upadhyaksh
2016 former ZP
incumbent ZP
Social Worker"
Sahabad,Buxar,33. Buxar,201. Dumraon,Kesath,Kesath_19,Unreserved (Other),Dhannajay Kumar Aarya,9102788811.0,EBC,Chandravanshi,50.0,"Dhananjay Kumar Arya | 50 | EBC | Chandrawanshi
2021 ZP Election Runner-up
2016 ZP Incumbent
Ex-Panchayat Samiti Member
Businessman (Gas Agency) by profession"
Sahabad,Buxar,33. Buxar,201. Dumraon,Kesath,Kesath_19,Unreserved (Other),Ramesh Prasad,8872697438.0,EBC,Bari,44.0,"Ramesh Prasad | Male | 55 | OBC | Bari

- Owner Of Pankaj Tailor Shop (e.g  Like Manyavar)
- He Has several Branches Of His Shop In Different Cities Of India ( Haryana, punjab, Chandigarh,Balia & Buxar)
- He Is renowned Businessman of Buxar district"
Sahabad,Buxar,33. Buxar,201. Dumraon,Nawanagar,Nawanagar_20,Unreserved (Other),Ramakant Sinh,9939599402.0,General,Rajput,48.0,"Ramakant Singh | 48 | Gen | Rajput
2021 ZP 2nd Runner-up | 2016 ZP Contest"
Sahabad,Buxar,33. Buxar,201. Dumraon,Nawanagar,Nawanagar_20,Unreserved (Other),Saroj Kumar Choubey ,9622105439.0,General,Brahmin,53.0,"Saroj Kumar Choubey | Male | 53 | General | Brahmin | Retired Army

-Retired Subedaar Indian Army
-Farmer
"
Sahabad,Buxar,33. Buxar,201. Dumraon,Nawanagar,Nawanagar_20,Unreserved (Other),Baljit Kumar Patel,9661423811.0,Ebc,Kurmi,45.0,
