District,PC,AC,Block,Panchayat,ZP Seat Number,Incumbent ZP Name,In Final Candidates List,Incumbent ZP Number,Current Seat Reservation,Probable Seat Reservation,Calling Status,JS Status ,Current Party Association ,PK Meeting Status,Want contest with JSP,Onboarding Status ,Meeting Date,Remarks,,,,
Banka,27. Banka,159. Amarpur,Shambhuganj,"Baidpur, Bharatshila, Birnaudha, Chatrahar, Gulni, Kurma, Pakouri, Parmanandpur, Ramchua",Shambhuganj_1,प्रतीम कुमार साह,,8757534702.0,Backward Class (Others),,Not Received ,,,,,,,,,,,
Banka,27. Banka,159. Amarpur,Shambhuganj,"Barsabad, Chutiya Belari, Jhakara, Kamatpur, Karsop, Kaswa, Maldih, Mirjapur, Pakariya, Parariya",Shambhuganj_2,काजल भारती,,9771554997.0,SC (Other),,Not Reachable,,,,,,,,,,,
Banka,27. Banka,159. Amarpur,Amarpur,"Baijudih, Bhadariya, Kushmaha, Lakshmipur Chiraiya, Pawai, Sultanpur, Tardih",Amarpur_3,कल्पना कुमारी,,7992310858.0,Unreserved (Mahila),,Not Received ,,,,,,,,,,,
Banka,27. Banka,159. Amarpur,Amarpur,"Bhikhanpur, Garibpur, Gorgama, Kolbujurg, Mahadeopur, Salempur",Amarpur_4,पूजा कुमारी,,6202328689.0,Unreserved (Mahila),,Busy,,,,,,,,,,,
Banka,27. Banka,159. Amarpur,Amarpur,"Ballikitta, Bharko, Bisanpur, Fatehpur, Ratanpur Makduma, Sobhanpur",Amarpur_5,सुजाता वैद्य,,9934227760.0,Unreserved (Mahila),,Call Connected,Already in JS,JSP,Ready to Meet,YES,YES,,,,,,
Banka,27. Banka,160. Dhoraiya,Rajaun,"Dhayaharna Mahgama, Harchandi Amhara, Majhgain Darpa, Rajabar, Sanjha Shyampur, Singhnan",Rajaun_6,विभा देवी,,9631031348.0,Unreserved (Mahila),,Not Received ,,,,,,,,,,,
Banka,27. Banka,160. Dhoraiya,Rajaun,"Bhawanipur-Kathoun, Khaira, Nawada Kharouni, Rajaun, Sakahara, Tilakpur",Rajaun_7,सुमन पासवान,,9931263739.0,SC (Other),,Call Connected,Already in JS,JSP,Ready to Meet,YES,YES,,,,,,
Banka,27. Banka,160. Dhoraiya,Rajaun,"Chilkawar Asouta, Dhouni-Bamdeo, Kathchatar Lilatari, Morama Bangaon, Orhara, Parghari-Lakra",Rajaun_8,मुकेश कुमार सिंह,,9931599550.0,Unreserved (Other),,Call Connected,Not interested to Join JSP ,,,,,,Baljeet Singh ne inse bola hai JSP Join karne ke liye but ye abhi decide nhi kye hai,,,,
Banka,27. Banka,160. Dhoraiya,Dhuraiya,"Batsar, Karhariya, Kathbangaon Birbalpur, Mahila Bisanpur, Makaita Babura, Tahirpur Goura",Dhuraiya_9,मो० रफीक आलम,,9431205275.0,Unreserved (Other),,Not Received ,,,,,,,,,,,
Banka,27. Banka,160. Dhoraiya,Dhuraiya,"Chandadih, Jaipur, Kharoundha Jhotha, Logain, Sainchak, Sijhat Baliyas",Dhuraiya_10,बलजीत सिंह,,9431876010.0,Unreserved (Other),,Call Connected,Already in JS,JSP,Ready to Meet,YES,YES,,,,,,
Banka,27. Banka,160. Dhoraiya,Dhuraiya,"Ahiro, Bhelai, Chalna, Gachiya Basbitta, Ghasiya, Kurma, Pair, Rangaon",Dhuraiya_11,सोनी सिंह,,8789967352.0,Unreserved (Mahila),,Not in Use,,,,,,,,,,,
Banka,27. Banka,161. Banka,Barahat,"Bhabhangama, Ghodghawar, Kharhara, Kharihara, Mirjapur, Narayanpur, Sondiha North, Sondiha South",Barahat_12,सिम्पल देवी,,9771454333.0,Unreserved (Other),,Call Connected,Not interested to Join JSP ,jdu,,,,,,,,,
Banka,27. Banka,161. Banka,Barahat,"Auria, Bhurna, Lodiya Khurd, Mahua, Panjwara, Pathara, Sabalpur",Barahat_13,नीलम देवी,,9931121500.0,Unreserved (Other),,,,,,,,,,,,,
Banka,27. Banka,161. Banka,Banka,"Bahera, Dudhari, Kajhiya, Karma, Lakhnaudi, Raniya Jogdiha, Samukhiya, Teliya",Banka_14,मोना देवी,,7250664656.0,Unreserved (Mahila),,,,,,,,,,,,,
Banka,27. Banka,161. Banka,Banka,"Chhatrapal, Dara, Domuhan, Jamua, Kakwara, Lakrikola, Lodham, South Kateli",Banka_15,मनोज सिंह,,9006488793.0,Backward Class (Others),,Call Connected,Dicey ,Neutral,Ready to Meet,Dicey,Dicey,,,,,,
Banka,27. Banka,163. Belhar,Fullidumar,"Kaitha, Kenduar, Pathdda, Sadpur, Teliya Pahar, Uttari Kojhi",Fullidumar_16,विश्वजीत दिपांकर,,9934441522.0,Unreserved (Other),,,,,,,,,,,,,
Banka,27. Banka,163. Belhar,Fullidumar,"Bhitiya, Dakshini Kojhi, Fullidumar, Kheshar, Rata",Fullidumar_17,राजेन्द्र यादव 3,,9939312381.0,Unreserved (Other),,,,,,,,,,,,,
Banka,27. Banka,163. Belhar,Belhar,"Basmata, Belhar, Dumariya, Hathiya Dara, Jhukiliya, Loudiya, Srinagar, Taraiya, Teliya Kumri",Belhar_18,सुनील कुमार सिंह,,9931097452.0,Backward Class (Others),,Busy,,,,,,,,,,,
Banka,27. Banka,163. Belhar,Belhar,"Bahorna, Dhouri, Ghorbahiyar, Nimiya, Raghunathpur, Rajpur, Ranga, Sahebganj, Surykana- Beldiha",Belhar_19,प्रिति सिंह,,7488921681.0,Unreserved (Other),,,,,,,,,,,,,
Banka,27. Banka,163. Belhar,Chandan,"Asuraha, Berfera Tetariya, Boda Suiya, Dhanubsar, Kaswabaliya (North), Kaswabaliya (South), Katsakara (East), Katsakara (West)",Chandan_20,अंजु कुमारी,,8877168927.0,Unreserved (Mahila),,,,,,,,,,,,,
Banka,27. Banka,163. Belhar,Chandan,"Birniya, Chandan, Chandawari, Gouripur, Koriya, Kusumjori, Siljori, Warney (North), Warney (South)",Chandan_21,शारदा देवी,,9939487917.0,SC (Mahila),,,,,,,,,,,,,
Banka,27. Banka,162. Katoria,Katoria,"Badwasni, Bhorsar Bhelwa, Dewasi, Ghoramara, Hardhar, Kathoun",Katoria_22,अंजना देवी,,8541011722.0,Backward Class (Mahila),,,,,,,,,,,,,
Banka,27. Banka,162. Katoria,Katoria,"Basmatta, Damodara, Jaipur, Jamdaha, Katiyari, Kolhasar, Lakrama, Maniya",Katoria_23,गायत्री देवी,,9430113109.0,Backward Class (Mahila),,,,,,,,,,,,,
Banka,27. Banka,162. Katoria,Bausi,"Angaru Jabda, Babhangama, Dahua, Kairi, Kudro",Bausi_24,दृष्टि कुमारी,,7827184760.0,Unreserved (Mahila),,,,,,,,,,,,,
Banka,27. Banka,162. Katoria,Bausi,"Ashnaha, Chilkara, Faga, Gokula, Sanga, Sanpdahar, Sarua, Sikandarpur",Bausi_25,अमर कुमार हेम्ब्रम,,8252419281.0,ST (Other),,Not Reachable,,,,,,,,,,,
Banka,27. Banka,162. Katoria,Bausi,Daliya,Bausi_Nagar Panchayat,,,,,,,,,,,,,,,,,
Jamui,40. Jamui (SC),241. Jamui,Barhat,"BARHAT, BADI, LAKHAI, MALLEHPUR, KATAUNA, NOOMAR, DAHA, GUGULDIH, BARIYARPUR",Barhat_1,कुमारी गुड़िया,,8340445018.0,SC (Mahila),,Call Connected,Already in JS,JSP,Ready to Meet,YES,YES,,,,,,
Jamui,40. Jamui (SC),242. Jhajha,Laxmipur,"MATIA, GOURA, CHINBENA, MARAIYA, NAZARI, ANANDPUR, HARLA, KALA, PIDRON, MOHANPUR, KAKANCHOR, DIGHI, KHILAR",Laxmipur_2,देवी लक्ष्मी,,9931998637.0,SC (Mahila),,Busy,,,,,,,,,,,
Jamui,40. Jamui (SC),242. Jhajha,Gidhor,"MOURA, GANGRA, PATSANDA, SEVA, RATANPUR, KUNDHUR, PURWI GUGULDIH, KOLHUA",Gidhor_3,देवी अनिता,,9798607507.0,Unreserved (Mahila),,Call Connected,Want To Join JSP ,Neutral,Ready to Meet,YES,YES,,,,,,
Jamui,40. Jamui (SC),241. Jamui,Jamui,"MAJHWE, KAKAN, LAKHANPUR, KUNDRI SONKURHA, DAULATPUR",Jamui_4,साह अनिल प्रसाद,,9234317804.0,Unreserved (Other),,Call Connected,Already in JS,JSP,Ready to Meet,YES,YES,,,,,,
Jamui,40. Jamui (SC),241. Jamui,Jamui,"ARSAR, CHORDIHA, AGAHARA, AMRATH, INDPE, GARSANDA, THEGUA",Jamui_5,देवी रीता,,7739645310.0,Backward Class (Others),,Call Connected,Want To Join JSP ,jdu,Ready to Meet,YES,YES,,,,,,
Jamui,40. Jamui (SC),240. Sikandra,Sikandra,"Manjosh, Sijhauri, Khardih, Mahadev Simaria, Marcha Pathchak, Itasagar, Bichave",Sikandra_6,देवी दुलारी,,8809115065.0,Unreserved (Other),,Not Received ,,,,,,,,,,,
Jamui,40. Jamui (SC),240. Sikandra,Sikandra,"POHE, SAVALBIGHA DHULO, GOKHLA, KODASI, LACHHAWAR",Sikandra_7,पासवान सुनील,,8825254031.0,SC (Other),,Call Connected,Dicey ,Neutral,Ready to Meet,Dicey,Dicey,,,,,,
Jamui,40. Jamui (SC),240. Sikandra,Islamnagar Aliganj,"ALIGANJ, ISLAMNAGAR, KODWARIYA, KAIYAR, DARKHA, PURSANDA, MIRJAGANJ",Islamnagar Aliganj_8,तरुण जयमंती,,7479780621.0,Unreserved (Mahila),,Call Connected,Not interested to Join JSP ,,,,,,,,,,
Jamui,40. Jamui (SC),240. Sikandra,Islamnagar Aliganj,"KAITHA, AADA, DIN NAGAR, KOLHANA, ABGILA CHAURASA, SOHORA",Islamnagar Aliganj_9,देवी चम्पा,,9102855464.0,Unreserved (Other),,Not Received ,,,,,,,,,,,
Jamui,40. Jamui (SC),240. Sikandra,Khaira,"AMARI, GOPALPUR, KHAIRA, REPURA, BANPUR, DABIL",Khaira_10,मीरा देवी गुप्ता,,9430041802.0,Unreserved (Mahila),,Call Connected,Want To Join JSP ,JSP,Ready to Meet,YES,YES,,,,,,
Jamui,40. Jamui (SC),240. Sikandra,Khaira,"Bela, Chauwan, Jhundo, Jitjhingoi, Kagesar, Kendih, Karaich, Mangobandar",Khaira_11,Renu devi,,8757036882.0,Unreserved (Mahila),,,,,,,,,,,,,
Jamui,40. Jamui (SC),240. Sikandra,Khaira,"BISANPUR, GARHI, ARNAWABANK, HARKHAR, HARNI, GOLI, BHIMAIN, NIM NAWADA",Khaira_12,पुष्पा देवी,,9955505531.0,Backward Class (Mahila),,Call Connected,Dicey ,RJD,Ready to Meet,YES,Dicey,,,,,,
Jamui,40. Jamui (SC),242. Jhajha,Jhajha,"BALIYADIH, RAJLA, CHAI, BARAKULA, KHURENDA, KANAUDI, TELVA",Jhajha_13,विभा सिंह,,9113461747.0,Unreserved (Other),,Call Connected,Want To Join JSP ,JSP,Ready to Meet,YES,YES,,,,,,
Jamui,40. Jamui (SC),242. Jhajha,Jhajha,"BORWA, PAIRGAHA, KARMA, KARHARA, BARAJOR, BAIJLA",Jhajha_14,धर्मदेव यादव,,9955041799.0,Unreserved (Other),,Call Connected,Dicey ,Neutral,Ready to Meet,YES,,,,,,,
Jamui,40. Jamui (SC),243. Chakai,Sono,"SAREBAD, CHHUCHHNARIYA, LALILEWAR, THAMHAN, MAHESHWARI, RAJAUN, BABUDIH, CHURHEP",Sono_16,खातुन जुबेदा,,9973392108.0,Backward Class (Mahila),,Not Received ,,,,,,,,,,,
Jamui,40. Jamui (SC),243. Chakai,Sono,"SONO, BALTHAR, LOHA, KESHOFARKA, NAIYADIH, LAKHANKIYARI, PAIRAMATIHANA, DHODHARI, BELAMBA, DAHIYARI",Sono_17,देवी अनिता,,9900712794.0,Unreserved (Mahila),,Call Connected,Not interested to Join JSP ,,,,,,,,,,
Jamui,40. Jamui (SC),243. Chakai,Chakai,"PARACHI, OJHA, CHAKAI, RAMCHANDRA DIH, BAUNGI, BARMORIYA, BAMDA, THADI, CHAUPHLA",Chakai_18,सालोमी मुर्मू,,9508784883.0,ST (Other),,Call Connected,Want To Join JSP ,Neutral,Ready to Meet,YES,YES,,,,,,
Jamui,40. Jamui (SC),243. Chakai,Chakai,"Ghutbey, Madhopur, Chandramandi, Kiyajori, Nawadih, Kalyanpur, Ramsingh Dih, Thadwa",Chakai_19,राकेश कुमार,,7992345894.0,SC (Other),,Call Connected,Dicey ,Neutral,Ready to Meet,YES,Dicey,,,,,,
Jamui,40. Jamui (SC),243. Chakai,Chakai,"Gajhi, Dullampur, Nawadhi Sirfari, Petar Pahari, Fariyatadig, Saron",Chakai_20,गोविंद चौधरी,,8969478332.0,Unreserved (Other),,Call Connected,Not interested to Join JSP ,,,,,,,,,,
Bhagalpur,26. Bhagalpur,156. Bhagalpur,Jagdishpur,"Baijani, Emampur, Jamni, Khiribandh, Sanhauli, Shahjangi",Jagdishpur_16,शिव कुमार,,8084521119.0,Backward Class (Others),,Not Received ,,,,,,,,,,,
Bhagalpur,26. Bhagalpur,156. Bhagalpur,Jagdishpur,"Baluwa Chak Puraini, Bhawanipur Desari, Chandpur, Jagadishpur, Puraini North, Puraini South, Puraini Tola Sonu Chak, Saino",Jagdishpur_17,मो0 हाशिम दिलकश,,9097954050.0,Backward Class (Others),,Not Received ,,,,,,,,,,,
Naugachhiya,26. Bhagalpur,152. Bihpur,Bihpur,"Babhangama, Bihpur East, Bihpur Jamalpur, Bihpur Middle, Bihpur South, Lattipur North, Lattipur South",Bihpur_2,मोईन राईन,,9955203101.0,Unreserved (Other),,,,,,,,,,,,,
Bhagalpur,26. Bhagalpur,152. Bihpur,Bihpur,"Dhrampur Ratti, Hario, Jhandapur East, Jhandapur West, Marwa East, Marwa West",Bihpur_1,रेणु चौधरी,,6203848362.0,Unreserved (Mahila),,Not Received ,,,,,,,,,,,
Bhagalpur,26. Bhagalpur,152. Bihpur,Kahalgaon,"Antichak, Nandlal Pur, Oriup, Sadanandpur Baisa, Salempur Saini, Shyam Pur, Sinya",Kahalgaon_22,रिंकू सिन्हा,,6205278790.0,Unreserved (Mahila),,Not Received ,,,,,,,,,,,
Bhagalpur,26. Bhagalpur,152. Bihpur,Kahalgaon,"Birbanna, Ekdara, Kishundaspur, Mathura Pur, Mohanpur Goghatta, Ram Pur, Ramjani Pur",Kahalgaon_23,जनार्दन प्रसाद आजाद,,8084207519.0,Unreserved (Other),,Call Connected,Only Want to Meet to PK ,RJD,Ready to Meet,Dicey,Dicey,,"he wants to meet Prashant, he has been in RJD from very beginning, when asked if he wants to continue with RJD in future, the answer was very skeptical, maybe he can leave RJD and join us.",,,,
Bhagalpur,26. Bhagalpur,152. Bihpur,Kahalgaon,"Bholsar, Ekchari, Ghogha, Jani Dih, Kodwar, Pakki Sarai, Prasastdih",Kahalgaon_24,प्रेमलता देवी,,7461961905.0,Backward Class (Mahila),,Not Received ,,,,,,,,,,,
Bhagalpur,26. Bhagalpur,152. Bihpur,Kahalgaon,"Bansi Pur, Dhanora, Kairiya, Kurma, Lagama, Mahesa Munda, Ogari",Kahalgaon_25,सोनी कुमारी,,9709935116.0,SC (Mahila),,Call Connected,Not interested to Join JSP ,jdu,,,,,,,,,
Naugachhiya,26. Bhagalpur,152. Bihpur,Kharik,"Akidatpur, Dhrubganj, Khairpur, Kharik Bazar, Raghopur, Telghi, Usmanpur",Kharik_5,पियुष कुमारी,,9534538031.0,Unreserved (Mahila),,,,,,,,,,,,,
Bhagalpur,26. Bhagalpur,152. Bihpur,Kharik,"Bhawanpura, Chorhar, Dhoriya Dadpur, Got-Kharik, Lokmanpur, Tulsipur",Kharik_4,गौरव कु राय,,7004269353.0,Unreserved (Other),,Call Connected,Dicey ,Neutral,Ready to Meet,NO,NO,,he is an admirer of Prashant but he can't fight the election under our banner.,,,,
Naugachhiya,26. Bhagalpur,152. Bihpur,Narayanpur,"Baikatpur Dudhaila, Bhawanipur, Jaipurchuhar West, Jaypurchuhar East, Nagarpara East, Nagarpara North, Nagarpara South, Raipur, Shahzadpur, Sihpur East, Sihpur West",Narayanpur_3,उषा देवी,,9534491419.0,Unreserved (Mahila),,,,,,,,,,,,,
Naugachhiya,26. Bhagalpur,153. Gopalpur,Gopalpur,"Abhia Pachagachia, Babu Tola Kamlakund, Dumaria Chaperghat, Gopalpur Dimaha, Gosai Gaown, Makandpur, Saidpur, Sukatia Bazar, Tintanga Karari",Gopalpur_8,कुमारी गुड़िया,,7294819694.0,Unreserved (Mahila),,,,,,,,,,,,,
Naugachhiya,26. Bhagalpur,153. Gopalpur,Ismailpur,"Ismailpur Paschimi Bhitha, Ismailpur Purabi Bhitha, Kamla Kund, Narayanpur Laxmipur, Parbatta",Ismailpur_7,विपीन कुमार मंडल,,9534663590.0,Unreserved (Other),,,,,,,,,,,,,
Naugachhiya,26. Bhagalpur,153. Gopalpur,Naugachhia,"Dholbazza, Jagatpur, Jamunia, Kadawa Diyara, Kahairpur Kadawa, Khagara, Nagrah, Pakra, Punama Pratap Nagar, Tetari",Naugachhia_6,नन्दनी सरकार,,9934322509.0,Unreserved (Mahila),,,,,,,,,,,,,
Naugachhiya,26. Bhagalpur,153. Gopalpur,Rangrachowk,"Baisi Jahangirpur, Bania Baisi, Bhawanipur, Koshkipur Sahaura, Madrauni, Murli, Rangra, Sadhua Chapar, Tintanga Diyara North, Tintanga Diyara South",Rangrachowk_9,शबाना आजमी,,9973520105.0,Backward Class (Mahila),,,,,,,,,,,,,
Bhagalpur,26. Bhagalpur,155. Kahalgaon,Goradih,"Agarpur, Agarpur Machhipur, Bishanpur Jichho, Khutaha, Pithna, Sarath Daharpur, Ushtu",Goradih_20,कहकशा,,8084605267.0,Unreserved (Mahila),,,,,,,,,,,,,
Bhagalpur,26. Bhagalpur,155. Kahalgaon,Goradih,"Goradih, Kasimpur, Mohanpur, Murhan Jamin, Nadiyama, Salpur, Sonudih Satjori, Tarchha Damuchak",Goradih_21,दिव्या सिंह,,9234939633.0,Unreserved (Mahila),,,,,,,,,,,,,
Bhagalpur,26. Bhagalpur,155. Kahalgaon,Sonhaula,"Amdanda, Arar, Bari Naki, Boda Pathakdih, Dhuabai, Madarganj, Sanokhar, Silhan Khajuria, Telaundha",Sonhaula_31,रामानंद कुमार,,7549365614.0,SC (Other),,,,,,,,,,,,,
Bhagalpur,26. Bhagalpur,155. Kahalgaon,Sonhaula,"Amdiha, Bhuria Mahiyama, Fajilpur Sakrama, Kamalpur Srichak, Madhopur Bathani, Maheshpur Ghanshyamchak, Pothia, Sanhaula, Tarar",Sonhaula_30,नाजनी नाज,,9931934786.0,Unreserved (Mahila),,,,,,,,,,,,,
Bhagalpur,26. Bhagalpur,158. Nathnagar,Nathnagar,"Belkhoria, Bisanram Pur, Goura Choki, Kajraily, Nisf Ambe, Noorpur",Nathnagar_15,मिथुन कुमार,,9142537444.0,Unreserved (Other),,,,,,,,,,,,,
Bhagalpur,26. Bhagalpur,158. Nathnagar,Nathnagar,"Bhatoria, Bhuwalpur, Gosaidaspur, Raghopur, Rampur Khurd, Rannuchak Makandpur, Rattipur Bariya, Shankarpur",Nathnagar_14,धनंजय कुमार,,9097926476.0,Unreserved (Other),,,,,,,,,,,,,
Bhagalpur,26. Bhagalpur,158. Nathnagar,Sabour,"Baijalpur, Chandheri, Khankita, Lailakh, Lodipur, Parghari, Sardho",Sabour_19,मोहम्मद आफ़ताब आलम,,8434088551.0,Unreserved (Other),,,,,,,,,,,,,
Bhagalpur,26. Bhagalpur,158. Nathnagar,Sabour,"Barari, Farka, Fatehpur, Mamalkha, Rajandipur, Shankarpur",Sabour_18,जय प्रकाश मंडल,,9431875772.0,Unreserved (Other),,,,,,,,,,,,,
Bhagalpur,26. Bhagalpur,154. Pirpainti,Pirpainti,"Babupur, Bakharpur East, Bakharpur West, Gobindpur, Manik Pur, Mohanpur, Parshurampur, Pirpainti",Pirpainti_29,प्रणव कुमार,,9931744107.0,Unreserved (Other),,,,,,,,,,,,,
Bhagalpur,26. Bhagalpur,154. Pirpainti,Pirpainti,"Bandhu Jairam, Ekchari Diyara, Khavaspur, Mohan Pur Madhu Ban, Rani Diara, Shrimatpur Hujurnagar, Shrimatpur Gopalichak",Pirpainti_26,विक्की रानी,,6200398082.0,ST (Other),,,,,,,,,,,,,
Bhagalpur,26. Bhagalpur,154. Pirpainti,Pirpainti,"Bara, Hardeo Chak, Payala Pur, Rajgaon, Rajgaon Araji, Rifatpur, Rifatpur Simanpur, Roushanpur",Pirpainti_28,मो परवेज आलम,,9931197311.0,Unreserved (Other),,,,,,,,,,,,,
Bhagalpur,26. Bhagalpur,154. Pirpainti,Pirpainti,"Harin Kol, Kirtania, Olapur, Parasbanna, Salempur",Pirpainti_27,कैलाश यादव,,9934852834.0,Unreserved (Other),,,,,,,,,,,,,
Jamui,40. Jamui (SC),242. Jhajha,Jhajha,"Chhapa, Dhamna, Hathia, Jamu Kharaiya, Kanan, Keshopur, Mahapur",Jhajha_15,दीपिका कुमारी,,8252505050.0,Backward Class (Others),,Not Received ,,,,,,,,,,,
Bhagalpur,27. Banka,157. Sultanganj,Shahkund,"Amba, Dariyapur, Daspur, Govrain, Hajipur, Harnath, Khaira, Khulni, Kishanpur Amkhoria, Sajaur",Shahkund_12,कंचन देवी,,8292453575.0,Backward Class (Mahila),,,,,,,,,,,,,
Bhagalpur,27. Banka,157. Sultanganj,Shahkund,"Basudeopur, Belthu, Bhulni, Dindayal Pur, Jagaria, Kaswa Kherhi, Makanpur, Pair Dominia Mal, Sarauni",Shahkund_13,अनंत कुमार,,7488814073.0,Backward Class (Others),,,,,,,,,,,,,
Bhagalpur,27. Banka,157. Sultanganj,Sultanganj,"Abjuganj, E. Chicharaun, Gangania, Kamarganj, Karharia, Kishanpur, Maheshi, Masdi, Tilakpur",Sultanganj_10,आशा जैसवाल,,7319987279.0,Unreserved (Mahila),,,,,,,,,,,,,
Bhagalpur,27. Banka,157. Sultanganj,Sultanganj,"Ashia Chak, Bhirkhurd, Dhandhi Belari, Katahara, Khanpur, Kherahia, Kumaitha, Mirhatti, Nayagaon",Sultanganj_11,अरुण कुमार दास,,9570968571.0,SC (Other),,,,,,,,,,,,,
Munger,28. Munger,165. Munger,Munger Sadar,"Putlupur, Jafar Nagar, Bhikharam Pur, Mohali, Sankarpur, Simathapur, Mirzapur Baithya, Kathariya, Jankinagar, Barapur Diyara, Nuwoghra East, Nuwoghra West",Munger Sadar_1,संजय कुमार सिंह,,9934843062.0,Unreserved (Other),,,,,,,,,,,,,
Munger,28. Munger,165. Munger,Munger Sadar,"Srimathpur, Kataria, May, Mirzapur vardha, Nauwagari uttari, Nauwagari dakshni, Jankinagar, Tarapur diyara",Munger Sadar_2,निवास मंडल,,9798069937.0,Backward Class (Others),,,,,,,,,,,,,
Munger,28. Munger,166. Jamalpur,Jamalpur,"Singiya, Indhu West, Indhu East, Ram Nagar, Baak, Patampur East, Patampur West, Kala Rampur, Parham, Ithari",Jamalpur_3,साधना देवी,,7667868812.0,Unreserved (Mahila),,,,,,,,,,,,,
Munger,28. Munger,166. Jamalpur,Dharhara,"Dhara Uttari, Dhara Dakshni, Bahachauki, Hemzapur, Shivkund, Sarobaag, Matadih, Itwah, Amari",Dharhara_4,नीतू कुमारी,,6201237895.0,Unreserved (Mahila),,,,,,,,,,,,,
Munger,28. Munger,166. Jamalpur,Dharhara,"Mataadi, Parobagh, Itwa, Panchrukhi, Adharpur Mari, Aurabagicha Mohanpur, Dharhra, Manra Malhna, Magham, Azimganj, Bangalwa, Shukhund, Hinjapur, Baha Choki",Dharhara_5,इन्दुमती देवी,,6200599064.0,Unreserved (Mahila),,,,,,,,,,,,,
Munger,28. Munger,165. Munger,Bariyarpur,"Harinmarg, Jhauwabahiyar, Kalyan tola uttari, Bariyarpur, Ratanpur",Bariyarpur_6,सरिता कुमारी,,8709115843.0,Unreserved (Mahila),,,,,,,,,,,,,
Munger,40. Jamui (SC),164. Tarapur,Kharagpur,,Kharagpur_8,Gayatri devi,,9508939394.0,SC (Other),,,,,,,,,,,,,
Munger,40. Jamui (SC),164. Tarapur,Kharagpur,"Ramankabad West, Ramankabad East, Murade, Gangata, Dariyapur First, Dariyapur Second, Barui, Murhari, Majhgyan",Kharagpur_9,सुमन कुमारी,,8862962304.0,Backward Class (Mahila),,,,,,,,,,,,,
Munger,40. Jamui (SC),164. Tarapur,Asarganj,"Amaiya, Chorganw, Sajua, Rahamatpur, Makwa, Jorari, Asarganj",Asarganj_10,अनिल कुमार सिंह,,8969889092.0,Unreserved (Other),,,,,,,,,,,,,
Munger,40. Jamui (SC),164. Tarapur,Tarapur,"Beladih, Dhobai, Ganaili, Khaira, Manikpur, Rampur Bisai",Tarapur_11,बिंदिया रानी,,9931676148.0,Unreserved (Mahila),,,,,,,,,,,,,
Munger,40. Jamui (SC),164. Tarapur,Tarapur,"Afjalnagar, Kaneli, Bihma, Launa, Parbhara",Tarapur_12,पिंकी कुमारी,,9973648020.0,Unreserved (Other),,,,,,,,,,,,,
Munger,40. Jamui (SC),164. Tarapur,Tetiabambar,"Bangama, Banhara, Bhuna, Dhauri, Kesauli, Nonaji, Tetia",Tetiabambar_13,ओम प्रकाश यादव,,9546904323.0,Unreserved (Other),,,,,,,,,,,,,
Munger,40. Jamui (SC),164. Tarapur,Sangrampur,"Durmatta, Badhoniya, Balia, Katiyari, Dadarijala, Rampur, Didarganj, Durgapur, Jhikuli, Kusmar",Sangrampur_14,व्यूटी विसवास,,7070544533.0,SC (Mahila),,,,,,,,,,,,,
Munger,28. Munger,165. Munger,Bariyarpur,,Bariyarpur_7,दुर्गेश कुमार सिंह,,6202544641.0,Unreserved (Other),,,,,,,,,,,,,
Arwal,36. Jehanabad,214. Arwal,Arwal,"Abgila, Amara, Khabhaini, Parasi, Rampur Baina, Sarouti",Arwal_2,सरस्वती देवी उर्फ ऋषिकला गुप्ता,,9631650808.0,Unreserved (Mahila),,,,,,,,,,,,,
Arwal,36. Jehanabad,214. Arwal,Arwal,"Basilpur, Bhadasi, Fakharpur, Payarechak, Sakri, Sonwarsa",Arwal_1,अशरफुल होदा,,8051507878.0,Unreserved (Other),,,,,,,,,,,,,
Arwal,36. Jehanabad,214. Arwal,Kaler," Sakri Khurd, Balidad, Injor, Jaipur, Kamta, Pahleja, Usari",Kaler_3,अमृता रानी,,7903347896.0,SC (Mahila),,,,,,,,,,,,,
Arwal,36. Jehanabad,214. Arwal,Kaler,"Belawan, Belsar, Ismailpur Koil, Mainpura, North Kaler, Sohsa, South Kaler, Teri",Kaler_4,कंचन देवी,,6201382034.0,SC (Other),,,,,,,,,,,,,
Arwal,36. Jehanabad,214. Arwal,Karpi," Khajuri,  Kochahasa, Aiyara, Kinjar, Murarhi, Nagwan, Pariyari, Purainiya Shekha, Rohai",Karpi_5,नरेश शर्मा,,7389503842.0,Backward Class (Others),,,,,,,,,,,,,
Arwal,36. Jehanabad,214. Arwal,Karpi,"Bambhi, Belkhara, Chauhar, Dorra, Karpi, Keyal, Narga, Puran, Rampur Chay, Shahar Telpa",Karpi_6,संध्या देवी,,9026652941.0,Unreserved (Mahila),,,,,,,,,,,,,
Arwal,36. Jehanabad,215. Kurtha,Kurtha,"Ahamadpur Harna, Manikpur, Nadaura, Nidhwan, Sachae",Kurtha_9,महेश यादव,,9931257230.0,Unreserved (Other),,,,,,,,,,,,,
Arwal,36. Jehanabad,215. Kurtha,Kurtha,"Bara, Dhamaul, Embrahimpur, Kodmarae, Pinjrawan",Kurtha_8,रंजन कुमार यादव,,9472040887.0,Unreserved (Other),,,,,,,,,,,,,
Arwal,36. Jehanabad,215. Kurtha,Sonbhadra-Bansi-Surajpur,"Anua, Belaura, Chamandih, Kharasin, Khatangi, Mali, Sherpur, Sonbhdra",Sonbhadra-Bansi-Surajpur_7,यादव कुसुम गणेश,,9931944494.0,Unreserved (Mahila),,,,,,,,,,,,,
Aurangabad,37. Aurangabad,223. Aurangabad,Aurangabad,"Bela, Ibrahimpur, Jamhaur, Karma Bhagwan, Khaira Bind, Kurmahan, Pararwan, Phesar",Aurangabad_12,नसरीन निशा,,9801271469.0,Backward Class (Mahila),,,,,,,,,,,,,
Aurangabad,37. Aurangabad,223. Aurangabad,Aurangabad,"Khaira Mirja, Manjhar, Naugarh, Ora, Paras Dih, Poiwan, Pokhrahan",Aurangabad_18,अनिल कुमार,,8789043287.0,Unreserved (Other),,,,,,,,,,,,,
Aurangabad,35. Karakat,219. Goh,Goh,"Amari, Bazar Barma, Beraka, Bhurkunda, Goh, Malhad",Goh_6,शोभा कुमारी,,9470018502.0,Unreserved (Mahila),,,,,,,,,,,,,
Aurangabad,35. Karakat,219. Goh,Goh,"Baksar, Barma Khurd, Chapuk, Deohara, Dihuri, Fag, Jhikatia",Goh_7,रेखा सिंह,,9973609317.0,Unreserved (Mahila),,,,,,,,,,,,,
Aurangabad,35. Karakat,219. Goh,Goh,"Bantara, Dadhapi, Hasampur, Hathiara, Mirpur, Teap, Uphara",Goh_5,विन्दा देवी,,6202288252.0,Unreserved (Mahila),,,,,,,,,,,,,
Aurangabad,35. Karakat,219. Goh,Haspura,"Ahiyapur, Dhusari, Jaitpur, Koilwan, Malhara, Sonhathu, Tal",Haspura_4,पुष्प लता देवी,,9835690033.0,Unreserved (Mahila),,,,,,,,,,,,,
Aurangabad,35. Karakat,219. Goh,Haspura,"Amjhar, Dindir, Dumara, Haspura, Itwan, Piru, Purhara",Haspura_3,चन्दा परवीन,,7004567713.0,Unreserved (Mahila),,,,,,,,,,,,,
Aurangabad,35. Karakat,219. Goh,Rafiganj,"Arthua, Balar, Chew, Chobara, Dugul, Gordiha, Lohara",Rafiganj_9,प्रदिप कुमार,,9931621916.0,Backward Class (Others),,,,,,,,,,,,,
Aurangabad,35. Karakat,219. Goh,Rafiganj,"Baghora, Baligawn, Bhaduki Kalan, Bhadwa, Charkanwan, Dhosila, Kerap, Kotbara, Sihuli",Rafiganj_8,नीतु सिंह,,8969275284.0,Unreserved (Mahila),,,,,,,,,,,,,
Aurangabad,35. Karakat,219. Goh,Rafiganj,"Baur, Bhetaniyan, Itar, Kajpa, Latta, Pauthu, Pogar",Rafiganj_13,आशिफ शाह,,9507417240.0,Backward Class (Others),,,,,,,,,,,,,
Aurangabad,37. Aurangabad,222. Kutumba,Deo,"Banua, Baranda Rampur, Berhna, Dulare, East Kataki, Eraura, Sarganwan, West Kataki",Deo_28,गायत्री देवी,,9430637037.0,SC (Mahila),,,,,,,,,,,,,
Aurangabad,37. Aurangabad,222. Kutumba,Deo,"Basdiha, Berhani, Bhawanipur, Hasauli, Israur, Kharkani, Pawai",Deo_26,शशिभूषण शर्मा,,7004112619.0,Backward Class (Others),,,,,,,,,,,,,
Aurangabad,37. Aurangabad,222. Kutumba,Kutumba,"Amba, Bairaw, Bharaundha, Dumra, Karma Basantpur, Telhara",Kutumba_25,सुरेन्द्र यादव,,9955812155.0,Unreserved (Other),,,,,,,,,,,,,
Aurangabad,37. Aurangabad,222. Kutumba,Kutumba,"Balia, Dumari, Maharajganj, Matpa, Parta, Pipra Bagahi, Sanda",Kutumba_23,रामेश्वर बैठा,,9973346612.0,SC (Other),,,,,,,,,,,,,
Aurangabad,37. Aurangabad,222. Kutumba,Kutumba,"Dadhpa, Gheura, Jagdishpur, Kutumba, Rishi Up, Suhi, Verma",Kutumba_24,किरण सिंह,,9955080962.0,Unreserved (Other),,,,,,,,,,,,,
Aurangabad,35. Karakat,221. Nabinagar,Barun,"Badhi Khurd, Dhamanee, Dudhar, Jankop, Kanchanpur, Khaira, Meh, Riur",Barun_19,सुनीता देवी,,9771781061.0,Unreserved (Mahila),,,,,,,,,,,,,
Aurangabad,35. Karakat,221. Nabinagar,Barun,"Bhopatpur, Dhangai, Gothaulee, Kaji Chak, Kocharh, Pauthu, Pipra, Tengara",Barun_17,विजन्ती कुमारी,,9608931369.0,SC (Mahila),,,,,,,,,,,,,
Aurangabad,35. Karakat,221. Nabinagar,Nabinagar,"Ankorha, Bairiya, Bariawan, Kanker, Sonaura, Soree",Nabinagar_20,रेनू कुमारी गुप्ता,,8340215655.0,Backward Class (Mahila),,,,,,,,,,,,,
Aurangabad,35. Karakat,221. Nabinagar,Nabinagar,"Basdiha, Chandragardh, Harihar Urdana, Khajuri Pandu, Mahuaawan, Mungia, Ramnagar, Simaree Dhamanee, Tandwa, Tol",Nabinagar_22,हरि राम,,9934955042.0,SC (Other),,,,,,,,,,,,,
Aurangabad,35. Karakat,221. Nabinagar,Nabinagar,"Belaien, Jaihind Tendua, Kerka, Majhiawan, Naur, Pipra, Rajpur, Rampur, Thengo",Nabinagar_21,दूधेश्वर पासवान,,7763014835.0,SC (Other),,,,,,,,,,,,,
Aurangabad,35. Karakat,220. Obra,Daudnagar,"Akorha, Anchha, Belwan, Karma, Manar, Sansa, Tarar, Tarari",Daudnagar_2,प्रमिला देवी,,9546318857.0,Unreserved (Mahila),,,,,,,,,,,,,
Aurangabad,35. Karakat,220. Obra,Daudnagar,"Arai, Chauri, Gordiha, Kanap, Mahawar, Shamshernagar, Sinduar",Daudnagar_1,अमरेन्द्र कुमार,,6200541567.0,Unreserved (Other),,,,,,,,,,,,,
Aurangabad,35. Karakat,220. Obra,Obra,"Amilona, Babandiha, Dihara, Dihri, Kanchanpur, Kara, Tejpura",Obra_16,राधेश्याम सिंह,,9939868711.0,Unreserved (Other),,,,,,,,,,,,,
Aurangabad,35. Karakat,220. Obra,Obra,"Bel, Obra, Karsawan, Malwan, Sarsauli, Sonhuli",Obra_15,रुपांजली कुमारी,,9471464147.0,Unreserved (Other),,,,,,,,,,,,,
Aurangabad,35. Karakat,220. Obra,Obra,"Bharub, Chanda, Gaini, Khudwan, Mahuwan, Ratanpur, U.B.",Obra_14,सुधा देवी,,9631495754.0,Unreserved (Other),,,,,,,,,,,,,
Aurangabad,37. Aurangabad,224. Rafiganj,Madanpur,"Baniya, Beri, Khiriyawan, Madan Pur",Madanpur_10,विकास कुमार,,6205994191.0,SC (Other),,,,,,,,,,,,,
Aurangabad,37. Aurangabad,224. Rafiganj,Madanpur,"Chein Nawada, Dadhpi, Erkikala, Mahuawan, Pipraura, Pirthu, War",Madanpur_11,शंकर यादव,,9931883866.0,Unreserved (Other),,,,,,,,,,,,,
Aurangabad,37. Aurangabad,224. Rafiganj,Madanpur,"Ghatrain, Ghora Dehari, Manika, Nema Anjan, North Umga, Pirwan, Salaiya, South Umga",Madanpur_27,कंचन देवी,,6204837232.0,SC (Mahila),,,,,,,,,,,,,
Gaya,36. Jehanabad,233. Atri,Atri,"Chakra, Dhusri, Dihuri, Jiri, Narawat, Sahora, Sirh, Tetua",Atri_12,गीता देवी/Dinesh Yadav,,8210919465.0,Unreserved (Mahila),,Call Connected,,,Ready to Meet,Dicey,Dicey,,,,,,
Gaya,36. Jehanabad,233. Atri,Khizarsarai,"Aima, Chiraili, Horma, Kutlupur, Siswar, Uchauli",Khizarsarai_10,दिनेश कुमार गुप्ता,,9934433080.0,Backward Class (Others),,No Incoming ,,,,,,,,,,,
Gaya,36. Jehanabad,233. Atri,Khizarsarai,"Bihta, Hathiyawan, Hemara, Jamuawan, Kurwa, Naudiha, Rauniya, Sarbahada",Khizarsarai_9,कुन्दन कुमार,,9386732270.0,Backward Class (Others),,Switch Off,,,,,,,,,,,
Gaya,36. Jehanabad,233. Atri,Mohra,"Arai, Dariyapur, Gehlor, Jethian, North Kajoor, Sarsu, Sewtar, South Kajoor, Tetar",Mohra_13,नैना कुमारी/Dharamveer Singh,,7667024898.0,Backward Class (Mahila),,Call Connected,Not interested to Join JSP ,INC,Not Interested,NO,NO,,She is in Congress. But his husband Dharamveer shingh ji looks intrested in Prashant Kishor's movement.,,,,
Gaya,36. Jehanabad,233. Atri,Neemchak Bathani,"Bathani, Khukhri, Mai, Maniyara, Naili, Saren, Singhaul, Telari",Neemchak Bathani_11,गुलिस्ता खातुन,,9693913231.0,Unreserved (Mahila),,Wrong Number ,,,,,,,,,,,
Gaya,38. Gaya (SC),228. Barachatti,Barachatti,"Bajarkar, Bibi Pesra, Binda, Jhajh, Patluka, Sarawan",Barachatti_45,अरविन्द यादव,,9931722376.0,Unreserved (Other),,Call Connected,Dicey ,Neutral,Ready to Meet,Dicey,Dicey,,He looks intrested in meeting Prashant and after meeting Prashant he may join JSP.,,,,
Gaya,38. Gaya (SC),228. Barachatti,Barachatti,"Bara, Bhalua, Bumer, Dewaniya, Jaigir, Kahudag, Rohi",Barachatti_46,शीतल प्रसाद,,9431224991.0,Unreserved (Other),,Call Connected,Want To Join JSP ,jdu,Ready to Meet,YES,Dicey,,He is intrested in joining Party but first want to meet Prashant Kishaor and clear few things. ,,,,
Gaya,38. Gaya (SC),228. Barachatti,Bodhgaya,"Atiya, Basarhi, Gapha Khurd, Ilara, Kanhaul, Mora Tal, Nawan, Shekhwara",Bodhgaya_37,कुमारी ज्योति पासवान,,7654969998.0,SC (Mahila),,Call Connected,Only Want to Meet to PK ,BJP,Ready to Meet,Dicey,Dicey,,She is in BJP. Also memeber of BJP State Committee.,,,,
Gaya,38. Gaya (SC),228. Barachatti,Bodhgaya,"Bara, Itara, Jhikatiya, Kurmawan, Mocharim, Mora Mardana",Bodhgaya_36,रवि कुमार,,9123400713.0,SC (Other),,Not Received ,,,,,,,,,,,
Gaya,38. Gaya (SC),228. Barachatti,Mohanpur,"Ambatari, Amkola, Bagula, Bumuar, Dema, Dharhara, Gopal Kera, Kewala, Musaila",Mohanpur_44,गीता देवी,,9304827309.0,SC (Mahila),,Call Connected,Not interested to Join JSP ,,,,,,,,,,
Gaya,38. Gaya (SC),228. Barachatti,Mohanpur,"Erki, Guriyawan, Khardih, Ladu, Lakhaipur, Matihani, Sinduar, Siriyawan, Teswar",Mohanpur_43,संगीता देवी,,9304974942.0,SC (Mahila),,Call Connected,Only Want to Meet to PK ,Neutral,Ready to Meet,Dicey,Dicey,,"He wants to meet Prashant Kishor and then he will decide, he will join or not. ",,,,
Gaya,38. Gaya (SC),232. Belaganj,Belaganj,"Agandha, Bhalua-Ii, Irki, Panari, Rauna, Sri Pur",Belaganj_8,करिशमा कुमारी,,8294444511.0,Unreserved (Mahila),General,Call Connected,Already in JS,,,,,,,,,,
Gaya,38. Gaya (SC),232. Belaganj,Belaganj,"Akthu Kachanpur, Belhadi, Chiraila, Koriyawan, Kormathu, Lakshmipur, Paibigha",Belaganj_6,प्रेमलता कुमारी,,9199211708.0,Unreserved (Mahila),,Not Received ,,,,,,,,,,,
Gaya,38. Gaya (SC),232. Belaganj,Belaganj,"Bajitpur, Belaganj, Bhalua-I, Khaneta, Lodipur, Sakir Bigha",Belaganj_7,बबीता देवी,,8540960191.0,Unreserved (Mahila),,Busy,,,,,,,,,,,
Gaya,38. Gaya (SC),229. Bodh Gaya,Fatehpur,"Bara, Charokhari, Dharhara Kala, Dumari Chati, Mataso, Pahar Pur, Salaiya Kala",Fatehpur_40,बिरेन्द्र साव,,9570302276.0,Backward Class (Others),,Not Received ,,,,,,,,,,,
Gaya,38. Gaya (SC),229. Bodh Gaya,Fatehpur,"Bhare, Meyari, Morhe, Nagawa, Naudiha Sultanpur, Neemi",Fatehpur_41,श्वेता सिंह यादब,,9801191141.0,Unreserved (Mahila),,Not Received ,,,,,,,,,,,
Gaya,38. Gaya (SC),229. Bodh Gaya,Fatehpur,"Jaipur, Kathautiya Kewal, Lodhwe North, Lodhwe South, Naudiha Jhurang",Fatehpur_42,प्रेम कुमार,,9955749886.0,Unreserved (Other),,Call Connected,Not interested to Join JSP ,LJP,Not Interested,NO,NO,,,,,,
Gaya,38. Gaya (SC),229. Bodh Gaya,Tankuppa,"Aropur, Chaubar, Dhibar, Gajadharpur, Tankuppa",Tankuppa_39,रवींद्र कुमार,,9771046191.0,Unreserved (Other),,Call Connected,Not interested to Join JSP ,Neutral,Not Interested,NO,NO,,,,,,
Gaya,38. Gaya (SC),229. Bodh Gaya,Tankuppa,"Bahsapipra, Barsauna, Bhetaura, Jagarnathpur, Utali Bara",Tankuppa_38,गुडू कुमार,,6204265014.0,SC (Other),,,,,,,,,,,,,
Gaya,38. Gaya (SC),230. Gaya Town,Gaya Town,"Amraha, Bara, Chakand, Kandi, Kesaru Dharmpur, Kormaa, Madan Bigha, Rasalpur",Gaya Town_20,मालती देवी,,9470646539.0,SC (Other),,,,,,,,,,,,,
Gaya,38. Gaya (SC),230. Gaya Town,Gaya Town,"Aurawan, Churi, Dhansir, Ghuthia, Khiriyawan, Kujap, Kujapi, Naili",Gaya Town_19,करुणा कुमारी,,6202809244.0,Backward Class (Mahila),,Call Connected,,,,,,,,,,,
Gaya,37. Aurangabad,225. Gurua,Guraru,"Barorah, Daboor, Gudru, Kanausi, Konchi, Malpa, Rauna",Guraru_21,बालेश्वर प्रसाद,,9199653499.0,Unreserved (Other),,,,,,,,,,,,,
Gaya,37. Aurangabad,225. Gurua,Guraru,"Deokali, Diha, Ghatera, Pahra, Tilori",Guraru_22,मृदुला सिंह,,6005396284.0,Unreserved (Other),,,,,,,,,,,,,
Gaya,37. Aurangabad,225. Gurua,Gurua,"Barma, Belauti, Chilaur, Dubba, Kolauna, Nagwan, Raghunath Khap, Rajan, Semaru",Gurua_24,सुरेन्द्र रिकियासन,,9006883027.0,SC (Other),,Call Connected,Not interested to Join JSP ,,,,,,,,,,
Gaya,37. Aurangabad,225. Gurua,Gurua,"Guneri, Gurua, Kaj, Manda, Nadaura, Pakri, Paluhara",Gurua_25,नाजिया हसन,,9934023268.0,Backward Class (Others),,,,,,,,,,,,,
Gaya,37. Aurangabad,225. Gurua,Paraiya,"Ajmat Ganj, Bagahi, Kapasia, Karhatta, Mangarawan, Manjhiawan, Paraiya Khurd, Puna Kala, Solara.",Paraiya_23,सरीता कुमारी,,9955915006.0,Backward Class (Mahila),,,,,,,,,,,,,
Gaya,37. Aurangabad,227. Imamganj,Bankey Bazar,"Baital, Goitha, Pananiya, Parsawan Khurd, Saif Ganj, Tandwa",Bankey Bazar_28,कौशल कुमार,,9931082223.0,Unreserved (Other),,,,,,,,,,,,,
Gaya,37. Aurangabad,227. Imamganj,Bankey Bazar,"Barheta, Bihargain, Lutua, Roshan Ganj, Tilaiya",Bankey Bazar_27,बिन्दु यादव,,9801882733.0,Unreserved (Other),,,,,,,,,,,,,
Gaya,37. Aurangabad,227. Imamganj,Dumaria,"Bhangia, Kolhu Bar, Manjhauli, Nandai, Narayan Pur",Dumaria_31,अर्चना कुमारी,,7982616831.0,Unreserved (Other),,,,,,,,,,,,,
Gaya,37. Aurangabad,227. Imamganj,Dumaria,"Bhokaha, Chhakarbandha, Kachar, Mahuri, Pankara, Sewra",Dumaria_32,रविन्द्र राम,,7491988086.0,SC (Other),,,,,,,,,,,,,
Gaya,37. Aurangabad,227. Imamganj,Imamganj,"Bikopur, Biraj, Dubahal, Jhikatiya kala, Lawabar, Manjhauli, Salaiya, Sidhpur",Imamganj_30,अंजू कुमारी,,8809669840.0,SC (Mahila),,,,,,,,,,,,,
Gaya,37. Aurangabad,227. Imamganj,Imamganj,"Chhakar Bandha, Chua Bar, Kujesar, Malhari, Nagwan, Naudiha, Pakriguria",Imamganj_29,पार्वती देवी,,6203994151.0,SC (Mahila),,,,,,,,,,,,,
Gaya,38. Gaya (SC),226. Sherghati,Amas,"Akouna, Amas, Badki Chilmi, Jhari, Kalwan, Karamdih, Mahuawan, Rampur, Sawnkala",Amas_26,प्रीति कुमारी,,8969998824.0,SC (Mahila),,,,,,,,,,,,,
Gaya,38. Gaya (SC),226. Sherghati,Dobhi,"Angra, Bajaura, Bari, Kusha Bija, Nawadih, Neema",Dobhi_34,ललन कुमार चौधरी,,7050372761.0,SC (Other),,,,,,,,,,,,,
Gaya,38. Gaya (SC),226. Sherghati,Dobhi,"Ghora Ghat, Kharanti, Kurmawan, Nadarpur, Pacharatan, Patti",Dobhi_35,कामेश्वर सिंह यादव,,9431239677.0,Unreserved (Other),,,,,,,,,,,,,
Gaya,38. Gaya (SC),226. Sherghati,Sherghatty,"Bar, Bela, Chanpi, Cherki, Chetab Kalan, Dhab Chiraiya, Gopalpur, Kachauri, Sri Ram Pur",Sherghatty_33,मालती कुमारी,,8877211806.0,SC (Mahila),,,,,,,,,,,,,
Gaya,37. Aurangabad,231. Tikari,Konch,"Adai, Anti, Chabura, Kabar, Korap, Kurmawan, Tineri, Utren",Konch_2,रेणुु कुमारी,,9006934185.0,Backward Class (Mahila),,Not Received ,,,,,,,,,,,
Gaya,37. Aurangabad,231. Tikari,Konch,"Aslampur, Gararhi, Gauharpur, Ker, Khajuri, Konch, Manjhiawan, Parsawan, Simara, Srigawan",Konch_1,शरिफा कुमारी,,6299757533.0,Unreserved (Mahila),,Call Connected,,,,,,,,,,,
Gaya,37. Aurangabad,231. Tikari,Tekari,"Ammakuan, Bhori, Dihura, Law, Mahmanna, Musi, Noni, Pura",Tekari_4,सुरेश प्रसाद यादव,,9934972075.0,Unreserved (Other),,Call Connected,Only Want to Meet to PK ,,,,,,,,,,
Gaya,37. Aurangabad,231. Tikari,Tekari,"Chaita, Jalalpur, Kespa, Makhdumpur, Mau, Rupas Pur, Sanda",Tekari_3,सोनम कुमारी,,9771654223.0,Unreserved (Mahila),,,,,,,,,,,,,
Gaya,37. Aurangabad,231. Tikari,Tekari,"Chhathawan, Dighaura, Khanetu, Nepa, Paluhar, Shiv Nagar, Simuara",Tekari_5,अनुप्रिया,,9934571065.0,Unreserved (Mahila),,,,,,,,,,,,,
Gaya,38. Gaya (SC),234. Wazirganj,Manpur,"Bara Gandhar, Bhadeja, Kaiya, Lakhan Pur, Nauranga, Sohai Pur",Manpur_18,ज्योति कुमारी,,6200508096.0,Unreserved (Mahila),,,,,,,,,,,,,
Gaya,38. Gaya (SC),234. Wazirganj,Manpur,"Bhore, Gere, Nanauk, Shadi Pur, Sonaut, Usari",Manpur_17,कुन्दन कुमार चौधरी,,9955792770.0,SC (Other),,,,,,,,,,,,,
Gaya,38. Gaya (SC),234. Wazirganj,Wazirganj,"Amethi, Bichchha, Ghuriyawan, Jamuawan, Kurkihar, Pura",Wazirganj_15,नागमणी कुमार,,9006214382.0,Unreserved (Other),,No Incoming ,,,,,,,,,,,
Gaya,38. Gaya (SC),234. Wazirganj,Wazirganj,"Bishun Pur, Karjara, Mahuyet, Sakardas Nawada, Pater Mangrawa, Sahiya",Wazirganj_14,छोटू दास,,9661438750.0,SC (Other),,,,,,,,,,,,,
Gaya,38. Gaya (SC),234. Wazirganj,Wazirganj,"Karisowa, Kenar Fatehpur, Kenar Paharpur, Mahugain, Tarawan",Wazirganj_16,पिंकी कुमारी,,8210435679.0,Unreserved (Mahila),,,,,,,,,,,,,
Jehanabad,36. Jehanabad,217. Ghosi,Ghoshi,"Bharthu, Shahpur",Ghoshi_11,अजय सिंह,,9431019497.0,Unreserved (Other),,,,,,,,,,,,,
Jehanabad,36. Jehanabad,217. Ghosi,Ghoshi,"Ghoshi, Golakpur, Kurre, Lakhawar, Parawan, Sahobigha, Uber",Ghoshi_12,संगीता देवी,,6204053012.0,Unreserved (Other),,,,,,,,,,,,,
Jehanabad,36. Jehanabad,217. Ghosi,Hulasganj,"Bauri, Chiri, Dawthoo, Keur, Khudauri, Kokarsha, Murgaon, Suraj Pur, Tirra",Hulasganj_13,कमला कुमारी,,9508686092.0,Unreserved (Mahila),,,,,,,,,,,,,
Jehanabad,36. Jehanabad,217. Ghosi,Kako,"Amthua, Barhauna, Derhsaiya, Maniyawan, Nerthua, Nonhi, Pinjora, Suleman Pur",Kako_6,सुधीर चौधरी,,8809256972.0,SC (Other),,,,,,,,,,,,,
Jehanabad,36. Jehanabad,217. Ghosi,Kako,"Bara, Barawan, Damuha, Khalish Pur, Saidabad Parsain, Uttar Serthu",Kako_5,अजीत मिस्त्री,,7903204493.0,Backward Class (Others),,,,,,,,,,,,,
Jehanabad,36. Jehanabad,217. Ghosi,Modanganj,"Bandhu Ganj, Deora, Gandhar, Jaytipur Kurua, Modan Ganj, Naima, Okari, Saista Bad",Modanganj_10,शान्ति देवी,,9110992003.0,Backward Class (Mahila),,,,,,,,,,,,,
Jehanabad,36. Jehanabad,216. Jehanabad,Jehanabad,"Amain, Gonwan, Jamuk, Larsa, Mandil, Nauru, Pandui",Jehanabad_4,मिन्तु देवी,,9110948064.0,Unreserved (Mahila),,,,,,,,,,,,,
Jehanabad,36. Jehanabad,216. Jehanabad,Jehanabad,"Kalpa, Kinari, Mandey Bigha, Muther, Sevnan, Sikariya, Surungapur",Jehanabad_3,अभिषेक रंजन,,7004839545.0,Unreserved (Other),,,,,,,,,,,,,
Jehanabad,36. Jehanabad,216. Jehanabad,Ratni Faridpur,"Jhunathi, Kansua, Kaswan, Lakhapur, Nehalpur, Noawan, Sohraiya",Ratni Faridpur_1,आभा रानी,,7033950006.0,Unreserved (Mahila),,,,,,,,,,,,,
Jehanabad,36. Jehanabad,216. Jehanabad,Ratni Faridpur,"Murhara, Narayanpur, Pandaul, Ratni, Sesamba, Sikandarpur, Uchita",Ratni Faridpur_2,सुशीला देवी,,7004671911.0,Unreserved (Mahila),,,,,,,,,,,,,
Jehanabad,36. Jehanabad,218. Makhdumpur,Makhdumpur,"Bela Birra, Chariyari, Kalanaur, Malathi, Solhanda, Sugaon, Sumera",Makhdumpur_7,रानी कुमारी,,9572403231.0,SC (Other),,,,,,,,,,,,,
Jehanabad,36. Jehanabad,218. Makhdumpur,Makhdumpur,"Bhaikh, Dharaut, Dharnai, Jagpura, Jamanganj, Makarpur, Rampur",Makhdumpur_9,रेणु कुमारी,,9110949186.0,SC (Mahila),,,,,,,,,,,,,
Jehanabad,36. Jehanabad,218. Makhdumpur,Makhdumpur,"Dakra, E. Saren, Kachnama, Kohara, Kumardih, Manjhos, Punhada, W. Saren",Makhdumpur_8,संगीता देवी,,9661253935.0,Unreserved (Other),,,,,,,,,,,,,
Lakhisarai,28. Munger,168. Lakhisarai,Barahiya,"Ajni Ghat, Dumri, Gangasarai, Girdharpur, Jaitpur, Khutaha East, Khutaha West, Laxmipur, Pali",Barahiya_1,विनीता कुमारी,,7549606333.0,Unreserved (Mahila),,,,,,,,,,,,,
Nalanda,29. Nalanda,175. Hilsa,Karai Parsurai,"Berthu, Diyawan, Gondu Bigha, Karaiparsurai, Makhdumpur, Makrauta, Sandh",Karai Parsurai_1,अजय कुमार,,8809666180.0,Backward Class (Others),,Call Connected,Want To Join JSP ,jdu,Ready to Meet,YES,,,PK se meeting hone ke baad JSP me join krne ke liye taiyar hain.,,,,
Sheikhpura,39. Nawada,170. Barbigha,Barbigha,"Jagdishpur, Kewati, Kutaut, Maldah, Pank, Pinjari, Samas Bujurg, Sarba, Tehus",Barbigha_1,गीता देवी,,8540098711.0,SC (Mahila),,,,,,,,,,,,,
Lakhisarai,28. Munger,167. Suryagarha,Pipariya,"Mohanpur, Olipur, Pipariya, Ramchandarpur, Saidpura",Pipariya_2,रवि रंजन कुमार उर्फ़ टनटन,,7004373793.0,Unreserved (Other),,,,,,,,,,,,,
Nalanda,29. Nalanda,177. Harnaut,Nagar Nausa,"Ariyawan, Bhuthakhar, Damodarpur Baldha, Goraipur, Kachhiyawan, Kaila, Khajura, Nagarnausa, Rampur",Nagar Nausa_2,अर्चना कुमारी,,7488106076.0,SC (Mahila),,Call Connected,,,,,,,He is busy right now and asked me to call him later,,,,
Nawada,39. Nawada,237. Nawada,Nardiganj,,Nardiganj_1,अशोक कुमार,,6200700155.0,,,,,,,,,,,,,,
Nawada,39. Nawada,237. Nawada,Nardiganj,"Dohra, Hanriya, Ichuakarna, Kahuara, Kosla, Masaurha, Nardiganj, Nenaura, Ordo, Parman, Pes",Nardiganj_2,निशा कुमारी,,8507205465.0,SC (Other),,Call Connected,Only Want to Meet to PK ,Neutral,,,,,,,,,
Sheikhpura,39. Nawada,170. Barbigha,Shekhopur Sarai,"Ambari, Belaw, Mohabat Pur, Onama, Panchi",Shekhopur Sarai_2,निर्मला सिंह,,9334464452.0,Unreserved (Mahila),,,,,,,,,,,,,
Lakhisarai,28. Munger,167. Suryagarha,Surajgarha,"Ali Nagar, Avgil Rampur, Budhauli Bankar, Chandan Pura, Rampur, Shree Kishun, Urain",Surajgarha_3,चुनचुन देवी,,9631576853.0,Unreserved (Mahila),,,,,,,,,,,,,
Nalanda,29. Nalanda,175. Hilsa,Hilsa,"Asari, Chiksaura, Kawa, Korawan, Mirjapur, Reri, Yogi Pur",Hilsa_3,संजय कुमार,,9708895225.0,Backward Class (Others),,Call Connected,,Neutral,,,,,Kamlesh paswan se baat kr ke kl sam 4 baje tak confirm krenge ki jsp me join krna hai ya nhi,,,,
Nawada,39. Nawada,236. Hisua,Hisua,"Chitarghatti, Dona, Hadsa, Sonsa",Hisua_3,उमेश कुमार यादव,,9006362585.0,Unreserved (Other),,Switch Off,,,,,,,,,,,
Sheikhpura,40. Jamui (SC),169. Sheikhpura,Ghatkusumbha,"Bhadausi, Dihkusumbha, Gagaur, Mapho, Panapur",Ghatkusumbha_3,ललन प्रसाद,,9431418728.0,Unreserved (Other),,,,,,,,,,,,,
Lakhisarai,28. Munger,167. Suryagarha,Surajgarha,"Arma, Bansipur, Kaswa, Kiranpur, Mohammadpur, Salempur East, Toralpur",Surajgarha_4,रवि राज,,9060460784.0,Backward Class (Others),,,,,,,,,,,,,
Nalanda,29. Nalanda,175. Hilsa,Hilsa,"Akabarpur, Arpa, Bara, Indaut, Juniyar, Kamta, Kapasiawan, Puna",Hilsa_4,पम्मी कुमारी,,9204000986.0,Unreserved (Mahila),,Call Connected,Not interested to Join JSP ,jdu,Not Interested,NO,NO,,Party se jud kr election nhi ladna chah rha hai,,,,
Nawada,39. Nawada,236. Hisua,Hisua,"Bagodar, Chhatihar, Dhanwa, Kaithir, Pacharha, Tungi",Hisua_4,रणजीत कुमार,,9939817002.0,Unreserved (Other),,,,,,,,,,,,,
Sheikhpura,40. Jamui (SC),169. Sheikhpura,Sheikhpura,"Audhey, Gaway, Kare, Katari, Kosra, Kusmaha, Lodipur, Mehuns",Sheikhpura_4,दुलर मांझी,,9576418231.0,SC (Other),,,,,,,,,,,,,
Lakhisarai,28. Munger,167. Suryagarha,Surajgarha,"Amarpur, Bariyarpur, Chora-Rajpur, Ghosaith, Kawadpur, Khawa Rajpur, Losghani, Madanpur, Maheshpur, Tajpur",Surajgarha_5,अमित सागर,,9006452900.0,Unreserved (Other),,,,,,,,,,,,,
Lakhisarai,28. Munger,167. Suryagarha,Surajgarha,,Surajgarha_6,नारायण ताँती,,9572034243.0,SC (Other),,,,,,,,,,,,,
Nalanda,29. Nalanda,174. Islampur,Ekangarsarai,"Keshopur, Kosiyawan, Mandachh, Naryanpur, Dhurgaon, Ekangardih, Parthu, Telhara",Ekangarsarai_5,गायत्री देवी,,6201987705.0,Unreserved (Mahila),,Call Connected,,,,,,,"Busy hai,kuch der baad baat krne ke liye bola hai",,,,
Nawada,39. Nawada,236. Hisua,Narhat,"Babhnaur, Jamuara, Khanwan, Konibar, Narhat, Pali Khurd, Punaul, Punthar, Saidapur Gowasa, Shekhpura",Narhat_5,श्रीमती पुष्पा भारती,,9304710267.0,Backward Class (Mahila),,,,,,,,,,,,,
Sheikhpura,40. Jamui (SC),169. Sheikhpura,Sheikhpura,"Pain, Puraina, Gagari, Hathiyawan, Kaithwan, Mahsar, Pachna",Sheikhpura_5,रघुनन्दन कुमार,,9955563167.0,Unreserved (Other),,,,,,,,,,,,,
Nalanda,29. Nalanda,174. Islampur,Ekangarsarai,"Amanar Khas, Aungari, Badrabad, Gomhar, Gyas Pur, Jamuawan, Ope, Soniyawan",Ekangarsarai_6,उमा देवी,,9304257010.0,Unreserved (Mahila),,Call Connected,Not interested to Join JSP ,jdu,Not Interested,NO,,,JDU Zila upadhyaksh,,,,
Nawada,39. Nawada,235. Rajauli,Mescaur,"Ankri Pandeybigha, Badosar, Barat, Biju Bigha, Bisiait, Meskaur, Mirzapur, Rasalpura, Sahwajpur Saray, Tetaria",Mescaur_6,श्री सुरेन्द्र राजबंशी,,8002455953.0,SC (Other),,,,,,,,,,,,,
Sheikhpura,40. Jamui (SC),169. Sheikhpura,Ariari,"Afani, Baruna, Biman, Chodhdargah, Chorber, Diha, Hazaratpur Maro, Husainabad, Kasar, Sanaiya",Ariari_6,मीना विश्वास,,8603303184.0,Unreserved (Mahila),,,,,,,,,,,,,
Lakhisarai,28. Munger,167. Suryagarha,Lakhisarai,"Amhara, Balgudar, Garhi Bisun Pur, Khagor, Morma, Sabik Pur",Lakhisarai_7,अमित कुमार 1,,9430064164.0,Unreserved (Other),,,,,,,,,,,,,
Nalanda,29. Nalanda,174. Islampur,Islampur,"Bardaha, Beshwak, Dhobdiha, Ichhous, Mohanchak, Mojaphra, Sanda",Islampur_7,अर्चना सिन्हा,,8340402647.0,Unreserved (Mahila),,Call Connected,Not interested to Join JSP ,jdu,Not Interested,NO,,,JDU Zila upadhyaksh,,,,
Nawada,39. Nawada,235. Rajauli,Sirdala,"Abdul, Bandhi, Chaukiya, Dhiraundh, Ghaghat, Khatangi, Sanrh Majhagawan, Sirdalla",Sirdala_7,श्रीमती सिंकी कुमारी,,9542079273.0,SC (Mahila),,Call Connected,Want To Join JSP ,,Ready to Meet,,,,,,,,
Sheikhpura,40. Jamui (SC),169. Sheikhpura,Chewara,"Chakandra, Chhathiyara, Eakrama, Lahna, Lohan, Siyani",Chewara_7,पंकज कुमार,,9771357766.0,Backward Class (Others),,,,,,,,,,,,,
Lakhisarai,28. Munger,167. Suryagarha,Lakhisarai,"Kachhiana, Bilauri, Damodarpur, Mahisauna",Lakhisarai_8,भानु कुमार,,9507748099.0,Unreserved (Other),,,,,,,,,,,,,
Nalanda,29. Nalanda,174. Islampur,Islampur,"Aatama, Bele, Chandhari, Dhekwaha, Panchlowa, Ranipur, Sakari",Islampur_8,तनुजा कुमारी,,7004897077.0,Unreserved (Mahila),,Call Connected,Already in JS,JSP,Ready to Meet,YES,YES,,,,,,
Nawada,39. Nawada,235. Rajauli,Sirdala,"Akauna, Bargawn, Chaubey, Khanpura, Laund, Rajan, Upardih",Sirdala_8,श्रीमती बसंती देवी,,6201527831.0,SC (Mahila),,,,,,,,,,,,,
Lakhisarai,28. Munger,167. Suryagarha,Channan,"Bhalui, Gohri, Iton, Janki Dih, Khutuk Par, Kundar, Lakho Chak, Maheshleta, Malia, Sangram Pur",Channan_9,अनिता महतो,,7739383166.0,Backward Class (Mahila),,,,,,,,,,,,,
Nalanda,29. Nalanda,174. Islampur,Islampur,"Bardih, Bouradih, Kochara, Mahmuda, Panahar, Sudhi",Islampur_9,अनुराधा देवी,,6289425998.0,Unreserved (Mahila),,Call Connected,Want To Join JSP ,Neutral,Ready to Meet,,,,"PK se milne ke baad confirm krengi ki jsp me join krengi ya nhi.
",,,,
Nawada,39. Nawada,235. Rajauli,Rajauli,"Amawan East, Amawan West, Andharbari, Bahadurpur, Farka Buzurg, Lengura, Murhaina",Rajauli_9,श्री इंदरदेव राम,,9973301749.0,SC (Other),,,,,,,,,,,,,
Lakhisarai,28. Munger,168. Lakhisarai,Ramgarh Chowk,"Aure, Bhabaria, Billo, Nand Nama, Nongarh, Sharma, Surari Imam Nagar, Tetarhat",Ramgarh Chowk_10,खुशबू कुमारी,,9608371384.0,SC (Mahila),,,,,,,,,,,,,
Nalanda,29. Nalanda,173. Rajgir,Rajgir,"Barnousa, Bhui, Gorour, Lodipur, Meyar, Nahub, Nai Pokhar, Pathroura",Rajgir_10,नुतन देवी,,9934430401.0,SC (Mahila),,Call Connected,Not interested to Join JSP ,BJP,Not Interested,NO,,,Mandal Adhyaksh,,,,
Nawada,39. Nawada,235. Rajauli,Rajauli,"Chitarkoli, Dhamni, Hardia, Jogya Maran, Rajauli East, Rajauli West, Sabaiyatand, Sirodabar, Takunatand",Rajauli_10,श्री मेवालाल राजवंशी,,8757063245.0,SC (Other),,,,,,,,,,,,,
Lakhisarai,28. Munger,168. Lakhisarai,Halsi,"Ballopur, Bhanpura, Dhira, Geruwa Pursanda, Halsi, Kaindi, Mohaddinagar, Pratappur, Sadhmaf, Shirkhandi",Halsi_11,श्रीमती अंशु कुमारी,,9973055357.0,Unreserved (Mahila),,,,,,,,,,,,,
Nalanda,29. Nalanda,173. Rajgir,Silao,"Barakar, Ghostawan, Mahuri, Nanand, Pawadih",Silao_11,बेवी देवी,,9934182821.0,SC (Other),,Call Connected,Want To Join JSP ,jdu,Ready to Meet,YES,,,,,,,
Nawada,39. Nawada,235. Rajauli,Akbarpur,"Barail, Makhar, Pachganwa, Parato Karhari, Sakarpura, Teyar",Akbarpur_11,श्रीमती रूबी देवी,,8294230907.0,Unreserved (Mahila),,,,,,,,,,,,,
Nalanda,29. Nalanda,173. Rajgir,Silao,"Dharhara, Gorawan, Gorma, Kariyanna, Nirpur, Sabbait",Silao_12,नविता सिन्हा,,9801164779.0,Unreserved (Other),,No Incoming ,,,,,,,,,,,
Nawada,39. Nawada,235. Rajauli,Akbarpur,"Barew, Bhanail Lodipur, Kulana, Ledaha, Malikpur Nemdarganj, Pachrukhi, Faraha",Akbarpur_12,श्री सूर्यदेव प्रसाद,,8540094699.0,Backward Class (Others),,Call Connected,Already in JS,,,,,,,,,,
Nalanda,29. Nalanda,176. Nalanda,Ben,"Aant, Akauna, Arawan, Bara, Ben, Eksara, Khaira, Maijara, Nohsa",Ben_13,पुनम सिन्हा,,9431852762.0,Unreserved (Mahila),,Call Connected,Already in JS,JSP,,,,,Is bar chunav nhi ladna hai,,,,
Nawada,39. Nawada,235. Rajauli,Akbarpur,"Baksanda, Baliya Buzurg, Budhuwa, Fatehpur, Gobind Bigha, Paijuna, Panti",Akbarpur_13,श्री राजकिशोर प्रसाद,,9430090046.0,Backward Class (Others),,,,,,,,,,,,,
Nalanda,29. Nalanda,176. Nalanda,Noorsarai,"Ajaypur, Andhna, Barakhurd, Chandasi, Charuipar, Meyar, Muzaffarpur, Nirdur, Noorsarai",Noorsarai_14,प्रिती देवी,,6201875864.0,Backward Class (Mahila),,Wrong Number ,,,,,,,,,,,
Nawada,39. Nawada,237. Nawada,Nawada,"Bhadokhara, Bhagwan Pur, Jhunathi, Kena, Kharant, Mahuli, Sonsihari",Nawada_14,दुलारी देवी,,9507824267.0,Unreserved (Mahila),,,,,,,,,,,,,
Nalanda,29. Nalanda,176. Nalanda,Noorsarai,"Barara, Daruara, Doiya, Jagdishpur Tiari, Mamurabad, Nadiauna, Paparnousa, Rasalpur",Noorsarai_15,जुली कुमारी,,8252029701.0,SC (Mahila),,Call Connected,Not interested to Join JSP ,LJP,Not Interested,,,,LJP Zila Adhyaksh,,,,
Nawada,39. Nawada,237. Nawada,Nawada,"Aanti, Bhadauni, Dedaur, Gonawa, Jamuawan Patwasarai, Kadirganj, Loharpura, Nonoura, Oraina, Paura, Samai",Nawada_15,वीणा देवी,,9931840492.0,Backward Class (Mahila),,,,,,,,,,,,,
Nalanda,29. Nalanda,175. Hilsa,Parbalpur,"Alawan, Chausanda, Mai, Pilichh, Shivnagar",Parbalpur_16,उदय नंदन प्रसाद,,7033760595.0,Unreserved (Other),,,,,,,,,,,,,
Nawada,39. Nawada,239. Warsaliganj,Warisaliganj,"Apsand, Baghi Bardiha, Dosut, Hajipur, Kochgawan, Kutri, Makanpur, Manjaur",Warisaliganj_16,अंजनी कुमार,,7763922782.0,Unreserved (Other),,,,,,,,,,,,,
Nalanda,29. Nalanda,175. Hilsa,Tharthari,"Amera, Asta, Chhariyari, Jaitpur, Kachahria, Naraiyanpur, Tharthari",Tharthari_17,अमित कुमार राज,,9470702230.0,Unreserved (Other),,,,,,,,,,,,,
Nawada,39. Nawada,239. Warsaliganj,Warisaliganj,"Mohiuddinpur, Mosama, Paingari, Shahpur, Thera, Birnanwan, Chakwai, Saur",Warisaliganj_17,गीता देवी,,9771212356.0,Unreserved (Other),,,,,,,,,,,,,
Nalanda,29. Nalanda,177. Harnaut,Chandi,"Bhagwanpur, Chouriya, Hasni, Madhopur, Mahkar, Rukhai, Tulsigarh",Chandi_18,पिंकी कुमारी,,8936894708.0,Unreserved (Mahila),,,,,,,,,,,,,
Nawada,39. Nawada,239. Warsaliganj,Kashichak,"Belar, Birnanwan, Chandi Nawan, Khakhari, Khera Jagdishpur, Parwati, Subhanpur",Kashichak_18,सुनैना देवी,,8521057002.0,Unreserved (Mahila),,,,,,,,,,,,,
Nalanda,29. Nalanda,177. Harnaut,Chandi,"Araut, Barhauna, Belchhi, Gangaura, Narsanda, Salehpur, Sirnawan",Chandi_19,निरंजन कुमार,,8210482168.0,Backward Class (Others),,Call Connected,Already in JS,JSP,Ready to Meet,YES,YES,,,,,,
Nawada,39. Nawada,238. Gobindpur,Roh,"Bhatta, Dumari, Kunj, Marui, Nazardih, Ohari, Siur",Roh_19,श्री विद्याभूषण केवट,,7903225441.0,Backward Class (Others),,,,,,,,,,,,,
Nalanda,29. Nalanda,177. Harnaut,Harnaut,"Brah, Chero, Dihri, Kolawan, Nehusa, Pakar, Sartha, Telmar",Harnaut_20,कमलेश पासवान,,9304256478.0,SC (Other),,,,,,,,,,,,,
Nawada,39. Nawada,238. Gobindpur,Roh,"Bhikhanpur, Chhanaun, Koshirukhi, Madra, Morawan, Roh, Samahrigadh",Roh_20,श्रीमती बिनिता मेहता,,9123246130.0,Unreserved (Mahila),,,,,,,,,,,,,
Nalanda,29. Nalanda,177. Harnaut,Harnaut,"Basniyawan, Cheran, Chouriya, Gonawan, Lohara, Pachaura, Powari, Sudari",Harnaut_21,ममता देवी,,9006566007.0,Backward Class (Mahila),,,,,,,,,,,,,
Nawada,39. Nawada,238. Gobindpur,Gobindpur,"Baksauti, Baniya Bigha, Bhawan Pur, Bishun Pur, Budhwara, Gobindpur, Madhopur, Sarkanda, Sughari",Gobindpur_21,श्रीमती पुष्पा देवी,,9771791552.0,SC (Mahila),,,,,,,,,,,,,
Nalanda,29. Nalanda,172. Biharsharif,Rahui,"Amba, Dosut, Imamganj, Itasang Bhadwa, Moratalao, Paithna, Patasang, Supasang",Rahui_22,टूसी देवी,,9801755359.0,SC (Mahila),,,,,,,,,,,,,
Nawada,39. Nawada,239. Warsaliganj,Pakri Barawan,"Dheodha, Dumrawan, Konandpur, Pakri Barawan South, Pakribarawan North, Poksi, Ukaura",Pakri Barawan_22,पुनम देवी,,6375074816.0,Unreserved (Mahila),,,,,,,,,,,,,
Nalanda,29. Nalanda,172. Biharsharif,Rahui,"Barandi, Hawanpura, Mai Farida, Peshaur, Sonsa, Sosandi, Uttar Nawan",Rahui_23,कृति देवी,,7903228254.0,Unreserved (Mahila),,Call Connected,Want To Join JSP ,Neutral,Ready to Meet,YES,,,,,,,
Nawada,39. Nawada,239. Warsaliganj,Pakri Barawan,"Aruri, Balkhunda, Budhauli, Datraul, Dhamaul, Dhorah, Gulani, Jiuri, Kabla",Pakri Barawan_23,बच्चन देवी,,8084549529.0,Unreserved (Mahila),,,,,,,,,,,,,
Nalanda,29. Nalanda,171. Asthawan,Bind,"Bind, Jahana, Jamsari, Kathrahi, Lodipur, Tajnipur, Utarthu",Bind_24,विपिन कुमार,,9570350388.0,Unreserved (Other),,,,,,,,,,,,,
Nalanda,29. Nalanda,171. Asthawan,Sarmera,"Dhanuki, Kenar, Malawan, Mirnagar",Sarmera_25,नरोतम,,9934697570.0,Unreserved (Other),,,,,,,,,,,,,
Nalanda,29. Nalanda,171. Asthawan,Sarmera,"Chero, Husaina, Isua, Sasaura",Sarmera_26,अशोक कुमार सिंह,,9386020877.0,Unreserved (Other),,Call Connected,Want To Join JSP ,Neutral,Ready to Meet,YES,,,,,,,
Nalanda,29. Nalanda,171. Asthawan,Asthawan,"Amanwan, Gilani, Jana, Kaila, Murgia Chak, Sare",Asthawan_27,पुरूषोतम कुमार सिन्हा,,9931455006.0,Unreserved (Other),,Call Connected,Not interested to Join JSP ,jdu,Not Interested,NO,,,,,,,
Nalanda,29. Nalanda,171. Asthawan,Asthawan,"Andi, Kathari, Mahammadpur, Malti, Nerut, Onda",Asthawan_28,पंकज कुमार,,9472042650.0,SC (Other),,No Incoming ,,,,,,,,,,,
Nalanda,29. Nalanda,171. Asthawan,Asthawan,"Dumranwan, Jiar, Konand, Noanwan, Oiyav, Uganwan",Asthawan_29,अजय कुमार 2,,7352553695.0,Unreserved (Other),,Not Received ,,,,,,,,,,,
Nalanda,29. Nalanda,172. Biharsharif,Biharsharif,,Biharsharif_30,गीता देवी,,8789469715.0,Unreserved (Mahila),,Call Connected,Not interested to Join JSP ,RJD,Not Interested,NO,,,,,,,
Nalanda,29. Nalanda,172. Biharsharif,Biharsharif,"Biyawani, Dumrawan, Korai, Meghi Ngawan, Pachauri",Biharsharif_31,ममता कुमारी,,9334217912.0,SC (Other),,,,,,,,,,,,,
Nalanda,29. Nalanda,172. Biharsharif,Biharsharif,"Chhabila Pur, Hargawan, Pawa, Sakraul, Tetrawan, Tungi",Biharsharif_32,अनीता देवी,,8521825718.0,Unreserved (Other),,Call Connected,Want To Join JSP ,Neutral,Ready to Meet,YES,,,"He stated that if Jan Suraaj nominates him as its candidate, he will contest the election with the party’s support. However, even if the party does not nominate him, he intends to contest the election independently.",,,,
Nalanda,29. Nalanda,173. Rajgir,Giriak,"Adampur, Chorsua, Gajipur, Ghosrawan, Puraini, Pyarepur, Raitar",Giriak_33,मानो देवी,,6299253359.0,Backward Class (Mahila),,Call Connected,Already in JS,JSP,Ready to Meet,YES,,,Durga prasad ki bahan hain.,,,,
Nalanda,29. Nalanda,171. Asthawan,Katrisarai,"Bilari, Darweshpura, Katauna, Katri, Maira Barith",Katrisarai_34,कौशेलेन्द्र प्रसाद,,7091540391.0,Unreserved (Other),,Call Connected,,Neutral,,,,,"1-2 dino ka samay liye hain,uske baad soch kr baenge",,,,
Nawada,39. Nawada,238. Gobindpur,Kawakole,"Chhabail, Darawan, Kauakole, Kewali, Kharsari",Kawakole_24,नितीश कुमार,,7979045869.0,Unreserved (Other),,,,,,,,,,,,,
Nawada,39. Nawada,238. Gobindpur,Kawakole,"Lalpur, Mahudar, Manjhila, Paharpur, Sarauni, Sekhodewra",Kawakole_25,अजीत यादव,,9570055555.0,Unreserved (Other),,,,,,,,,,,,,
