Zone,District,PC,AC,Block,Panchayat,ZP Seat Number,In Final Candidates List,Runnerup ZP Name,Runnerup ZP Number,Tentatative Reservation Status ,ZP to Contest,PRI TO CONTEST,Secured Votes ,Current Party Inclination,Want To Contest With JSP ,PK Meeting Status,Tentatative Date,Calling Status,POC,ZP Status,Remark,,,,
Munger,Banka,27. Banka,159. Amarpur,Shambhuganj,"Baidpur, Bharatshila, Birnaudha, Chatrahar, Gulni, Kurma, Pakouri, Parmanandpur, Ramchua",Shambhuganj_1,,,,,,,,,,,,,,,,,,,
Munger,Banka,27. Banka,159. Amarpur,Shambhuganj,"Barsabad, Chutiya Belari, Jhakara, Kamatpur, Karsop, Kaswa, Maldih, Mirjapur, Pakariya, Parariya",Shambhuganj_2,,Rukmani kumari,9534782387.0,,,,,,,,,,,,,,,,
Munger,Banka,27. Banka,159. Amarpur,Amarpur,"Baijudih, Bhadariya, Kushmaha, Lakshmipur Chiraiya, Pawai, Sultanpur, Tardih",Amarpur_3,,Usha devi,7070222359.0,,,,,,,,,,,,,,,,
Munger,Banka,27. Banka,159. Amarpur,Amarpur,"Bhikhanpur, Garibpur, Gorgama, Kolbujurg, Mahadeopur, Salempur",Amarpur_4,,Ranju devi,9771230249.0,,,,,,,,,,,,,,,,
Munger,Banka,27. Banka,159. Amarpur,Amarpur,"Ballikitta, Bharko, Bisanpur, Fatehpur, Ratanpur Makduma, Sobhanpur",Amarpur_5,,Archna kumari,9162438901/8986431916,,,,,,,,,,,,,,,,
Munger,Banka,27. Banka,160. Dhoraiya,Rajaun,"Dhayaharna Mahgama, Harchandi Amhara, Majhgain Darpa, Rajabar, Sanjha Shyampur, Singhnan",Rajaun_6,,Gudiya devi,9934827792.0,,,,,,,,,,,,,,,,
Munger,Banka,27. Banka,160. Dhoraiya,Rajaun,"Bhawanipur-Kathoun, Khaira, Nawada Kharouni, Rajaun, Sakahara, Tilakpur",Rajaun_7,,Divya bharti,8340724487/9572777738,,,,,,,,,,,,,,,,
Munger,Banka,27. Banka,160. Dhoraiya,Rajaun,"Chilkawar Asouta, Dhouni-Bamdeo, Kathchatar Lilatari, Morama Bangaon, Orhara, Parghari-Lakra",Rajaun_8,,Ranvir yadav,9939294582.0,,,,,,,,,,,,,,,,
Munger,Banka,27. Banka,160. Dhoraiya,Dhuraiya,"Batsar, Karhariya, Kathbangaon Birbalpur, Mahila Bisanpur, Makaita Babura, Tahirpur Goura",Dhuraiya_9,,Vikramaditya,7061683247.0,,,,,,,,,,,,,,,,
Munger,Banka,27. Banka,160. Dhoraiya,Dhuraiya,"Chandadih, Jaipur, Kharoundha Jhotha, Logain, Sainchak, Sijhat Baliyas",Dhuraiya_10,,MD. Mehtab mehandi,8709867321.0,,,,,,,,,,,,,,,,
Munger,Banka,27. Banka,160. Dhoraiya,Dhuraiya,"Ahiro, Bhelai, Chalna, Gachiya Basbitta, Ghasiya, Kurma, Pair, Rangaon",Dhuraiya_11,,Dukhani khatun,9966932529.0,,,,,,,,,,,,,,,,
Munger,Banka,27. Banka,161. Banka,Barahat,"Bhabhangama, Ghodghawar, Kharhara, Kharihara, Mirjapur, Narayanpur, Sondiha North, Sondiha South",Barahat_12,,Digambbar yadav,7764906939.0,,,,,,,,,,,,,,,,
Munger,Banka,27. Banka,161. Banka,Barahat,"Auria, Bhurna, Lodiya Khurd, Mahua, Panjwara, Pathara, Sabalpur",Barahat_13,,Suman saurav,7783099933.0,,,,,,,,,,,,,,,,
Munger,Banka,27. Banka,161. Banka,Banka,"Bahera, Dudhari, Kajhiya, Karma, Lakhnaudi, Raniya Jogdiha, Samukhiya, Teliya",Banka_14,,Rajmani devi,7979012143.0,,,,,,,,,,,,,,,,
Munger,Banka,27. Banka,161. Banka,Banka,"Chhatrapal, Dara, Domuhan, Jamua, Kakwara, Lakrikola, Lodham, South Kateli",Banka_15,,Arjun prasad thakur,9934683636.0,,,,,,,,,,,,,,,,
Munger,Banka,27. Banka,163. Belhar,Fullidumar,"Kaitha, Kenduar, Pathdda, Sadpur, Teliya Pahar, Uttari Kojhi",Fullidumar_16,,Sanjiv kumar deo,9771161010.0,,,,,,,,,,,,,,,,
Munger,Banka,27. Banka,163. Belhar,Fullidumar,"Bhitiya, Dakshini Kojhi, Fullidumar, Kheshar, Rata",Fullidumar_17,,Nand kishor yadav,9939904252.0,,,,,,,,,,,,,,,,
Munger,Banka,27. Banka,163. Belhar,Belhar,"Basmata, Belhar, Dumariya, Hathiya Dara, Jhukiliya, Loudiya, Srinagar, Taraiya, Teliya Kumri",Belhar_18,,Surendra pandit,9955930093.0,,,,,,,,,,,,,,,,
Munger,Banka,27. Banka,163. Belhar,Belhar,"Bahorna, Dhouri, Ghorbahiyar, Nimiya, Raghunathpur, Rajpur, Ranga, Sahebganj, Surykana- Beldiha",Belhar_19,,Deepak kumar,9199819501.0,,,,,,,,,,,,,,,,
Munger,Banka,27. Banka,163. Belhar,Chandan,"Asuraha, Berfera Tetariya, Boda Suiya, Dhanubsar, Kaswabaliya (North), Kaswabaliya (South), Katsakara (East), Katsakara (West)",Chandan_20,,Rina devi,6200499195.0,,,,,,,,,,,,,,,,
Munger,Banka,27. Banka,163. Belhar,Chandan,"Birniya, Chandan, Chandawari, Gouripur, Koriya, Kusumjori, Siljori, Warney (North), Warney (South)",Chandan_21,,Sarita kumari,9905660531.0,,,,,,,,,,,,,,,,
Munger,Banka,27. Banka,162. Katoria,Katoria,"Badwasni, Bhorsar Bhelwa, Dewasi, Ghoramara, Hardhar, Kathoun",Katoria_22,,Bimla devi,8084926873.0,,,,,,,,,,,,,,,,
Munger,Banka,27. Banka,162. Katoria,Katoria,"Basmatta, Damodara, Jaipur, Jamdaha, Katiyari, Kolhasar, Lakrama, Maniya",Katoria_23,,Rimjhim devi,9905205920.0,,,,,,,,,,,,,,,,
Munger,Banka,27. Banka,162. Katoria,Bausi,"Angaru Jabda, Babhangama, Dahua, Kairi, Kudro",Bausi_24,,Najrana praveen,9346033319.0,,,,,,,,,Wrong Number ,,,,,,,
Munger,Banka,27. Banka,162. Katoria,Bausi,"Ashnaha, Chilkara, Faga, Gokula, Sanga, Sanpdahar, Sarua, Sikandarpur",Bausi_25,,Ganesh murmu,9771874748.0,,,,,,,,,,,,,,,,
Munger,Jamui,40. Jamui (SC),241. Jamui,Barhat,"BARHAT, BADI, LAKHAI, MALLEHPUR, KATAUNA, NOOMAR, DAHA, GUGULDIH, BARIYARPUR",Barhat_1,,Kumari khusboo,N/A,,,,,,,,,,,,,,,,
Munger,Jamui,40. Jamui (SC),242. Jhajha,Laxmipur,"MATIA, GOURA, CHINBENA, MARAIYA, NAZARI, ANANDPUR, HARLA, KALA, PIDRON, MOHANPUR, KAKANCHOR, DIGHI, KHILAR",Laxmipur_2,,Devi manju,9955276357.0,,,,,,,,,,,,,,,,
Munger,Jamui,40. Jamui (SC),242. Jhajha,Gidhor,"MOURA, GANGRA, PATSANDA, SEVA, RATANPUR, KUNDHUR, PURWI GUGULDIH, KOLHUA",Gidhor_3,,Kumari Anju,9631431021.0,,,,,,,,,,,,,,,,
Munger,Jamui,40. Jamui (SC),241. Jamui,Jamui,"MAJHWE, KAKAN, LAKHANPUR, KUNDRI SONKURHA, DAULATPUR",Jamui_4,,कुमार राहुल,9939998281.0,,,,,,,,,,,,,,,,
Munger,Jamui,40. Jamui (SC),241. Jamui,Jamui,"ARSAR, CHORDIHA, AGAHARA, AMRATH, INDPE, GARSANDA, THEGUA",Jamui_5,,Ram mumari,7352188062.0,,,,,,,,,,,,,,,,
Munger,Jamui,40. Jamui (SC),240. Sikandra,Sikandra,"Manjosh, Sijhauri, Khardih, Mahadev Simaria, Marcha Pathchak, Itasagar, Bichave",Sikandra_6,,N/A,,,,,,,,,,,,,,,,,
Munger,Jamui,40. Jamui (SC),240. Sikandra,Sikandra,"POHE, SAVALBIGHA DHULO, GOKHLA, KODASI, LACHHAWAR",Sikandra_7,,Paswan Bhagwan,9973964122.0,,,,,,,,,,,,,,,,
Munger,Jamui,40. Jamui (SC),240. Sikandra,Islamnagar Aliganj,"ALIGANJ, ISLAMNAGAR, KODWARIYA, KAIYAR, DARKHA, PURSANDA, MIRJAGANJ",Islamnagar Aliganj_8,,Devi Rinku,9939363630.0,,,,,,,,,,,,,,,,
Munger,Jamui,40. Jamui (SC),240. Sikandra,Islamnagar Aliganj,"KAITHA, AADA, DIN NAGAR, KOLHANA, ABGILA CHAURASA, SOHORA",Islamnagar Aliganj_9,,AalamMd. Shahnawaj,7485056020.0,,,,,,,,,,,,,,,,
Munger,Jamui,40. Jamui (SC),240. Sikandra,Khaira,"AMARI, GOPALPUR, KHAIRA, REPURA, BANPUR, DABIL",Khaira_10,,Babli singh,6205431477.0,,,,,,,,,,,,,,,,
Munger,Jamui,40. Jamui (SC),240. Sikandra,Khaira,"Bela, Chauwan, Jhundo, Jitjhingoi, Kagesar, Kendih, Karaich, Mangobandar",Khaira_11,,Manju kumari,8271969518.0,,,,,,,,,,,,,,,,
Munger,Jamui,40. Jamui (SC),240. Sikandra,Khaira,"BISANPUR, GARHI, ARNAWABANK, HARKHAR, HARNI, GOLI, BHIMAIN, NIM NAWADA",Khaira_12,,Kamrun nisha,9199481211.0,,,,,,,,,,,,,,,,
Munger,Jamui,40. Jamui (SC),242. Jhajha,Jhajha,"BALIYADIH, RAJLA, CHAI, BARAKULA, KHURENDA, KANAUDI, TELVA",Jhajha_13,,Vinod kumar yadav,8340360627.0,,,,,,,,,,,,,,,,
Munger,Jamui,40. Jamui (SC),242. Jhajha,Jhajha,"BORWA, PAIRGAHA, KARMA, KARHARA, BARAJOR, BAIJLA",Jhajha_14,,Vishwaraj,9031189009.0,,,,,,,,,,,,,,,,
Munger,Jamui,40. Jamui (SC),243. Chakai,Sono,"SAREBAD, CHHUCHHNARIYA, LALILEWAR, THAMHAN, MAHESHWARI, RAJAUN, BABUDIH, CHURHEP",Sono_16,,Devi chinta,8340746323.0,,,,,,,,,,,,,,,,
Munger,Jamui,40. Jamui (SC),243. Chakai,Sono,"SONO, BALTHAR, LOHA, KESHOFARKA, NAIYADIH, LAKHANKIYARI, PAIRAMATIHANA, DHODHARI, BELAMBA, DAHIYARI",Sono_17,,Devi pallavi,9934479641.0,,,,,,,,,,,,,,,,
Munger,Jamui,40. Jamui (SC),243. Chakai,Chakai,"PARACHI, OJHA, CHAKAI, RAMCHANDRA DIH, BAUNGI, BARMORIYA, BAMDA, THADI, CHAUPHLA",Chakai_18,,Munshi marandi,9523795416.0,,,,,,,,,,,,,,,,
Munger,Jamui,40. Jamui (SC),243. Chakai,Chakai,"Ghutbey, Madhopur, Chandramandi, Kiyajori, Nawadih, Kalyanpur, Ramsingh Dih, Thadwa",Chakai_19,,Bindeshwri paswan,N/A,,,,,,,,,,,,,,,,
Munger,Jamui,40. Jamui (SC),243. Chakai,Chakai,"Gajhi, Dullampur, Nawadhi Sirfari, Petar Pahari, Fariyatadig, Saron",Chakai_20,,Rameswar yadav,9973657173.0,,,,,,,,,,,,,,,,
Munger,Bhagalpur,26. Bhagalpur,156. Bhagalpur,Jagdishpur,"Baijani, Emampur, Jamni, Khiribandh, Sanhauli, Shahjangi",Jagdishpur_16,,MD Humayu,9472155601.0,,,,,,,,,,,,,,,,
Munger,Bhagalpur,26. Bhagalpur,156. Bhagalpur,Jagdishpur,"Baluwa Chak Puraini, Bhawanipur Desari, Chandpur, Jagadishpur, Puraini North, Puraini South, Puraini Tola Sonu Chak, Saino",Jagdishpur_17,,Najrana praveen,9346033319.0,,,,,,,,,,,,,,,,
Munger,Naugachhiya,26. Bhagalpur,152. Bihpur,Bihpur,"Babhangama, Bihpur East, Bihpur Jamalpur, Bihpur Middle, Bihpur South, Lattipur North, Lattipur South",Bihpur_2,,Samir kumar,9939866709.0,,,,,,,,,,,,,,,,
Munger,Bhagalpur,26. Bhagalpur,152. Bihpur,Bihpur,"Dhrampur Ratti, Hario, Jhandapur East, Jhandapur West, Marwa East, Marwa West",Bihpur_1,,Mina devi,9534665596.0,,,,,,,,,,,,,,,,
Munger,Bhagalpur,26. Bhagalpur,152. Bihpur,Kahalgaon,"Antichak, Nandlal Pur, Oriup, Sadanandpur Baisa, Salempur Saini, Shyam Pur, Sinya",Kahalgaon_22,,Sarojani devi,8340166304/9934877074,,,,,,,,,,,,,,,,
Munger,Bhagalpur,26. Bhagalpur,152. Bihpur,Kahalgaon,"Birbanna, Ekdara, Kishundaspur, Mathura Pur, Mohanpur Goghatta, Ram Pur, Ramjani Pur",Kahalgaon_23,,Jitendra kumar,7759900905.0,,,,,,,,,,,,,,,,
Munger,Bhagalpur,26. Bhagalpur,152. Bihpur,Kahalgaon,"Bholsar, Ekchari, Ghogha, Jani Dih, Kodwar, Pakki Sarai, Prasastdih",Kahalgaon_24,,Vindu devi,8340436230.0,,,,,,,,,,,,,,,,
Munger,Bhagalpur,26. Bhagalpur,152. Bihpur,Kahalgaon,"Bansi Pur, Dhanora, Kairiya, Kurma, Lagama, Mahesa Munda, Ogari",Kahalgaon_25,,Priti purvasha,9473199381.0,,,,,,,,,,,,,,,,
Munger,Naugachhiya,26. Bhagalpur,152. Bihpur,Kharik,"Akidatpur, Dhrubganj, Khairpur, Kharik Bazar, Raghopur, Telghi, Usmanpur",Kharik_5,,Kum kum devi,7782992832/8340205600/9717265274,,,,,,,,,,,,"NO,BJP me hai",,,,
Munger,Bhagalpur,26. Bhagalpur,152. Bihpur,Kharik,"Bhawanpura, Chorhar, Dhoriya Dadpur, Got-Kharik, Lokmanpur, Tulsipur",Kharik_4,,Chandan kumar,9304453804.0,,,,,,,,,,,,,,,,
Munger,Naugachhiya,26. Bhagalpur,152. Bihpur,Narayanpur,"Baikatpur Dudhaila, Bhawanipur, Jaipurchuhar West, Jaypurchuhar East, Nagarpara East, Nagarpara North, Nagarpara South, Raipur, Shahzadpur, Sihpur East, Sihpur West",Narayanpur_3,,Anita sharma,9572719083.0,,,,,,,,,,,,,,,,
Munger,Naugachhiya,26. Bhagalpur,153. Gopalpur,Gopalpur,"Abhia Pachagachia, Babu Tola Kamlakund, Dumaria Chaperghat, Gopalpur Dimaha, Gosai Gaown, Makandpur, Saidpur, Sukatia Bazar, Tintanga Karari",Gopalpur_8,,Kajal kumari,9534671381.0,,,,,,,,,,,,,,,,
Munger,Naugachhiya,26. Bhagalpur,153. Gopalpur,Ismailpur,"Ismailpur Paschimi Bhitha, Ismailpur Purabi Bhitha, Kamla Kund, Narayanpur Laxmipur, Parbatta",Ismailpur_7,,Savita devi,9931853423.0,,,,,,,,,,,,,,,,
Munger,Naugachhiya,26. Bhagalpur,153. Gopalpur,Naugachhia,"Dholbazza, Jagatpur, Jamunia, Kadawa Diyara, Kahairpur Kadawa, Khagara, Nagrah, Pakra, Punama Pratap Nagar, Tetari",Naugachhia_6,,Kiran devi,8340132145.0,,,,,,,,,,,,,,,,
Munger,Naugachhiya,26. Bhagalpur,153. Gopalpur,Rangrachowk,"Baisi Jahangirpur, Bania Baisi, Bhawanipur, Koshkipur Sahaura, Madrauni, Murli, Rangra, Sadhua Chapar, Tintanga Diyara North, Tintanga Diyara South",Rangrachowk_9,,Manju devi,7282999656.0,,,,,,,,,,,,,,,,
Munger,Bhagalpur,26. Bhagalpur,155. Kahalgaon,Goradih,"Agarpur, Agarpur Machhipur, Bishanpur Jichho, Khutaha, Pithna, Sarath Daharpur, Ushtu",Goradih_20,,Priyanka kumari,7781902078.0,,,,,,,,,,,,,,,,
Munger,Bhagalpur,26. Bhagalpur,155. Kahalgaon,Goradih,"Goradih, Kasimpur, Mohanpur, Murhan Jamin, Nadiyama, Salpur, Sonudih Satjori, Tarchha Damuchak",Goradih_21,,Shobha devi,9934779731.0,,,,,,,,,,,,,,,,
Munger,Bhagalpur,26. Bhagalpur,155. Kahalgaon,Sonhaula,"Amdanda, Arar, Bari Naki, Boda Pathakdih, Dhuabai, Madarganj, Sanokhar, Silhan Khajuria, Telaundha",Sonhaula_31,,Mukesh kumar ram,7461037415.0,,,,,,,,,,,,,,,,
Munger,Bhagalpur,26. Bhagalpur,155. Kahalgaon,Sonhaula,"Amdiha, Bhuria Mahiyama, Fajilpur Sakrama, Kamalpur Srichak, Madhopur Bathani, Maheshpur Ghanshyamchak, Pothia, Sanhaula, Tarar",Sonhaula_30,,Mala devi 1,9801809037.0,,,,,,,,,,,,,,,,
Munger,Bhagalpur,26. Bhagalpur,158. Nathnagar,Nathnagar,"Belkhoria, Bisanram Pur, Goura Choki, Kajraily, Nisf Ambe, Noorpur",Nathnagar_15,,Ashok kumar,9234828161/7631324475,,,,,,,,,,,,,,,,
Munger,Bhagalpur,26. Bhagalpur,158. Nathnagar,Nathnagar,"Bhatoria, Bhuwalpur, Gosaidaspur, Raghopur, Rampur Khurd, Rannuchak Makandpur, Rattipur Bariya, Shankarpur",Nathnagar_14,,Aarti kumari,7991199760.0,,,,,,,,,,,,,,,,
Munger,Bhagalpur,26. Bhagalpur,158. Nathnagar,Sabour,"Baijalpur, Chandheri, Khankita, Lailakh, Lodipur, Parghari, Sardho",Sabour_19,,Arvind mandal,9470033916.0,,,,,,,,,,,,,,,,
Munger,Bhagalpur,26. Bhagalpur,158. Nathnagar,Sabour,"Barari, Farka, Fatehpur, Mamalkha, Rajandipur, Shankarpur",Sabour_18,,Mahesh yadav,8235301002.0,,,,,,,,,,,,,,,,
Munger,Bhagalpur,26. Bhagalpur,154. Pirpainti,Pirpainti,"Babupur, Bakharpur East, Bakharpur West, Gobindpur, Manik Pur, Mohanpur, Parshurampur, Pirpainti",Pirpainti_29,,Murli yadav,9931447682.0,,,,,,,,,,,,,,,,
Munger,Bhagalpur,26. Bhagalpur,154. Pirpainti,Pirpainti,"Bandhu Jairam, Ekchari Diyara, Khavaspur, Mohan Pur Madhu Ban, Rani Diara, Shrimatpur Hujurnagar, Shrimatpur Gopalichak",Pirpainti_26,,Kanhai lal singh,8240487159.0,,,,,,,,,,,,,,,,
Munger,Bhagalpur,26. Bhagalpur,154. Pirpainti,Pirpainti,"Bara, Hardeo Chak, Payala Pur, Rajgaon, Rajgaon Araji, Rifatpur, Rifatpur Simanpur, Roushanpur",Pirpainti_28,,Jitendra pandit,7295830807.0,,,,,,,,,,,,,,,,
Munger,Bhagalpur,26. Bhagalpur,154. Pirpainti,Pirpainti,"Harin Kol, Kirtania, Olapur, Parasbanna, Salempur",Pirpainti_27,,Abdul rajjak,9006334560.0,,,,,,,,,,,,,,,,
Munger,Jamui,40. Jamui (SC),242. Jhajha,Jhajha,"Chhapa, Dhamna, Hathia, Jamu Kharaiya, Kanan, Keshopur, Mahapur",Jhajha_15,,Pawan kumar,9939532291.0,,,,,,,,,,,,,,,,
Munger,Bhagalpur,27. Banka,157. Sultanganj,Shahkund,"Amba, Dariyapur, Daspur, Govrain, Hajipur, Harnath, Khaira, Khulni, Kishanpur Amkhoria, Sajaur",Shahkund_12,,Sima khatun,9473218973.0,,,,,,,,,,,,,,,,
Munger,Bhagalpur,27. Banka,157. Sultanganj,Shahkund,"Basudeopur, Belthu, Bhulni, Dindayal Pur, Jagaria, Kaswa Kherhi, Makanpur, Pair Dominia Mal, Sarauni",Shahkund_13,,Vinay singh,9199382813.0,,,,,,,,,,,,,,,,
Munger,Bhagalpur,27. Banka,157. Sultanganj,Sultanganj,"Abjuganj, E. Chicharaun, Gangania, Kamarganj, Karharia, Kishanpur, Maheshi, Masdi, Tilakpur",Sultanganj_10,,Archna kumari,9931008291.0,,,,,,,,,,,,,,,,
Munger,Bhagalpur,27. Banka,157. Sultanganj,Sultanganj,"Ashia Chak, Bhirkhurd, Dhandhi Belari, Katahara, Khanpur, Kherahia, Kumaitha, Mirhatti, Nayagaon",Sultanganj_11,,Adhiklal rajak,8521282838.0,,,,,,,,,,,,,,,,
Munger,Munger,28. Munger,165. Munger,Munger Sadar,"Putlupur, Jafar Nagar, Bhikharam Pur, Mohali, Sankarpur, Simathapur, Mirzapur Baithya, Kathariya, Jankinagar, Barapur Diyara, Nuwoghra East, Nuwoghra West",Munger Sadar_1,,Mangal kumar,6205389047.0,,,,,,,,,,,,,,,,
Munger,Munger,28. Munger,165. Munger,Munger Sadar,"Srimathpur, Kataria, May, Mirzapur vardha, Nauwagari uttari, Nauwagari dakshni, Jankinagar, Tarapur diyara",Munger Sadar_2,,Najma khatun,6203427413.0,,,,,,,,,,,,,,,,
Munger,Munger,28. Munger,166. Jamalpur,Jamalpur,"Singiya, Indhu West, Indhu East, Ram Nagar, Baak, Patampur East, Patampur West, Kala Rampur, Parham, Ithari",Jamalpur_3,,Sunita devi,9234568272.0,General,Yes,Yes,,Independent,No,No,,Call Connected,,Waiting For Roster,,,,,
Munger,Munger,28. Munger,166. Jamalpur,Dharhara,"Dhara Uttari, Dhara Dakshni, Bahachauki, Hemzapur, Shivkund, Sarobaag, Matadih, Itwah, Amari",Dharhara_4,,Rina devi,8709368572.0,,Yes,Yes,,Independent,Dicey,No,,Call Connected,,Waiting For Roster,,,,,
Munger,Munger,28. Munger,166. Jamalpur,Dharhara,"Mataadi, Parobagh, Itwa, Panchrukhi, Adharpur Mari, Aurabagicha Mohanpur, Dharhra, Manra Malhna, Magham, Azimganj, Bangalwa, Shukhund, Hinjapur, Baha Choki",Dharhara_5,,Aasha rai,8292716159.0,,,,,,,,,,,,,,,,
Munger,Munger,28. Munger,165. Munger,Bariyarpur,"Harinmarg, Jhauwabahiyar, Kalyan tola uttari, Bariyarpur, Ratanpur",Bariyarpur_6,,Punam mandal,7004278820.0,,Yes,Yes,,Independent,No,No,,Call Connected,,,,,,,
Munger,Munger,40. Jamui (SC),164. Tarapur,Kharagpur,,Kharagpur_8,,Puja kumari,7903092639.0,,Yes,Yes,,,No,No,,Call Connected,,,,,,,
Munger,Munger,40. Jamui (SC),164. Tarapur,Kharagpur,"Ramankabad West, Ramankabad East, Murade, Gangata, Dariyapur First, Dariyapur Second, Barui, Murhari, Majhgyan",Kharagpur_9,,Rina devi,8084398181.0,,,,,,,,,,,,,,,,
Munger,Munger,40. Jamui (SC),164. Tarapur,Asarganj,"Amaiya, Chorganw, Sajua, Rahamatpur, Makwa, Jorari, Asarganj",Asarganj_10,,Vinod kumar,9122446117.0,,,,,,,,,,,,,,,,
Munger,Munger,40. Jamui (SC),164. Tarapur,Tarapur,"Beladih, Dhobai, Ganaili, Khaira, Manikpur, Rampur Bisai",Tarapur_11,,Firoja pravin,9955506101.0,,,,,,,,,No Incoming ,,,,,,,
Munger,Munger,40. Jamui (SC),164. Tarapur,Tarapur,"Afjalnagar, Kaneli, Bihma, Launa, Parbhara",Tarapur_12,,Sailesh kumar,9931546666/9431463246,,Yes,Yes,,RJD,No,No,,Call Connected,,,,,,,
Munger,Munger,40. Jamui (SC),164. Tarapur,Tetiabambar,"Bangama, Banhara, Bhuna, Dhauri, Kesauli, Nonaji, Tetia",Tetiabambar_13,,Gautam kumar,6202394003/7321994212,,Yes,Yes,,RJD,No,No,,Call Connected,,,,,,,
Munger,Munger,40. Jamui (SC),164. Tarapur,Sangrampur,"Durmatta, Badhoniya, Balia, Katiyari, Dadarijala, Rampur, Didarganj, Durgapur, Jhikuli, Kusmar",Sangrampur_14,,Punam bharti,7482993828.0,,,,,,,,,,,,,,,,
Munger,Munger,28. Munger,165. Munger,Bariyarpur,,Bariyarpur_7,,Niranjan chaudhary,7634980204.0,,,,,,,,,,,,,,,,
Magadh,Arwal,36. Jehanabad,214. Arwal,Arwal,"Abgila, Amara, Khabhaini, Parasi, Rampur Baina, Sarouti",Arwal_2,,दिब्या भारती,8742927641.0,,,,,,,,,,,,,,,,
Magadh,Arwal,36. Jehanabad,214. Arwal,Arwal,"Basilpur, Bhadasi, Fakharpur, Payarechak, Sakri, Sonwarsa",Arwal_1,,रवीन्द्र यादव,8789625815.0,,,,,,,,,,,,,,,,
Magadh,Arwal,36. Jehanabad,214. Arwal,Kaler," Sakri Khurd, Balidad, Injor, Jaipur, Kamta, Pahleja, Usari",Kaler_3,,पनिला देवी,9113445704.0,,,,,,,,,,,,,,,,
Magadh,Arwal,36. Jehanabad,214. Arwal,Kaler,"Belawan, Belsar, Ismailpur Koil, Mainpura, North Kaler, Sohsa, South Kaler, Teri",Kaler_4,,जग जीवन राम,9801288002.0,,,,,,,,,,,,,,,,
Magadh,Arwal,36. Jehanabad,214. Arwal,Karpi," Khajuri,  Kochahasa, Aiyara, Kinjar, Murarhi, Nagwan, Pariyari, Purainiya Shekha, Rohai",Karpi_5,,शत्रुध्न पंडित,8210724547.0,,,,,,,,,,,,,,,,
Magadh,Arwal,36. Jehanabad,214. Arwal,Karpi,"Bambhi, Belkhara, Chauhar, Dorra, Karpi, Keyal, Narga, Puran, Rampur Chay, Shahar Telpa",Karpi_6,,स्मिता कुमारी,8421850366.0,,,,,,,,,,,,,,,,
Magadh,Arwal,36. Jehanabad,215. Kurtha,Kurtha,"Ahamadpur Harna, Manikpur, Nadaura, Nidhwan, Sachae",Kurtha_9,,संतोष कुमार,7654054917.0,,,,,,,,,,,,,,,,
Magadh,Arwal,36. Jehanabad,215. Kurtha,Kurtha,"Bara, Dhamaul, Embrahimpur, Kodmarae, Pinjrawan",Kurtha_8,,मो० फैयाज अहमद,8299260257.0,,,,,,,,,,,,,,,,
Magadh,Arwal,36. Jehanabad,215. Kurtha,Sonbhadra-Bansi-Surajpur,"Anua, Belaura, Chamandih, Kharasin, Khatangi, Mali, Sherpur, Sonbhdra",Sonbhadra-Bansi-Surajpur_7,,गुड़िया कुमारी,8757661555.0,,,,,,,,,,,,,,,,
Magadh,Aurangabad,37. Aurangabad,223. Aurangabad,Aurangabad,"Bela, Ibrahimpur, Jamhaur, Karma Bhagwan, Khaira Bind, Kurmahan, Pararwan, Phesar",Aurangabad_12,,सुमित्रा देवी,9430023245.0,,,,,,,,,,,,,,,,
Magadh,Aurangabad,37. Aurangabad,223. Aurangabad,Aurangabad,"Khaira Mirja, Manjhar, Naugarh, Ora, Paras Dih, Poiwan, Pokhrahan",Aurangabad_18,,मंजरी सिंह,9199891413.0,,,,,,,,,,,,,,,,
Magadh,Aurangabad,35. Karakat,219. Goh,Goh,"Amari, Bazar Barma, Beraka, Bhurkunda, Goh, Malhad",Goh_6,,संगीता सिंह,9431278811.0,,,,,,,,,,,,,,,,
Magadh,Aurangabad,35. Karakat,219. Goh,Goh,"Baksar, Barma Khurd, Chapuk, Deohara, Dihuri, Fag, Jhikatia",Goh_7,,रंजना शर्मा,9801969900.0,,,,,,,,,,,,,,,,
Magadh,Aurangabad,35. Karakat,219. Goh,Goh,"Bantara, Dadhapi, Hasampur, Hathiara, Mirpur, Teap, Uphara",Goh_5,,अमृता यामिनी,6205017760.0,,,,,,,,,,,,,,,,
Magadh,Aurangabad,35. Karakat,219. Goh,Haspura,"Ahiyapur, Dhusari, Jaitpur, Koilwan, Malhara, Sonhathu, Tal",Haspura_4,,आरती कुमारी,9135534288.0,,,,,,,,,,,,,,,,
Magadh,Aurangabad,35. Karakat,219. Goh,Haspura,"Amjhar, Dindir, Dumara, Haspura, Itwan, Piru, Purhara",Haspura_3,,चिंता मणि देवी,8871441276.0,,,,,,,,,,,,,,,,
Magadh,Aurangabad,35. Karakat,219. Goh,Rafiganj,"Arthua, Balar, Chew, Chobara, Dugul, Gordiha, Lohara",Rafiganj_9,,भोला शर्मा,8809364430.0,,,,,,,,,,,,,,,,
Magadh,Aurangabad,35. Karakat,219. Goh,Rafiganj,"Baghora, Baligawn, Bhaduki Kalan, Bhadwa, Charkanwan, Dhosila, Kerap, Kotbara, Sihuli",Rafiganj_8,,बबीता देवी,9955877700.0,,,,,,,,,,,,,,,,
Magadh,Aurangabad,35. Karakat,219. Goh,Rafiganj,"Baur, Bhetaniyan, Itar, Kajpa, Latta, Pauthu, Pogar",Rafiganj_13,,अनिल कुमार चंद्रवंशी,7004656129.0,,,,,,,,,,,,,,,,
Magadh,Aurangabad,37. Aurangabad,222. Kutumba,Deo,"Banua, Baranda Rampur, Berhna, Dulare, East Kataki, Eraura, Sarganwan, West Kataki",Deo_28,,चिन्ता देवी,8521273513.0,,,,,,,,,,,,,,,,
Magadh,Aurangabad,37. Aurangabad,222. Kutumba,Deo,"Basdiha, Berhani, Bhawanipur, Hasauli, Israur, Kharkani, Pawai",Deo_26,,निर्मला देवी,7903049330.0,,,,,,,,,,,,,,,,
Magadh,Aurangabad,37. Aurangabad,222. Kutumba,Kutumba,"Amba, Bairaw, Bharaundha, Dumra, Karma Basantpur, Telhara",Kutumba_25,,शशिकान्त सिंह,9934909103.0,,,,,,,,,,,,,,,,
Magadh,Aurangabad,37. Aurangabad,222. Kutumba,Kutumba,"Balia, Dumari, Maharajganj, Matpa, Parta, Pipra Bagahi, Sanda",Kutumba_23,,सोनीलाल रमण,9955838919.0,,,,,,,,,,,,,,,,
Magadh,Aurangabad,37. Aurangabad,222. Kutumba,Kutumba,"Dadhpa, Gheura, Jagdishpur, Kutumba, Rishi Up, Suhi, Verma",Kutumba_24,,दिपक कुमार वर्मा,8002259102.0,,,,,,,,,,,,,,,,
Magadh,Aurangabad,35. Karakat,221. Nabinagar,Barun,"Badhi Khurd, Dhamanee, Dudhar, Jankop, Kanchanpur, Khaira, Meh, Riur",Barun_19,,रेखा कुमारी,6200197511.0,,,,,,,,,,,,,,,,
Magadh,Aurangabad,35. Karakat,221. Nabinagar,Barun,"Bhopatpur, Dhangai, Gothaulee, Kaji Chak, Kocharh, Pauthu, Pipra, Tengara",Barun_17,,प्रियंका आनंद,7479828095.0,,,,,,,,,,,,,,,,
Magadh,Aurangabad,35. Karakat,221. Nabinagar,Nabinagar,"Ankorha, Bairiya, Bariawan, Kanker, Sonaura, Soree",Nabinagar_20,,रिंकू सिंह,8389088640.0,,,,,,,,,,,,,,,,
Magadh,Aurangabad,35. Karakat,221. Nabinagar,Nabinagar,"Basdiha, Chandragardh, Harihar Urdana, Khajuri Pandu, Mahuaawan, Mungia, Ramnagar, Simaree Dhamanee, Tandwa, Tol",Nabinagar_22,,अरविन्द कुमार,8936888090.0,,,,,,,,,,,,,,,,
Magadh,Aurangabad,35. Karakat,221. Nabinagar,Nabinagar,"Belaien, Jaihind Tendua, Kerka, Majhiawan, Naur, Pipra, Rajpur, Rampur, Thengo",Nabinagar_21,,ओबिंद राम,9939879477.0,,,,,,,,,,,,,,,,
Magadh,Aurangabad,35. Karakat,220. Obra,Daudnagar,"Akorha, Anchha, Belwan, Karma, Manar, Sansa, Tarar, Tarari",Daudnagar_2,,शीला देवी,8369407606.0,,,,,,,,,,,,,,,,
Magadh,Aurangabad,35. Karakat,220. Obra,Daudnagar,"Arai, Chauri, Gordiha, Kanap, Mahawar, Shamshernagar, Sinduar",Daudnagar_1,,रामकृष्ण कुमार,9431278923.0,,,,,,,,,,,,,,,,
Magadh,Aurangabad,35. Karakat,220. Obra,Obra,"Amilona, Babandiha, Dihara, Dihri, Kanchanpur, Kara, Tejpura",Obra_16,,शैबा प्रवीण,7033806768.0,,,,,,,,,,,,,,,,
Magadh,Aurangabad,35. Karakat,220. Obra,Obra,"Bel, Obra, Karsawan, Malwan, Sarsauli, Sonhuli",Obra_15,,प्रतिमा गुप्ता,9136151480.0,,,,,,,,,,,,,,,,
Magadh,Aurangabad,35. Karakat,220. Obra,Obra,"Bharub, Chanda, Gaini, Khudwan, Mahuwan, Ratanpur, U.B.",Obra_14,,शीला देवी,6205047851.0,,,,,,,,,,,,,,,,
Magadh,Aurangabad,37. Aurangabad,224. Rafiganj,Madanpur,"Baniya, Beri, Khiriyawan, Madan Pur",Madanpur_10,,अभय कुमार शिकारी,8294873941.0,,,,,,,,,,,,,,,,
Magadh,Aurangabad,37. Aurangabad,224. Rafiganj,Madanpur,"Chein Nawada, Dadhpi, Erkikala, Mahuawan, Pipraura, Pirthu, War",Madanpur_11,,अरुणकुमार सिंह,8084295277.0,,,,,,,,,,,,,,,,
Magadh,Aurangabad,37. Aurangabad,224. Rafiganj,Madanpur,"Ghatrain, Ghora Dehari, Manika, Nema Anjan, North Umga, Pirwan, Salaiya, South Umga",Madanpur_27,,मंजू देवी,9801123565.0,,,,,,,,,,,,,,,,
Magadh,Gaya,36. Jehanabad,233. Atri,Atri,"Chakra, Dhusri, Dihuri, Jiri, Narawat, Sahora, Sirh, Tetua",Atri_12,,रिता देवी,9508316567.0,,,,,,,,,,,,,,,,
Magadh,Gaya,36. Jehanabad,233. Atri,Khizarsarai,"Aima, Chiraili, Horma, Kutlupur, Siswar, Uchauli",Khizarsarai_10,,अखिलेश कुमार,"9934422067
7903140407",,,,,,,,,,,,,,,,
Magadh,Gaya,36. Jehanabad,233. Atri,Khizarsarai,"Bihta, Hathiyawan, Hemara, Jamuawan, Kurwa, Naudiha, Rauniya, Sarbahada",Khizarsarai_9,,रंजीत साव,9939712378.0,,,,,,,,,,,,,,,,
Magadh,Gaya,36. Jehanabad,233. Atri,Mohra,"Arai, Dariyapur, Gehlor, Jethian, North Kajoor, Sarsu, Sewtar, South Kajoor, Tetar",Mohra_13,,सीमा सिन्हा,8789770034.0,,,,,,,,,,,,,,,,
Magadh,Gaya,36. Jehanabad,233. Atri,Neemchak Bathani,"Bathani, Khukhri, Mai, Maniyara, Naili, Saren, Singhaul, Telari",Neemchak Bathani_11,,अंजू देवी,9801492412.0,,,,,,,,,,,,,,,,
Magadh,Gaya,38. Gaya (SC),228. Barachatti,Barachatti,"Bajarkar, Bibi Pesra, Binda, Jhajh, Patluka, Sarawan",Barachatti_45,,उमैर खाँ,9939252568.0,,,,,,,,,,,,,,,,
Magadh,Gaya,38. Gaya (SC),228. Barachatti,Barachatti,"Bara, Bhalua, Bumer, Dewaniya, Jaigir, Kahudag, Rohi",Barachatti_46,,अनिता कुमारी,8287278378.0,,,,,,,,,,,,,,,,
Magadh,Gaya,38. Gaya (SC),228. Barachatti,Bodhgaya,"Atiya, Basarhi, Gapha Khurd, Ilara, Kanhaul, Mora Tal, Nawan, Shekhwara",Bodhgaya_37,,मंजु देवी,9955819247.0,,,,,,,,,,,,,,,,
Magadh,Gaya,38. Gaya (SC),228. Barachatti,Bodhgaya,"Bara, Itara, Jhikatiya, Kurmawan, Mocharim, Mora Mardana",Bodhgaya_36,,सुभद्रा देवी,9304596439.0,,,,,,,,,,,,,,,,
Magadh,Gaya,38. Gaya (SC),228. Barachatti,Mohanpur,"Ambatari, Amkola, Bagula, Bumuar, Dema, Dharhara, Gopal Kera, Kewala, Musaila",Mohanpur_44,,मुस्कान कुमारी,"8825197044
9939472768",,,,,,,,,,,,,,,,
Magadh,Gaya,38. Gaya (SC),228. Barachatti,Mohanpur,"Erki, Guriyawan, Khardih, Ladu, Lakhaipur, Matihani, Sinduar, Siriyawan, Teswar",Mohanpur_43,,पुजा कुमारी,9801524152.0,,,,,,,,,Not Received ,,,,,,,
Magadh,Gaya,38. Gaya (SC),232. Belaganj,Belaganj,"Agandha, Bhalua-Ii, Irki, Panari, Rauna, Sri Pur",Belaganj_8,,पुनम देवी,993927493.0,,,,,,,,,,,,,,,,
Magadh,Gaya,38. Gaya (SC),232. Belaganj,Belaganj,"Akthu Kachanpur, Belhadi, Chiraila, Koriyawan, Kormathu, Lakshmipur, Paibigha",Belaganj_6,,अर्चना कुमारी,7909092392.0,,Yes,,,,,,,Call Connected,,,,,,,
Magadh,Gaya,38. Gaya (SC),232. Belaganj,Belaganj,"Bajitpur, Belaganj, Bhalua-I, Khaneta, Lodipur, Sakir Bigha",Belaganj_7,,पूजा कुमारी,9351496977.0,,,,,,,,,,,,,,,,
Magadh,Gaya,38. Gaya (SC),229. Bodh Gaya,Fatehpur,"Bara, Charokhari, Dharhara Kala, Dumari Chati, Mataso, Pahar Pur, Salaiya Kala",Fatehpur_40,,मोहम्मद ईलियास अंसारी,7061800511.0,,,,,,,,,Wrong Number ,,,,,,,
Magadh,Gaya,38. Gaya (SC),229. Bodh Gaya,Fatehpur,"Bhare, Meyari, Morhe, Nagawa, Naudiha Sultanpur, Neemi",Fatehpur_41,,कान्ति देवी,9934769494.0,,,,,,,,,,,,,,,,
Magadh,Gaya,38. Gaya (SC),229. Bodh Gaya,Fatehpur,"Jaipur, Kathautiya Kewal, Lodhwe North, Lodhwe South, Naudiha Jhurang",Fatehpur_42,,बच्ची देवी,9608670372.0,,,,,,,,,,,,,,,,
Magadh,Gaya,38. Gaya (SC),229. Bodh Gaya,Tankuppa,"Aropur, Chaubar, Dhibar, Gajadharpur, Tankuppa",Tankuppa_39,,महेन्द्र कुमार,9934058338.0,,,,,,,,,,,,,,,,
Magadh,Gaya,38. Gaya (SC),229. Bodh Gaya,Tankuppa,"Bahsapipra, Barsauna, Bhetaura, Jagarnathpur, Utali Bara",Tankuppa_38,,उमेश दास,9931795142.0,,,,,,,,,,,,,,,,
Magadh,Gaya,38. Gaya (SC),230. Gaya Town,Gaya Town,"Amraha, Bara, Chakand, Kandi, Kesaru Dharmpur, Kormaa, Madan Bigha, Rasalpur",Gaya Town_20,,,,,,,,,,,,,,,,,,,
Magadh,Gaya,38. Gaya (SC),230. Gaya Town,Gaya Town,"Aurawan, Churi, Dhansir, Ghuthia, Khiriyawan, Kujap, Kujapi, Naili",Gaya Town_19,,,,,,,,,,,,,,,,,,,
Magadh,Gaya,37. Aurangabad,225. Gurua,Guraru,"Barorah, Daboor, Gudru, Kanausi, Konchi, Malpa, Rauna",Guraru_21,,राहुल कुमार,9507769050.0,,,,,,,,,,,,,,,,
Magadh,Gaya,37. Aurangabad,225. Gurua,Guraru,"Deokali, Diha, Ghatera, Pahra, Tilori",Guraru_22,,पिंगल कुमार,8789298666.0,,,,,,,,,,,,,,,,
Magadh,Gaya,37. Aurangabad,225. Gurua,Gurua,"Barma, Belauti, Chilaur, Dubba, Kolauna, Nagwan, Raghunath Khap, Rajan, Semaru",Gurua_24,,अखिलेश कुमार,9934431937.0,,,,,,,,,Call Connected,,,,,,,
Magadh,Gaya,37. Aurangabad,225. Gurua,Gurua,"Guneri, Gurua, Kaj, Manda, Nadaura, Pakri, Paluhara",Gurua_25,,करुणा कुमारी,6202809244.0,,,,,,,,,Call Connected,,,Against JSP,,,,
Magadh,Gaya,37. Aurangabad,225. Gurua,Paraiya,"Ajmat Ganj, Bagahi, Kapasia, Karhatta, Mangarawan, Manjhiawan, Paraiya Khurd, Puna Kala, Solara.",Paraiya_23,,मंजुलता देवी,"8210458918
8084438458",,,,,,,,,,,,,,,,
Magadh,Gaya,37. Aurangabad,227. Imamganj,Bankey Bazar,"Baital, Goitha, Pananiya, Parsawan Khurd, Saif Ganj, Tandwa",Bankey Bazar_28,,अफकर आलम,7061869314.0,,,,,,,,,,,,,,,,
Magadh,Gaya,37. Aurangabad,227. Imamganj,Bankey Bazar,"Barheta, Bihargain, Lutua, Roshan Ganj, Tilaiya",Bankey Bazar_27,,अयुब अली,9504613542.0,,Yes,,,INC,Dicey,Yes,,Call Connected,,,,,,,
Magadh,Gaya,37. Aurangabad,227. Imamganj,Dumaria,"Bhangia, Kolhu Bar, Manjhauli, Nandai, Narayan Pur",Dumaria_31,,अरुण सिंह,7783855414.0,,,,,,,,,,,,,,,,
Magadh,Gaya,37. Aurangabad,227. Imamganj,Dumaria,"Bhokaha, Chhakarbandha, Kachar, Mahuri, Pankara, Sewra",Dumaria_32,,पंकज पासवान,9431257389.0,,,,,,,,,,,,,,,,
Magadh,Gaya,37. Aurangabad,227. Imamganj,Imamganj,"Bikopur, Biraj, Dubahal, Jhikatiya kala, Lawabar, Manjhauli, Salaiya, Sidhpur",Imamganj_30,,पवित्री देवी,7033874101.0,,,,,,,,,,,,,,,,
Magadh,Gaya,37. Aurangabad,227. Imamganj,Imamganj,"Chhakar Bandha, Chua Bar, Kujesar, Malhari, Nagwan, Naudiha, Pakriguria",Imamganj_29,,प्रमिला कुमारी,9771596335.0,,,,,,,,,,,,,,,,
Magadh,Gaya,38. Gaya (SC),226. Sherghati,Amas,"Akouna, Amas, Badki Chilmi, Jhari, Kalwan, Karamdih, Mahuawan, Rampur, Sawnkala",Amas_26,,मानती देवी,9801035614.0,,,,,,,,,,,,,,,,
Magadh,Gaya,38. Gaya (SC),226. Sherghati,Dobhi,"Angra, Bajaura, Bari, Kusha Bija, Nawadih, Neema",Dobhi_34,,संजय कुमार केशरी,9199298000.0,,,,,,,,,,,,,,,,
Magadh,Gaya,38. Gaya (SC),226. Sherghati,Dobhi,"Ghora Ghat, Kharanti, Kurmawan, Nadarpur, Pacharatan, Patti",Dobhi_35,,संध्या वर्मा,8084062568.0,,,,,,,,,,,,,,,,
Magadh,Gaya,38. Gaya (SC),226. Sherghati,Sherghatty,"Bar, Bela, Chanpi, Cherki, Chetab Kalan, Dhab Chiraiya, Gopalpur, Kachauri, Sri Ram Pur",Sherghatty_33,,जयललिता देवी,9798487436.0,,,,,,,,,,,,,,,,
Magadh,Gaya,37. Aurangabad,231. Tikari,Konch,"Adai, Anti, Chabura, Kabar, Korap, Kurmawan, Tineri, Utren",Konch_2,,शबाना प्रवीण,9065029806.0,,,,,,,,,,,,,,,,
Magadh,Gaya,37. Aurangabad,231. Tikari,Konch,"Aslampur, Gararhi, Gauharpur, Ker, Khajuri, Konch, Manjhiawan, Parsawan, Simara, Srigawan",Konch_1,,रिंकु देवी,8757746236.0,,,,,,,,,,,,,,,,
Magadh,Gaya,37. Aurangabad,231. Tikari,Tekari,"Ammakuan, Bhori, Dihura, Law, Mahmanna, Musi, Noni, Pura",Tekari_4,,पिंकराज चक्रवर्ती,"9431095075
9103124107",,,,,,,,,Not Received ,,,,,,,
Magadh,Gaya,37. Aurangabad,231. Tikari,Tekari,"Chaita, Jalalpur, Kespa, Makhdumpur, Mau, Rupas Pur, Sanda",Tekari_3,,सुहानी,9934813231.0,,Yes,,,,Yes,,,Call Connected,,Highly Active,,,,,
Magadh,Gaya,37. Aurangabad,231. Tikari,Tekari,"Chhathawan, Dighaura, Khanetu, Nepa, Paluhar, Shiv Nagar, Simuara",Tekari_5,,सीता देवी,9006377890.0,,Yes,,,,Dicey,,,Call Connected,,Waiting For Roster,,,,,
Magadh,Gaya,38. Gaya (SC),234. Wazirganj,Manpur,"Bara Gandhar, Bhadeja, Kaiya, Lakhan Pur, Nauranga, Sohai Pur",Manpur_18,,नौशीन प्रवीण,7004998104.0,,,,,,,,,,,,,,,,
Magadh,Gaya,38. Gaya (SC),234. Wazirganj,Manpur,"Bhore, Gere, Nanauk, Shadi Pur, Sonaut, Usari",Manpur_17,,मुन्ना मांझी,8873217062.0,,,,,,,,,,,,,,,,
Magadh,Gaya,38. Gaya (SC),234. Wazirganj,Wazirganj,"Amethi, Bichchha, Ghuriyawan, Jamuawan, Kurkihar, Pura",Wazirganj_15,,आदित्य कुमार,9939491071.0,,,,,,,,,,,,,,,,
Magadh,Gaya,38. Gaya (SC),234. Wazirganj,Wazirganj,"Bishun Pur, Karjara, Mahuyet, Sakardas Nawada, Pater Mangrawa, Sahiya",Wazirganj_14,,राकेश कुमार,8210638466.0,,,,,,,,,,,,,,,,
Magadh,Gaya,38. Gaya (SC),234. Wazirganj,Wazirganj,"Karisowa, Kenar Fatehpur, Kenar Paharpur, Mahugain, Tarawan",Wazirganj_16,,विमला देवी,"9934643122
8789165689",,,,,,,,,,,,,,,,
Magadh,Jehanabad,36. Jehanabad,217. Ghosi,Ghoshi,"Bharthu, Shahpur",Ghoshi_11,,अनुराधा सिन्हा,9472205900.0,,,,,,,,,,,,,,,,
Magadh,Jehanabad,36. Jehanabad,217. Ghosi,Ghoshi,"Ghoshi, Golakpur, Kurre, Lakhawar, Parawan, Sahobigha, Uber",Ghoshi_12,,राजीव नयन,9661122102.0,,,,,,,,,,,,,,,,
Magadh,Jehanabad,36. Jehanabad,217. Ghosi,Hulasganj,"Bauri, Chiri, Dawthoo, Keur, Khudauri, Kokarsha, Murgaon, Suraj Pur, Tirra",Hulasganj_13,,रम्भा देवी,9973325619.0,,,,,,,,,,,,,,,,
Magadh,Jehanabad,36. Jehanabad,217. Ghosi,Kako,"Amthua, Barhauna, Derhsaiya, Maniyawan, Nerthua, Nonhi, Pinjora, Suleman Pur",Kako_6,,रामबाबु पासवान,7367001011.0,,,,,,,,,,,,,,,,
Magadh,Jehanabad,36. Jehanabad,217. Ghosi,Kako,"Bara, Barawan, Damuha, Khalish Pur, Saidabad Parsain, Uttar Serthu",Kako_5,,जावेद आलम,8294482963.0,,,,,,,,,,,,,,,,
Magadh,Jehanabad,36. Jehanabad,217. Ghosi,Modanganj,"Bandhu Ganj, Deora, Gandhar, Jaytipur Kurua, Modan Ganj, Naima, Okari, Saista Bad",Modanganj_10,,रूमंती देवी,9955537154.0,,,,,,,,,,,,,,,,
Magadh,Jehanabad,36. Jehanabad,216. Jehanabad,Jehanabad,"Amain, Gonwan, Jamuk, Larsa, Mandil, Nauru, Pandui",Jehanabad_4,,तुल्का रानी,8789497175.0,,,,,,,,,,,,,,,,
Magadh,Jehanabad,36. Jehanabad,216. Jehanabad,Jehanabad,"Kalpa, Kinari, Mandey Bigha, Muther, Sevnan, Sikariya, Surungapur",Jehanabad_3,,मुकेश कुमार,934098292.0,,,,,,,,,,,,,,,,
Magadh,Jehanabad,36. Jehanabad,216. Jehanabad,Ratni Faridpur,"Jhunathi, Kansua, Kaswan, Lakhapur, Nehalpur, Noawan, Sohraiya",Ratni Faridpur_1,,अनिता देवी,9693178825.0,,,,,,,,,,,,,,,,
Magadh,Jehanabad,36. Jehanabad,216. Jehanabad,Ratni Faridpur,"Murhara, Narayanpur, Pandaul, Ratni, Sesamba, Sikandarpur, Uchita",Ratni Faridpur_2,,सुनीता देवी,9334868455.0,,,,,,,,,,,,,,,,
Magadh,Jehanabad,36. Jehanabad,218. Makhdumpur,Makhdumpur,"Bela Birra, Chariyari, Kalanaur, Malathi, Solhanda, Sugaon, Sumera",Makhdumpur_7,,मुकेश पासवान,9934664183.0,,,,,,,,,,,,,,,,
Magadh,Jehanabad,36. Jehanabad,218. Makhdumpur,Makhdumpur,"Bhaikh, Dharaut, Dharnai, Jagpura, Jamanganj, Makarpur, Rampur",Makhdumpur_9,,संजु कोहली,7463813128.0,,,,,,,,,,,,,,,,
Magadh,Jehanabad,36. Jehanabad,218. Makhdumpur,Makhdumpur,"Dakra, E. Saren, Kachnama, Kohara, Kumardih, Manjhos, Punhada, W. Saren",Makhdumpur_8,,राकेश कुमार,8538907546.0,,,,,,,,,,,,,,,,
Nalanda,Lakhisarai,28. Munger,168. Lakhisarai,Barahiya,"Ajni Ghat, Dumri, Gangasarai, Girdharpur, Jaitpur, Khutaha East, Khutaha West, Laxmipur, Pali",Barahiya_1,,मिक्की देवी,7870014351.0,,,,,,,,,,,,,,,,
Nalanda,Nalanda,29. Nalanda,175. Hilsa,Karai Parsurai,"Berthu, Diyawan, Gondu Bigha, Karaiparsurai, Makhdumpur, Makrauta, Sandh",Karai Parsurai_1,,पुरुषोतम जैन,8292526293.0,,,,,,,,,,,,,,,,
Nalanda,Sheikhpura,39. Nawada,170. Barbigha,Barbigha,"Jagdishpur, Kewati, Kutaut, Maldah, Pank, Pinjari, Samas Bujurg, Sarba, Tehus",Barbigha_1,,सियन्ता देवी,7992380973.0,,,,,,,,,,,,,,,,
Nalanda,Lakhisarai,28. Munger,167. Suryagarha,Pipariya,"Mohanpur, Olipur, Pipariya, Ramchandarpur, Saidpura",Pipariya_2,,राम शंकर शर्मा,"7488596664
9939324675",,,,,,,,,,,,,,,,
Nalanda,Nalanda,29. Nalanda,177. Harnaut,Nagar Nausa,"Ariyawan, Bhuthakhar, Damodarpur Baldha, Goraipur, Kachhiyawan, Kaila, Khajura, Nagarnausa, Rampur",Nagar Nausa_2,,चिन्ता देवी,"7782012323
9798202072",,,,,,,,,,,,,,,,
Nalanda,Nawada,39. Nawada,237. Nawada,Nardiganj,,Nardiganj_1,,देवानन्द कुमार,9123407842.0,,,,,,,,,,,,,,,,
Nalanda,Nawada,39. Nawada,237. Nawada,Nardiganj,"Dohra, Hanriya, Ichuakarna, Kahuara, Kosla, Masaurha, Nardiganj, Nenaura, Ordo, Parman, Pes",Nardiganj_2,,अमृता कुमारी,"9934434612
8800754608",,,,,,,,,,,,,,,,
Nalanda,Sheikhpura,39. Nawada,170. Barbigha,Shekhopur Sarai,"Ambari, Belaw, Mohabat Pur, Onama, Panchi",Shekhopur Sarai_2,,शबनम लता,9431059983.0,,,,,,,,,,,,,,,,
Nalanda,Lakhisarai,28. Munger,167. Suryagarha,Surajgarha,"Ali Nagar, Avgil Rampur, Budhauli Bankar, Chandan Pura, Rampur, Shree Kishun, Urain",Surajgarha_3,,विन्दु देवी,"9102042557
7250003853",,,,,,,,,,,,,,,,
Nalanda,Nalanda,29. Nalanda,175. Hilsa,Hilsa,"Asari, Chiksaura, Kawa, Korawan, Mirjapur, Reri, Yogi Pur",Hilsa_3,,राजीव रंजन,"9472404663
7061003538",,,,,,,,,,,,,,,,
Nalanda,Nawada,39. Nawada,236. Hisua,Hisua,"Chitarghatti, Dona, Hadsa, Sonsa",Hisua_3,,आभा देवी,7667970720.0,,,,,,,,,,,,,,,,
Nalanda,Sheikhpura,40. Jamui (SC),169. Sheikhpura,Ghatkusumbha,"Bhadausi, Dihkusumbha, Gagaur, Mapho, Panapur",Ghatkusumbha_3,,शिव शंकर प्रसाद,9431418800.0,,,,,,,,,,,,,,,,
Nalanda,Lakhisarai,28. Munger,167. Suryagarha,Surajgarha,"Arma, Bansipur, Kaswa, Kiranpur, Mohammadpur, Salempur East, Toralpur",Surajgarha_4,,श्रवण कुमार,"7903100131
7779995492",,,,,,,,,,,,,,,,
Nalanda,Nalanda,29. Nalanda,175. Hilsa,Hilsa,"Akabarpur, Arpa, Bara, Indaut, Juniyar, Kamta, Kapasiawan, Puna",Hilsa_4,,सोनी कुमारी,76678402212.0,,,,,,,,,,,,,,,,
Nalanda,Nawada,39. Nawada,236. Hisua,Hisua,"Bagodar, Chhatihar, Dhanwa, Kaithir, Pacharha, Tungi",Hisua_4,,रामदेव यादव,9931435487.0,,,,,,,,,,,,,,,,
Nalanda,Sheikhpura,40. Jamui (SC),169. Sheikhpura,Sheikhpura,"Audhey, Gaway, Kare, Katari, Kosra, Kusmaha, Lodipur, Mehuns",Sheikhpura_4,,कंचन पासवान,9939069647.0,,,,,,,,,,,,,,,,
Nalanda,Lakhisarai,28. Munger,167. Suryagarha,Surajgarha,"Amarpur, Bariyarpur, Chora-Rajpur, Ghosaith, Kawadpur, Khawa Rajpur, Losghani, Madanpur, Maheshpur, Tajpur",Surajgarha_5,,मनोज कुमार,NA,,,,,,,,,,,,,,,,
Nalanda,Lakhisarai,28. Munger,167. Suryagarha,Surajgarha,,Surajgarha_6,,,,,,,,,,,,,,,,,,,
Nalanda,Nalanda,29. Nalanda,174. Islampur,Ekangarsarai,"Keshopur, Kosiyawan, Mandachh, Naryanpur, Dhurgaon, Ekangardih, Parthu, Telhara",Ekangarsarai_5,,चंचला कुमारी,"9430923618
8210735306",,,,,,,,,,,,,,,,
Nalanda,Nawada,39. Nawada,236. Hisua,Narhat,"Babhnaur, Jamuara, Khanwan, Konibar, Narhat, Pali Khurd, Punaul, Punthar, Saidapur Gowasa, Shekhpura",Narhat_5,,श्रीमती पिंकी कुमारी,"8340294089
9798526189",,,,,,,,,,,,,,,,
Nalanda,Sheikhpura,40. Jamui (SC),169. Sheikhpura,Sheikhpura,"Pain, Puraina, Gagari, Hathiyawan, Kaithwan, Mahsar, Pachna",Sheikhpura_5,,विजय प्रकाश,NA,,,,,,,,,,,,,,,,
Nalanda,Nalanda,29. Nalanda,174. Islampur,Ekangarsarai,"Amanar Khas, Aungari, Badrabad, Gomhar, Gyas Pur, Jamuawan, Ope, Soniyawan",Ekangarsarai_6,,इन्दु देवी,9693256101.0,,,,,,,,,,,,,,,,
Nalanda,Nawada,39. Nawada,235. Rajauli,Mescaur,"Ankri Pandeybigha, Badosar, Barat, Biju Bigha, Bisiait, Meskaur, Mirzapur, Rasalpura, Sahwajpur Saray, Tetaria",Mescaur_6,,श्री गणेश रविदास,8294739356.0,,,,,,,,,,,,,,,,
Nalanda,Sheikhpura,40. Jamui (SC),169. Sheikhpura,Ariari,"Afani, Baruna, Biman, Chodhdargah, Chorber, Diha, Hazaratpur Maro, Husainabad, Kasar, Sanaiya",Ariari_6,,रेशमा भारती,9523724733.0,,,,,,,,,,,,,,,,
Nalanda,Lakhisarai,28. Munger,167. Suryagarha,Lakhisarai,"Amhara, Balgudar, Garhi Bisun Pur, Khagor, Morma, Sabik Pur",Lakhisarai_7,,सुदामा देवी 1,"9801844093
9801810924",,,,,,,,,,,,,,,,
Nalanda,Nalanda,29. Nalanda,174. Islampur,Islampur,"Bardaha, Beshwak, Dhobdiha, Ichhous, Mohanchak, Mojaphra, Sanda",Islampur_7,,अनीता देवी,9123137751.0,,,,,,,,,,,,,,,,
Nalanda,Nawada,39. Nawada,235. Rajauli,Sirdala,"Abdul, Bandhi, Chaukiya, Dhiraundh, Ghaghat, Khatangi, Sanrh Majhagawan, Sirdalla",Sirdala_7,,श्रीमती पिंकी भारती,9934224342.0,,,,,,,,,,,,,,,,
Nalanda,Sheikhpura,40. Jamui (SC),169. Sheikhpura,Chewara,"Chakandra, Chhathiyara, Eakrama, Lahna, Lohan, Siyani",Chewara_7,,विरेन्द्र साव,7870047225.0,,,,,,,,,,,,,,,,
Nalanda,Lakhisarai,28. Munger,167. Suryagarha,Lakhisarai,"Kachhiana, Bilauri, Damodarpur, Mahisauna",Lakhisarai_8,,अभिषेक रंजन,"9973236058
9470745363",,,,,,,,,,,,,,,,
Nalanda,Nalanda,29. Nalanda,174. Islampur,Islampur,"Aatama, Bele, Chandhari, Dhekwaha, Panchlowa, Ranipur, Sakari",Islampur_8,,रौशनी देवी,9430095717.0,,,,,,,,,,,,,,,,
Nalanda,Nawada,39. Nawada,235. Rajauli,Sirdala,"Akauna, Bargawn, Chaubey, Khanpura, Laund, Rajan, Upardih",Sirdala_8,,श्रीमती शारदा राजबंशी,"9006636258
7870172066",,,,,,,,,,,,,,,,
Nalanda,Lakhisarai,28. Munger,167. Suryagarha,Channan,"Bhalui, Gohri, Iton, Janki Dih, Khutuk Par, Kundar, Lakho Chak, Maheshleta, Malia, Sangram Pur",Channan_9,,भारती कुमारी,"8789049110
8292757082",,,,,,,,,,,,,,,,
Nalanda,Nalanda,29. Nalanda,174. Islampur,Islampur,"Bardih, Bouradih, Kochara, Mahmuda, Panahar, Sudhi",Islampur_9,,संगीता देवी,"9334062451
7739951348",,,,,,,,,,,,,,,,
Nalanda,Nawada,39. Nawada,235. Rajauli,Rajauli,"Amawan East, Amawan West, Andharbari, Bahadurpur, Farka Buzurg, Lengura, Murhaina",Rajauli_9,,श्री नरेश चौधरी,"9661191816
7856020856",,,,,,,,,,,,,,,,
Nalanda,Lakhisarai,28. Munger,168. Lakhisarai,Ramgarh Chowk,"Aure, Bhabaria, Billo, Nand Nama, Nongarh, Sharma, Surari Imam Nagar, Tetarhat",Ramgarh Chowk_10,,विमला देवी,"8757357080
9852371962",,,,,,,,,,,,,,,,
Nalanda,Nalanda,29. Nalanda,173. Rajgir,Rajgir,"Barnousa, Bhui, Gorour, Lodipur, Meyar, Nahub, Nai Pokhar, Pathroura",Rajgir_10,,शीला कुमारी,9709950816.0,,,,,,,,,,,,,,,,
Nalanda,Nawada,39. Nawada,235. Rajauli,Rajauli,"Chitarkoli, Dhamni, Hardia, Jogya Maran, Rajauli East, Rajauli West, Sabaiyatand, Sirodabar, Takunatand",Rajauli_10,,श्री रिसी कपूर,9931615658.0,,,,,,,,,,,,,,,,
Nalanda,Lakhisarai,28. Munger,168. Lakhisarai,Halsi,"Ballopur, Bhanpura, Dhira, Geruwa Pursanda, Halsi, Kaindi, Mohaddinagar, Pratappur, Sadhmaf, Shirkhandi",Halsi_11,,श्रीमती इन्दिरा देवी,7992431704.0,,,,,,,,,,,,,,,,
Nalanda,Nalanda,29. Nalanda,173. Rajgir,Silao,"Barakar, Ghostawan, Mahuri, Nanand, Pawadih",Silao_11,,सुनील रविदास,9431020105.0,,,,,,,,,,,,,,,,
Nalanda,Nawada,39. Nawada,235. Rajauli,Akbarpur,"Barail, Makhar, Pachganwa, Parato Karhari, Sakarpura, Teyar",Akbarpur_11,,श्रीमती कुमारी बंटी,8936056536.0,,,,,,,,,,,,,,,,
Nalanda,Nalanda,29. Nalanda,173. Rajgir,Silao,"Dharhara, Gorawan, Gorma, Kariyanna, Nirpur, Sabbait",Silao_12,,उषा देवी,9431014027.0,,,,,,,,,,,,,,,,
Nalanda,Nawada,39. Nawada,235. Rajauli,Akbarpur,"Barew, Bhanail Lodipur, Kulana, Ledaha, Malikpur Nemdarganj, Pachrukhi, Faraha",Akbarpur_12,,श्रीमती रानी देवी,6287835933.0,,,,,,,,,,,,,,,,
Nalanda,Nalanda,29. Nalanda,176. Nalanda,Ben,"Aant, Akauna, Arawan, Bara, Ben, Eksara, Khaira, Maijara, Nohsa",Ben_13,,अर्चना कुमारी,9955443656.0,,,,,,,,,,,,,,,,
Nalanda,Nawada,39. Nawada,235. Rajauli,Akbarpur,"Baksanda, Baliya Buzurg, Budhuwa, Fatehpur, Gobind Bigha, Paijuna, Panti",Akbarpur_13,,श्री सोहैल अनवर,9304481130.0,,,,,,,,,,,,,,,,
Nalanda,Nalanda,29. Nalanda,176. Nalanda,Noorsarai,"Ajaypur, Andhna, Barakhurd, Chandasi, Charuipar, Meyar, Muzaffarpur, Nirdur, Noorsarai",Noorsarai_14,,सरिता देवी,8340560077.0,,,,,,,,,,,,,,,,
Nalanda,Nawada,39. Nawada,237. Nawada,Nawada,"Bhadokhara, Bhagwan Pur, Jhunathi, Kena, Kharant, Mahuli, Sonsihari",Nawada_14,,कंचन कुमारी,"9113741210
9113385597",,,,,,,,,,,,,,,,
Nalanda,Nalanda,29. Nalanda,176. Nalanda,Noorsarai,"Barara, Daruara, Doiya, Jagdishpur Tiari, Mamurabad, Nadiauna, Paparnousa, Rasalpur",Noorsarai_15,,संगीता देवी,7319865272.0,,Yes,Yes,84021.0,JDU,Yes,Yes,,Call Connected,,,,,,,
Nalanda,Nawada,39. Nawada,237. Nawada,Nawada,"Aanti, Bhadauni, Dedaur, Gonawa, Jamuawan Patwasarai, Kadirganj, Loharpura, Nonoura, Oraina, Paura, Samai",Nawada_15,,अनीता कुमारी,"9162439237
9931752749",,,,,,,,,,,,,,,,
Nalanda,Nalanda,29. Nalanda,175. Hilsa,Parbalpur,"Alawan, Chausanda, Mai, Pilichh, Shivnagar",Parbalpur_16,,निलम कुमारी,9431683291.0,,,,,,,,,,,,,,,,
Nalanda,Nawada,39. Nawada,239. Warsaliganj,Warisaliganj,"Apsand, Baghi Bardiha, Dosut, Hajipur, Kochgawan, Kutri, Makanpur, Manjaur",Warisaliganj_16,,शीतल प्रसाद,9978082756.0,,,,,,,,,,,,,,,,
Nalanda,Nalanda,29. Nalanda,175. Hilsa,Tharthari,"Amera, Asta, Chhariyari, Jaitpur, Kachahria, Naraiyanpur, Tharthari",Tharthari_17,,अनुग्रह नारायण,"9934258405
8825216776",,,,,,,,,,,,,,,,
Nalanda,Nawada,39. Nawada,239. Warsaliganj,Warisaliganj,"Mohiuddinpur, Mosama, Paingari, Shahpur, Thera, Birnanwan, Chakwai, Saur",Warisaliganj_17,,ओम विकास कुमार,9801605366.0,,,,,,,,,,,,,,,,
Nalanda,Nalanda,29. Nalanda,177. Harnaut,Chandi,"Bhagwanpur, Chouriya, Hasni, Madhopur, Mahkar, Rukhai, Tulsigarh",Chandi_18,,निशु कुमारी,6201633418.0,,,,,,,,,,,,,,,,
Nalanda,Nawada,39. Nawada,239. Warsaliganj,Kashichak,"Belar, Birnanwan, Chandi Nawan, Khakhari, Khera Jagdishpur, Parwati, Subhanpur",Kashichak_18,,बन्दना कुमारी,9955936623.0,,,,,,,,,,,,,,,,
Nalanda,Nalanda,29. Nalanda,177. Harnaut,Chandi,"Araut, Barhauna, Belchhi, Gangaura, Narsanda, Salehpur, Sirnawan",Chandi_19,,कौशल कुमार,"9470712053
7488897162",,,,,,,,,,,,,,,,
Nalanda,Nawada,39. Nawada,238. Gobindpur,Roh,"Bhatta, Dumari, Kunj, Marui, Nazardih, Ohari, Siur",Roh_19,,श्रीमती कान्ती देवी,"9955735280
9693952985",,,,,,,,,,,,,,,,
Nalanda,Nalanda,29. Nalanda,177. Harnaut,Harnaut,"Brah, Chero, Dihri, Kolawan, Nehusa, Pakar, Sartha, Telmar",Harnaut_20,,मंजु देवी,"9931910262
9304256478",,,,,,,,,,,,,,,,
Nalanda,Nawada,39. Nawada,238. Gobindpur,Roh,"Bhikhanpur, Chhanaun, Koshirukhi, Madra, Morawan, Roh, Samahrigadh",Roh_20,,श्रीमती कुमारी इन्दु देवी,"7033780498
6207451780",,,,,,,,,,,,,,,,
Nalanda,Nalanda,29. Nalanda,177. Harnaut,Harnaut,"Basniyawan, Cheran, Chouriya, Gonawan, Lohara, Pachaura, Powari, Sudari",Harnaut_21,,मिन्टू देवी,9625007083.0,,,,,,,,,,,,,,,,
Nalanda,Nawada,39. Nawada,238. Gobindpur,Gobindpur,"Baksauti, Baniya Bigha, Bhawan Pur, Bishun Pur, Budhwara, Gobindpur, Madhopur, Sarkanda, Sughari",Gobindpur_21,,श्रीमती शोभा कुमारी,"9304581655
8521284045",,,,,,,,,,,,,,,,
Nalanda,Nalanda,29. Nalanda,172. Biharsharif,Rahui,"Amba, Dosut, Imamganj, Itasang Bhadwa, Moratalao, Paithna, Patasang, Supasang",Rahui_22,,विनीता देवी,"8210983134
7366966614",,,,,,,,,,,,,,,,
Nalanda,Nawada,39. Nawada,239. Warsaliganj,Pakri Barawan,"Dheodha, Dumrawan, Konandpur, Pakri Barawan South, Pakribarawan North, Poksi, Ukaura",Pakri Barawan_22,,कान्ति देवी,8210902055.0,,,,,,,,,,,,,,,,
Nalanda,Nalanda,29. Nalanda,172. Biharsharif,Rahui,"Barandi, Hawanpura, Mai Farida, Peshaur, Sonsa, Sosandi, Uttar Nawan",Rahui_23,,मंजू देवी,9006302055.0,,,,,,,,,,,,,,,,
Nalanda,Nawada,39. Nawada,239. Warsaliganj,Pakri Barawan,"Aruri, Balkhunda, Budhauli, Datraul, Dhamaul, Dhorah, Gulani, Jiuri, Kabla",Pakri Barawan_23,,गीता देवी,8084394860.0,,,,,,,,,,,,,,,,
Nalanda,Nalanda,29. Nalanda,171. Asthawan,Bind,"Bind, Jahana, Jamsari, Kathrahi, Lodipur, Tajnipur, Utarthu",Bind_24,,चंद्रचुड़ दिवाकर,"8863891566
9693560026",,,,,,,,,,,,,,,,
Nalanda,Nalanda,29. Nalanda,171. Asthawan,Sarmera,"Dhanuki, Kenar, Malawan, Mirnagar",Sarmera_25,,आशिष रंजन,9608063098.0,,,,,,,,,,,,,,,,
Nalanda,Nalanda,29. Nalanda,171. Asthawan,Sarmera,"Chero, Husaina, Isua, Sasaura",Sarmera_26,,प्रवीण कुमार,7488257346.0,,,,,JDU,No,No,,Call Connected,,,JDU ke sath hain,,,,
Nalanda,Nalanda,29. Nalanda,171. Asthawan,Asthawan,"Amanwan, Gilani, Jana, Kaila, Murgia Chak, Sare",Asthawan_27,,अरूण कुमार,9135102019.0,,,,,,,,,Not Received ,,,,,,,
Nalanda,Nalanda,29. Nalanda,171. Asthawan,Asthawan,"Andi, Kathari, Mahammadpur, Malti, Nerut, Onda",Asthawan_28,,खुशबु कुमारी,7004398518.0,,,,,,,,,,,,,,,,
Nalanda,Nalanda,29. Nalanda,171. Asthawan,Asthawan,"Dumranwan, Jiar, Konand, Noanwan, Oiyav, Uganwan",Asthawan_29,,अजय कुमार 1,"8340598796
9939563604",,,,,,,,,,,,,,,,
Nalanda,Nalanda,29. Nalanda,172. Biharsharif,Biharsharif,,Biharsharif_30,,मंजू कुमारी,9470764805.0,,Yes,Yes,6212.0,BJP,Yes,Yes,,Call Connected,,,,,,,
Nalanda,Nalanda,29. Nalanda,172. Biharsharif,Biharsharif,"Biyawani, Dumrawan, Korai, Meghi Ngawan, Pachauri",Biharsharif_31,,जगदेव पासवान,8789623447.0,,,,,,,,,,,,,,,,
Nalanda,Nalanda,29. Nalanda,172. Biharsharif,Biharsharif,"Chhabila Pur, Hargawan, Pawa, Sakraul, Tetrawan, Tungi",Biharsharif_32,,रितेश कुमार,7050521561.0,,,,,,,,,,,,,,,,
Nalanda,Nalanda,29. Nalanda,173. Rajgir,Giriak,"Adampur, Chorsua, Gajipur, Ghosrawan, Puraini, Pyarepur, Raitar",Giriak_33,,रेनू सिन्हा,9546247410.0,,,,,,,,,,,,,,,,
Nalanda,Nalanda,29. Nalanda,171. Asthawan,Katrisarai,"Bilari, Darweshpura, Katauna, Katri, Maira Barith",Katrisarai_34,,अनुप सिंह,"9470582727
9102846660",,,,,,,,,,,,,,,,
Nalanda,Nawada,39. Nawada,238. Gobindpur,Kawakole,"Chhabail, Darawan, Kauakole, Kewali, Kharsari",Kawakole_24,,नारायण स्वामी मोहन,9973144565.0,,,,,,,,,,,,,,,,
Nalanda,Nawada,39. Nawada,238. Gobindpur,Kawakole,"Lalpur, Mahudar, Manjhila, Paharpur, Sarauni, Sekhodewra",Kawakole_25,,कैलाश प्रसाद यादव,8409386638.0,,,,,,,,,,,,,,,,
,,,,,,,,,,,,,,,,,,,,,,,,,
,,,,,,,,,,,,,,,,,,,,,,,,,
,,,,,,,,,,,,,,,,,,,,,,,,,
,,,,,,,,,,,,,,,,,,,,,,,,,
,,,,,,,,,,,,,,,,,,,,,,,,,
,,,,,,,,,,,,,,,,,,,,,,,,,
,,,,,,,,,,,,,,,,,,,,,,,,,
,,,,,,,,,,,,,,,,,,,,,,,,,
,,,,,,,,,,,,,,,,,,,,,,,,,
,,,,,,,,,,,,,,,,,,,,,,,,,
,,,,,,,,,,,,,,,,,,,,,,,,,
,,,,,,,,,,,,,,,,,,,,,,,,,
,,,,,,,,,,,,,,,,,,,,,,,,,
,,,,,,,,,,,,,,,,,,,,,,,,,
,,,,,,,,,,,,,,,,,,,,,,,,,
,,,,,,,,,,,,,,,,,,,,,,,,,
,,,,,,,,,,,,,,,,,,,,,,,,,
,,,,,,,,,,,,,,,,,,,,,,,,,
,,,,,,,,,,,,,,,,,,,,,,,,,
,,,,,,,,,,,,,,,,,,,,,,,,,
,,,,,,,,,,,,,,,,,,,,,,,,,
,,,,,,,,,,,,,,,,,,,,,,,,,
,,,,,,,,,,,,,,,,,,,,,,,,,
,,,,,,,,,,,,,,,,,,,,,,,,,
,,,,,,,,,,,,,,,,,,,,,,,,,
,,,,,,,,,,,,,,,,,,,,,,,,,
,,,,,,,,,,,,,,,,,,,,,,,,,
,,,,,,,,,,,,,,,,,,,,,,,,,
,,,,,,,,,,,,,,,,,,,,,,,,,
,,,,,,,,,,,,,,,,,,,,,,,,,
,,,,,,,,,,,,,,,,,,,,,,,,,
,,,,,,,,,,,,,,,,,,,,,,,,,
,,,,,,,,,,,,,,,,,,,,,,,,,
,,,,,,,,,,,,,,,,,,,,,,,,,
,,,,,,,,,,,,,,,,,,,,,,,,,
,,,,,,,,,,,,,,,,,,,,,,,,,
,,,,,,,,,,,,,,,,,,,,,,,,,
,,,,,,,,,,,,,,,,,,,,,,,,,
,,,,,,,,,,,,,,,,,,,,,,,,,
,,,,,,,,,,,,,,,,,,,,,,,,,
,,,,,,,,,,,,,,,,,,,,,,,,,
,,,,,,,,,,,,,,,,,,,,,,,,,
,,,,,,,,,,,,,,,,,,,,,,,,,
,,,,,,,,,,,,,,,,,,,,,,,,,
,,,,,,,,,,,,,,,,,,,,,,,,,
,,,,,,,,,,,,,,,,,,,,,,,,,
,,,,,,,,,,,,,,,,,,,,,,,,,
,,,,,,,,,,,,,,,,,,,,,,,,,
,,,,,,,,,,,,,,,,,,,,,,,,,
,,,,,,,,,,,,,,,,,,,,,,,,,
,,,,,,,,,,,,,,,,,,,,,,,,,
,,,,,,,,,,,,,,,,,,,,,,,,,
,,,,,,,,,,,,,,,,,,,,,,,,,
,,,,,,,,,,,,,,,,,,,,,,,,,
,,,,,,,,,,,,,,,,,,,,,,,,,
,,,,,,,,,,,,,,,,,,,,,,,,,
,,,,,,,,,,,,,,,,,,,,,,,,,
,,,,,,,,,,,,,,,,,,,,,,,,,
,,,,,,,,,,,,,,,,,,,,,,,,,
,,,,,,,,,,,,,,,,,,,,,,,,,
,,,,,,,,,,,,,,,,,,,,,,,,,
,,,,,,,,,,,,,,,,,,,,,,,,,
,,,,,,,,,,,,,,,,,,,,,,,,,
,,,,,,,,,,,,,,,,,,,,,,,,,
,,,,,,,,,,,,,,,,,,,,,,,,,
,,,,,,,,,,,,,,,,,,,,,,,,,
,,,,,,,,,,,,,,,,,,,,,,,,,
,,,,,,,,,,,,,,,,,,,,,,,,,
,,,,,,,,,,,,,,,,,,,,,,,,,
,,,,,,,,,,,,,,,,,,,,,,,,,
,,,,,,,,,,,,,,,,,,,,,,,,,
,,,,,,,,,,,,,,,,,,,,,,,,,
,,,,,,,,,,,,,,,,,,,,,,,,,
,,,,,,,,,,,,,,,,,,,,,,,,,
,,,,,,,,,,,,,,,,,,,,,,,,,
,,,,,,,,,,,,,,,,,,,,,,,,,
,,,,,,,,,,,,,,,,,,,,,,,,,
,,,,,,,,,,,,,,,,,,,,,,,,,
,,,,,,,,,,,,,,,,,,,,,,,,,
,,,,,,,,,,,,,,,,,,,,,,,,,
,,,,,,,,,,,,,,,,,,,,,,,,,
,,,,,,,,,,,,,,,,,,,,,,,,,
,,,,,,,,,,,,,,,,,,,,,,,,,
,,,,,,,,,,,,,,,,,,,,,,,,,
,,,,,,,,,,,,,,,,,,,,,,,,,
,,,,,,,,,,,,,,,,,,,,,,,,,
,,,,,,,,,,,,,,,,,,,,,,,,,
,,,,,,,,,,,,,,,,,,,,,,,,,
,,,,,,,,,,,,,,,,,,,,,,,,,
,,,,,,,,,,,,,,,,,,,,,,,,,
,,,,,,,,,,,,,,,,,,,,,,,,,
,,,,,,,,,,,,,,,,,,,,,,,,,
,,,,,,,,,,,,,,,,,,,,,,,,,
,,,,,,,,,,,,,,,,,,,,,,,,,
,,,,,,,,,,,,,,,,,,,,,,,,,
,,,,,,,,,,,,,,,,,,,,,,,,,
,,,,,,,,,,,,,,,,,,,,,,,,,
,,,,,,,,,,,,,,,,,,,,,,,,,
,,,,,,,,,,,,,,,,,,,,,,,,,
,,,,,,,,,,,,,,,,,,,,,,,,,
,,,,,,,,,,,,,,,,,,,,,,,,,
,,,,,,,,,,,,,,,,,,,,,,,,,
,,,,,,,,,,,,,,,,,,,,,,,,,
,,,,,,,,,,,,,,,,,,,,,,,,,
,,,,,,,,,,,,,,,,,,,,,,,,,
,,,,,,,,,,,,,,,,,,,,,,,,,
,,,,,,,,,,,,,,,,,,,,,,,,,
,,,,,,,,,,,,,,,,,,,,,,,,,
,,,,,,,,,,,,,,,,,,,,,,,,,
,,,,,,,,,,,,,,,,,,,,,,,,,
,,,,,,,,,,,,,,,,,,,,,,,,,
,,,,,,,,,,,,,,,,,,,,,,,,,
,,,,,,,,,,,,,,,,,,,,,,,,,
,,,,,,,,,,,,,,,,,,,,,,,,,
,,,,,,,,,,,,,,,,,,,,,,,,,
,,,,,,,,,,,,,,,,,,,,,,,,,
,,,,,,,,,,,,,,,,,,,,,,,,,
,,,,,,,,,,,,,,,,,,,,,,,,,
,,,,,,,,,,,,,,,,,,,,,,,,,
,,,,,,,,,,,,,,,,,,,,,,,,,
,,,,,,,,,,,,,,,,,,,,,,,,,
,,,,,,,,,,,,,,,,,,,,,,,,,
,,,,,,,,,,,,,,,,,,,,,,,,,
,,,,,,,,,,,,,,,,,,,,,,,,,
,,,,,,,,,,,,,,,,,,,,,,,,,
,,,,,,,,,,,,,,,,,,,,,,,,,
,,,,,,,,,,,,,,,,,,,,,,,,,
,,,,,,,,,,,,,,,,,,,,,,,,,
,,,,,,,,,,,,,,,,,,,,,,,,,
,,,,,,,,,,,,,,,,,,,,,,,,,
,,,,,,,,,,,,,,,,,,,,,,,,,
,,,,,,,,,,,,,,,,,,,,,,,,,
,,,,,,,,,,,,,,,,,,,,,,,,,
,,,,,,,,,,,,,,,,,,,,,,,,,
,,,,,,,,,,,,,,,,,,,,,,,,,
,,,,,,,,,,,,,,,,,,,,,,,,,
,,,,,,,,,,,,,,,,,,,,,,,,,
,,,,,,,,,,,,,,,,,,,,,,,,,
,,,,,,,,,,,,,,,,,,,,,,,,,
,,,,,,,,,,,,,,,,,,,,,,,,,
,,,,,,,,,,,,,,,,,,,,,,,,,
,,,,,,,,,,,,,,,,,,,,,,,,,
,,,,,,,,,,,,,,,,,,,,,,,,,
,,,,,,,,,,,,,,,,,,,,,,,,,
,,,,,,,,,,,,,,,,,,,,,,,,,
,,,,,,,,,,,,,,,,,,,,,,,,,
,,,,,,,,,,,,,,,,,,,,,,,,,
,,,,,,,,,,,,,,,,,,,,,,,,,
,,,,,,,,,,,,,,,,,,,,,,,,,
,,,,,,,,,,,,,,,,,,,,,,,,,
,,,,,,,,,,,,,,,,,,,,,,,,,
,,,,,,,,,,,,,,,,,,,,,,,,,
,,,,,,,,,,,,,,,,,,,,,,,,,
,,,,,,,,,,,,,,,,,,,,,,,,,
,,,,,,,,,,,,,,,,,,,,,,,,,
,,,,,,,,,,,,,,,,,,,,,,,,,
,,,,,,,,,,,,,,,,,,,,,,,,,
,,,,,,,,,,,,,,,,,,,,,,,,,
,,,,,,,,,,,,,,,,,,,,,,,,,
,,,,,,,,,,,,,,,,,,,,,,,,,
,,,,,,,,,,,,,,,,,,,,,,,,,
,,,,,,,,,,,,,,,,,,,,,,,,,
,,,,,,,,,,,,,,,,,,,,,,,,,
,,,,,,,,,,,,,,,,,,,,,,,,,
,,,,,,,,,,,,,,,,,,,,,,,,,
,,,,,,,,,,,,,,,,,,,,,,,,,
,,,,,,,,,,,,,,,,,,,,,,,,,
,,,,,,,,,,,,,,,,,,,,,,,,,
,,,,,,,,,,,,,,,,,,,,,,,,,
,,,,,,,,,,,,,,,,,,,,,,,,,
,,,,,,,,,,,,,,,,,,,,,,,,,
,,,,,,,,,,,,,,,,,,,,,,,,,
,,,,,,,,,,,,,,,,,,,,,,,,,
,,,,,,,,,,,,,,,,,,,,,,,,,
,,,,,,,,,,,,,,,,,,,,,,,,,
,,,,,,,,,,,,,,,,,,,,,,,,,
,,,,,,,,,,,,,,,,,,,,,,,,,
,,,,,,,,,,,,,,,,,,,,,,,,,
,,,,,,,,,,,,,,,,,,,,,,,,,
,,,,,,,,,,,,,,,,,,,,,,,,,
,,,,,,,,,,,,,,,,,,,,,,,,,
,,,,,,,,,,,,,,,,,,,,,,,,,
,,,,,,,,,,,,,,,,,,,,,,,,,
,,,,,,,,,,,,,,,,,,,,,,,,,
,,,,,,,,,,,,,,,,,,,,,,,,,
,,,,,,,,,,,,,,,,,,,,,,,,,
,,,,,,,,,,,,,,,,,,,,,,,,,
,,,,,,,,,,,,,,,,,,,,,,,,,
,,,,,,,,,,,,,,,,,,,,,,,,,
,,,,,,,,,,,,,,,,,,,,,,,,,
,,,,,,,,,,,,,,,,,,,,,,,,,
,,,,,,,,,,,,,,,,,,,,,,,,,
,,,,,,,,,,,,,,,,,,,,,,,,,
,,,,,,,,,,,,,,,,,,,,,,,,,
,,,,,,,,,,,,,,,,,,,,,,,,,
,,,,,,,,,,,,,,,,,,,,,,,,,
,,,,,,,,,,,,,,,,,,,,,,,,,
,,,,,,,,,,,,,,,,,,,,,,,,,
,,,,,,,,,,,,,,,,,,,,,,,,,
,,,,,,,,,,,,,,,,,,,,,,,,,
,,,,,,,,,,,,,,,,,,,,,,,,,
,,,,,,,,,,,,,,,,,,,,,,,,,
,,,,,,,,,,,,,,,,,,,,,,,,,
,,,,,,,,,,,,,,,,,,,,,,,,,
,,,,,,,,,,,,,,,,,,,,,,,,,
,,,,,,,,,,,,,,,,,,,,,,,,,
,,,,,,,,,,,,,,,,,,,,,,,,,
,,,,,,,,,,,,,,,,,,,,,,,,,
,,,,,,,,,,,,,,,,,,,,,,,,,
,,,,,,,,,,,,,,,,,,,,,,,,,
,,,,,,,,,,,,,,,,,,,,,,,,,
,,,,,,,,,,,,,,,,,,,,,,,,,
,,,,,,,,,,,,,,,,,,,,,,,,,
,,,,,,,,,,,,,,,,,,,,,,,,,
,,,,,,,,,,,,,,,,,,,,,,,,,
,,,,,,,,,,,,,,,,,,,,,,,,,
,,,,,,,,,,,,,,,,,,,,,,,,,
,,,,,,,,,,,,,,,,,,,,,,,,,
,,,,,,,,,,,,,,,,,,,,,,,,,
,,,,,,,,,,,,,,,,,,,,,,,,,
,,,,,,,,,,,,,,,,,,,,,,,,,
,,,,,,,,,,,,,,,,,,,,,,,,,
,,,,,,,,,,,,,,,,,,,,,,,,,
,,,,,,,,,,,,,,,,,,,,,,,,,
,,,,,,,,,,,,,,,,,,,,,,,,,
,,,,,,,,,,,,,,,,,,,,,,,,,
,,,,,,,,,,,,,,,,,,,,,,,,,
,,,,,,,,,,,,,,,,,,,,,,,,,
,,,,,,,,,,,,,,,,,,,,,,,,,
,,,,,,,,,,,,,,,,,,,,,,,,,
,,,,,,,,,,,,,,,,,,,,,,,,,
,,,,,,,,,,,,,,,,,,,,,,,,,
,,,,,,,,,,,,,,,,,,,,,,,,,
,,,,,,,,,,,,,,,,,,,,,,,,,
,,,,,,,,,,,,,,,,,,,,,,,,,
,,,,,,,,,,,,,,,,,,,,,,,,,
,,,,,,,,,,,,,,,,,,,,,,,,,
,,,,,,,,,,,,,,,,,,,,,,,,,
,,,,,,,,,,,,,,,,,,,,,,,,,
,,,,,,,,,,,,,,,,,,,,,,,,,
,,,,,,,,,,,,,,,,,,,,,,,,,
,,,,,,,,,,,,,,,,,,,,,,,,,
,,,,,,,,,,,,,,,,,,,,,,,,,
,,,,,,,,,,,,,,,,,,,,,,,,,
,,,,,,,,,,,,,,,,,,,,,,,,,
,,,,,,,,,,,,,,,,,,,,,,,,,
,,,,,,,,,,,,,,,,,,,,,,,,,
,,,,,,,,,,,,,,,,,,,,,,,,,
,,,,,,,,,,,,,,,,,,,,,,,,,
,,,,,,,,,,,,,,,,,,,,,,,,,
,,,,,,,,,,,,,,,,,,,,,,,,,
,,,,,,,,,,,,,,,,,,,,,,,,,
,,,,,,,,,,,,,,,,,,,,,,,,,
,,,,,,,,,,,,,,,,,,,,,,,,,
,,,,,,,,,,,,,,,,,,,,,,,,,
,,,,,,,,,,,,,,,,,,,,,,,,,
,,,,,,,,,,,,,,,,,,,,,,,,,
,,,,,,,,,,,,,,,,,,,,,,,,,
,,,,,,,,,,,,,,,,,,,,,,,,,
,,,,,,,,,,,,,,,,,,,,,,,,,
,,,,,,,,,,,,,,,,,,,,,,,,,
,,,,,,,,,,,,,,,,,,,,,,,,,
,,,,,,,,,,,,,,,,,,,,,,,,,
,,,,,,,,,,,,,,,,,,,,,,,,,
,,,,,,,,,,,,,,,,,,,,,,,,,
,,,,,,,,,,,,,,,,,,,,,,,,,
,,,,,,,,,,,,,,,,,,,,,,,,,
,,,,,,,,,,,,,,,,,,,,,,,,,
,,,,,,,,,,,,,,,,,,,,,,,,,
,,,,,,,,,,,,,,,,,,,,,,,,,
,,,,,,,,,,,,,,,,,,,,,,,,,
,,,,,,,,,,,,,,,,,,,,,,,,,
,,,,,,,,,,,,,,,,,,,,,,,,,
,,,,,,,,,,,,,,,,,,,,,,,,,
,,,,,,,,,,,,,,,,,,,,,,,,,
,,,,,,,,,,,,,,,,,,,,,,,,,
,,,,,,,,,,,,,,,,,,,,,,,,,
,,,,,,,,,,,,,,,,,,,,,,,,,
,,,,,,,,,,,,,,,,,,,,,,,,,
,,,,,,,,,,,,,,,,,,,,,,,,,
,,,,,,,,,,,,,,,,,,,,,,,,,
,,,,,,,,,,,,,,,,,,,,,,,,,
,,,,,,,,,,,,,,,,,,,,,,,,,
,,,,,,,,,,,,,,,,,,,,,,,,,
,,,,,,,,,,,,,,,,,,,,,,,,,
,,,,,,,,,,,,,,,,,,,,,,,,,
,,,,,,,,,,,,,,,,,,,,,,,,,
,,,,,,,,,,,,,,,,,,,,,,,,,
,,,,,,,,,,,,,,,,,,,,,,,,,
,,,,,,,,,,,,,,,,,,,,,,,,,
,,,,,,,,,,,,,,,,,,,,,,,,,
,,,,,,,,,,,,,,,,,,,,,,,,,
,,,,,,,,,,,,,,,,,,,,,,,,,
,,,,,,,,,,,,,,,,,,,,,,,,,
,,,,,,,,,,,,,,,,,,,,,,,,,
,,,,,,,,,,,,,,,,,,,,,,,,,
,,,,,,,,,,,,,,,,,,,,,,,,,
,,,,,,,,,,,,,,,,,,,,,,,,,
,,,,,,,,,,,,,,,,,,,,,,,,,
,,,,,,,,,,,,,,,,,,,,,,,,,
,,,,,,,,,,,,,,,,,,,,,,,,,
,,,,,,,,,,,,,,,,,,,,,,,,,
,,,,,,,,,,,,,,,,,,,,,,,,,
,,,,,,,,,,,,,,,,,,,,,,,,,
,,,,,,,,,,,,,,,,,,,,,,,,,
,,,,,,,,,,,,,,,,,,,,,,,,,
,,,,,,,,,,,,,,,,,,,,,,,,,
,,,,,,,,,,,,,,,,,,,,,,,,,
,,,,,,,,,,,,,,,,,,,,,,,,,
,,,,,,,,,,,,,,,,,,,,,,,,,
,,,,,,,,,,,,,,,,,,,,,,,,,
,,,,,,,,,,,,,,,,,,,,,,,,,
,,,,,,,,,,,,,,,,,,,,,,,,,
,,,,,,,,,,,,,,,,,,,,,,,,,
,,,,,,,,,,,,,,,,,,,,,,,,,
,,,,,,,,,,,,,,,,,,,,,,,,,
,,,,,,,,,,,,,,,,,,,,,,,,,
,,,,,,,,,,,,,,,,,,,,,,,,,
,,,,,,,,,,,,,,,,,,,,,,,,,
,,,,,,,,,,,,,,,,,,,,,,,,,
,,,,,,,,,,,,,,,,,,,,,,,,,
,,,,,,,,,,,,,,,,,,,,,,,,,
,,,,,,,,,,,,,,,,,,,,,,,,,
,,,,,,,,,,,,,,,,,,,,,,,,,
,,,,,,,,,,,,,,,,,,,,,,,,,
,,,,,,,,,,,,,,,,,,,,,,,,,
,,,,,,,,,,,,,,,,,,,,,,,,,
,,,,,,,,,,,,,,,,,,,,,,,,,
,,,,,,,,,,,,,,,,,,,,,,,,,
,,,,,,,,,,,,,,,,,,,,,,,,,
,,,,,,,,,,,,,,,,,,,,,,,,,
,,,,,,,,,,,,,,,,,,,,,,,,,
,,,,,,,,,,,,,,,,,,,,,,,,,
,,,,,,,,,,,,,,,,,,,,,,,,,
,,,,,,,,,,,,,,,,,,,,,,,,,
,,,,,,,,,,,,,,,,,,,,,,,,,
,,,,,,,,,,,,,,,,,,,,,,,,,
,,,,,,,,,,,,,,,,,,,,,,,,,
,,,,,,,,,,,,,,,,,,,,,,,,,
,,,,,,,,,,,,,,,,,,,,,,,,,
,,,,,,,,,,,,,,,,,,,,,,,,,
,,,,,,,,,,,,,,,,,,,,,,,,,
,,,,,,,,,,,,,,,,,,,,,,,,,
,,,,,,,,,,,,,,,,,,,,,,,,,
,,,,,,,,,,,,,,,,,,,,,,,,,
,,,,,,,,,,,,,,,,,,,,,,,,,
,,,,,,,,,,,,,,,,,,,,,,,,,
,,,,,,,,,,,,,,,,,,,,,,,,,
,,,,,,,,,,,,,,,,,,,,,,,,,
,,,,,,,,,,,,,,,,,,,,,,,,,
,,,,,,,,,,,,,,,,,,,,,,,,,
,,,,,,,,,,,,,,,,,,,,,,,,,
,,,,,,,,,,,,,,,,,,,,,,,,,
,,,,,,,,,,,,,,,,,,,,,,,,,
,,,,,,,,,,,,,,,,,,,,,,,,,
,,,,,,,,,,,,,,,,,,,,,,,,,
,,,,,,,,,,,,,,,,,,,,,,,,,
,,,,,,,,,,,,,,,,,,,,,,,,,
,,,,,,,,,,,,,,,,,,,,,,,,,
,,,,,,,,,,,,,,,,,,,,,,,,,
,,,,,,,,,,,,,,,,,,,,,,,,,
,,,,,,,,,,,,,,,,,,,,,,,,,
,,,,,,,,,,,,,,,,,,,,,,,,,
,,,,,,,,,,,,,,,,,,,,,,,,,
,,,,,,,,,,,,,,,,,,,,,,,,,
,,,,,,,,,,,,,,,,,,,,,,,,,
,,,,,,,,,,,,,,,,,,,,,,,,,
,,,,,,,,,,,,,,,,,,,,,,,,,
,,,,,,,,,,,,,,,,,,,,,,,,,
,,,,,,,,,,,,,,,,,,,,,,,,,
,,,,,,,,,,,,,,,,,,,,,,,,,
,,,,,,,,,,,,,,,,,,,,,,,,,
,,,,,,,,,,,,,,,,,,,,,,,,,
,,,,,,,,,,,,,,,,,,,,,,,,,
,,,,,,,,,,,,,,,,,,,,,,,,,
,,,,,,,,,,,,,,,,,,,,,,,,,
,,,,,,,,,,,,,,,,,,,,,,,,,
,,,,,,,,,,,,,,,,,,,,,,,,,
,,,,,,,,,,,,,,,,,,,,,,,,,
,,,,,,,,,,,,,,,,,,,,,,,,,
,,,,,,,,,,,,,,,,,,,,,,,,,
,,,,,,,,,,,,,,,,,,,,,,,,,
,,,,,,,,,,,,,,,,,,,,,,,,,
,,,,,,,,,,,,,,,,,,,,,,,,,
,,,,,,,,,,,,,,,,,,,,,,,,,
,,,,,,,,,,,,,,,,,,,,,,,,,
,,,,,,,,,,,,,,,,,,,,,,,,,
,,,,,,,,,,,,,,,,,,,,,,,,,
,,,,,,,,,,,,,,,,,,,,,,,,,
,,,,,,,,,,,,,,,,,,,,,,,,,
,,,,,,,,,,,,,,,,,,,,,,,,,
,,,,,,,,,,,,,,,,,,,,,,,,,
,,,,,,,,,,,,,,,,,,,,,,,,,
,,,,,,,,,,,,,,,,,,,,,,,,,
,,,,,,,,,,,,,,,,,,,,,,,,,
,,,,,,,,,,,,,,,,,,,,,,,,,
,,,,,,,,,,,,,,,,,,,,,,,,,
,,,,,,,,,,,,,,,,,,,,,,,,,
,,,,,,,,,,,,,,,,,,,,,,,,,
,,,,,,,,,,,,,,,,,,,,,,,,,
,,,,,,,,,,,,,,,,,,,,,,,,,
,,,,,,,,,,,,,,,,,,,,,,,,,
,,,,,,,,,,,,,,,,,,,,,,,,,
,,,,,,,,,,,,,,,,,,,,,,,,,
,,,,,,,,,,,,,,,,,,,,,,,,,
,,,,,,,,,,,,,,,,,,,,,,,,,
,,,,,,,,,,,,,,,,,,,,,,,,,
,,,,,,,,,,,,,,,,,,,,,,,,,
,,,,,,,,,,,,,,,,,,,,,,,,,
,,,,,,,,,,,,,,,,,,,,,,,,,
,,,,,,,,,,,,,,,,,,,,,,,,,
,,,,,,,,,,,,,,,,,,,,,,,,,
,,,,,,,,,,,,,,,,,,,,,,,,,
,,,,,,,,,,,,,,,,,,,,,,,,,
,,,,,,,,,,,,,,,,,,,,,,,,,
,,,,,,,,,,,,,,,,,,,,,,,,,
,,,,,,,,,,,,,,,,,,,,,,,,,
,,,,,,,,,,,,,,,,,,,,,,,,,
,,,,,,,,,,,,,,,,,,,,,,,,,
,,,,,,,,,,,,,,,,,,,,,,,,,
,,,,,,,,,,,,,,,,,,,,,,,,,
,,,,,,,,,,,,,,,,,,,,,,,,,
,,,,,,,,,,,,,,,,,,,,,,,,,
,,,,,,,,,,,,,,,,,,,,,,,,,
,,,,,,,,,,,,,,,,,,,,,,,,,
,,,,,,,,,,,,,,,,,,,,,,,,,
,,,,,,,,,,,,,,,,,,,,,,,,,
,,,,,,,,,,,,,,,,,,,,,,,,,
,,,,,,,,,,,,,,,,,,,,,,,,,
,,,,,,,,,,,,,,,,,,,,,,,,,
,,,,,,,,,,,,,,,,,,,,,,,,,
,,,,,,,,,,,,,,,,,,,,,,,,,
,,,,,,,,,,,,,,,,,,,,,,,,,
,,,,,,,,,,,,,,,,,,,,,,,,,
,,,,,,,,,,,,,,,,,,,,,,,,,
,,,,,,,,,,,,,,,,,,,,,,,,,
,,,,,,,,,,,,,,,,,,,,,,,,,
,,,,,,,,,,,,,,,,,,,,,,,,,
,,,,,,,,,,,,,,,,,,,,,,,,,
,,,,,,,,,,,,,,,,,,,,,,,,,
,,,,,,,,,,,,,,,,,,,,,,,,,
,,,,,,,,,,,,,,,,,,,,,,,,,
,,,,,,,,,,,,,,,,,,,,,,,,,
,,,,,,,,,,,,,,,,,,,,,,,,,
,,,,,,,,,,,,,,,,,,,,,,,,,
,,,,,,,,,,,,,,,,,,,,,,,,,
,,,,,,,,,,,,,,,,,,,,,,,,,
,,,,,,,,,,,,,,,,,,,,,,,,,
,,,,,,,,,,,,,,,,,,,,,,,,,
,,,,,,,,,,,,,,,,,,,,,,,,,
,,,,,,,,,,,,,,,,,,,,,,,,,
,,,,,,,,,,,,,,,,,,,,,,,,,
,,,,,,,,,,,,,,,,,,,,,,,,,
,,,,,,,,,,,,,,,,,,,,,,,,,
,,,,,,,,,,,,,,,,,,,,,,,,,
,,,,,,,,,,,,,,,,,,,,,,,,,
,,,,,,,,,,,,,,,,,,,,,,,,,
,,,,,,,,,,,,,,,,,,,,,,,,,
,,,,,,,,,,,,,,,,,,,,,,,,,
,,,,,,,,,,,,,,,,,,,,,,,,,
,,,,,,,,,,,,,,,,,,,,,,,,,
,,,,,,,,,,,,,,,,,,,,,,,,,
,,,,,,,,,,,,,,,,,,,,,,,,,
,,,,,,,,,,,,,,,,,,,,,,,,,
,,,,,,,,,,,,,,,,,,,,,,,,,
,,,,,,,,,,,,,,,,,,,,,,,,,
,,,,,,,,,,,,,,,,,,,,,,,,,
,,,,,,,,,,,,,,,,,,,,,,,,,
,,,,,,,,,,,,,,,,,,,,,,,,,
,,,,,,,,,,,,,,,,,,,,,,,,,
,,,,,,,,,,,,,,,,,,,,,,,,,
,,,,,,,,,,,,,,,,,,,,,,,,,
,,,,,,,,,,,,,,,,,,,,,,,,,
,,,,,,,,,,,,,,,,,,,,,,,,,
,,,,,,,,,,,,,,,,,,,,,,,,,
,,,,,,,,,,,,,,,,,,,,,,,,,
,,,,,,,,,,,,,,,,,,,,,,,,,
,,,,,,,,,,,,,,,,,,,,,,,,,
,,,,,,,,,,,,,,,,,,,,,,,,,
,,,,,,,,,,,,,,,,,,,,,,,,,
,,,,,,,,,,,,,,,,,,,,,,,,,
,,,,,,,,,,,,,,,,,,,,,,,,,
,,,,,,,,,,,,,,,,,,,,,,,,,
,,,,,,,,,,,,,,,,,,,,,,,,,
,,,,,,,,,,,,,,,,,,,,,,,,,
,,,,,,,,,,,,,,,,,,,,,,,,,
,,,,,,,,,,,,,,,,,,,,,,,,,
,,,,,,,,,,,,,,,,,,,,,,,,,
,,,,,,,,,,,,,,,,,,,,,,,,,
,,,,,,,,,,,,,,,,,,,,,,,,,
,,,,,,,,,,,,,,,,,,,,,,,,,
,,,,,,,,,,,,,,,,,,,,,,,,,
,,,,,,,,,,,,,,,,,,,,,,,,,
,,,,,,,,,,,,,,,,,,,,,,,,,
,,,,,,,,,,,,,,,,,,,,,,,,,
,,,,,,,,,,,,,,,,,,,,,,,,,
,,,,,,,,,,,,,,,,,,,,,,,,,
,,,,,,,,,,,,,,,,,,,,,,,,,
,,,,,,,,,,,,,,,,,,,,,,,,,
,,,,,,,,,,,,,,,,,,,,,,,,,
,,,,,,,,,,,,,,,,,,,,,,,,,
,,,,,,,,,,,,,,,,,,,,,,,,,
,,,,,,,,,,,,,,,,,,,,,,,,,
,,,,,,,,,,,,,,,,,,,,,,,,,
,,,,,,,,,,,,,,,,,,,,,,,,,
,,,,,,,,,,,,,,,,,,,,,,,,,
,,,,,,,,,,,,,,,,,,,,,,,,,
,,,,,,,,,,,,,,,,,,,,,,,,,
,,,,,,,,,,,,,,,,,,,,,,,,,
,,,,,,,,,,,,,,,,,,,,,,,,,
,,,,,,,,,,,,,,,,,,,,,,,,,
,,,,,,,,,,,,,,,,,,,,,,,,,
,,,,,,,,,,,,,,,,,,,,,,,,,
,,,,,,,,,,,,,,,,,,,,,,,,,
,,,,,,,,,,,,,,,,,,,,,,,,,
,,,,,,,,,,,,,,,,,,,,,,,,,
,,,,,,,,,,,,,,,,,,,,,,,,,
,,,,,,,,,,,,,,,,,,,,,,,,,
,,,,,,,,,,,,,,,,,,,,,,,,,
,,,,,,,,,,,,,,,,,,,,,,,,,
,,,,,,,,,,,,,,,,,,,,,,,,,
,,,,,,,,,,,,,,,,,,,,,,,,,
,,,,,,,,,,,,,,,,,,,,,,,,,
,,,,,,,,,,,,,,,,,,,,,,,,,
,,,,,,,,,,,,,,,,,,,,,,,,,
,,,,,,,,,,,,,,,,,,,,,,,,,
,,,,,,,,,,,,,,,,,,,,,,,,,
,,,,,,,,,,,,,,,,,,,,,,,,,
,,,,,,,,,,,,,,,,,,,,,,,,,
,,,,,,,,,,,,,,,,,,,,,,,,,
,,,,,,,,,,,,,,,,,,,,,,,,,
,,,,,,,,,,,,,,,,,,,,,,,,,
,,,,,,,,,,,,,,,,,,,,,,,,,
,,,,,,,,,,,,,,,,,,,,,,,,,
,,,,,,,,,,,,,,,,,,,,,,,,,
,,,,,,,,,,,,,,,,,,,,,,,,,
,,,,,,,,,,,,,,,,,,,,,,,,,
,,,,,,,,,,,,,,,,,,,,,,,,,
,,,,,,,,,,,,,,,,,,,,,,,,,
,,,,,,,,,,,,,,,,,,,,,,,,,
,,,,,,,,,,,,,,,,,,,,,,,,,
,,,,,,,,,,,,,,,,,,,,,,,,,
,,,,,,,,,,,,,,,,,,,,,,,,,
,,,,,,,,,,,,,,,,,,,,,,,,,
,,,,,,,,,,,,,,,,,,,,,,,,,
,,,,,,,,,,,,,,,,,,,,,,,,,
,,,,,,,,,,,,,,,,,,,,,,,,,
,,,,,,,,,,,,,,,,,,,,,,,,,
,,,,,,,,,,,,,,,,,,,,,,,,,
,,,,,,,,,,,,,,,,,,,,,,,,,
,,,,,,,,,,,,,,,,,,,,,,,,,
,,,,,,,,,,,,,,,,,,,,,,,,,
,,,,,,,,,,,,,,,,,,,,,,,,,
,,,,,,,,,,,,,,,,,,,,,,,,,
,,,,,,,,,,,,,,,,,,,,,,,,,
,,,,,,,,,,,,,,,,,,,,,,,,,
,,,,,,,,,,,,,,,,,,,,,,,,,
,,,,,,,,,,,,,,,,,,,,,,,,,
,,,,,,,,,,,,,,,,,,,,,,,,,
,,,,,,,,,,,,,,,,,,,,,,,,,
,,,,,,,,,,,,,,,,,,,,,,,,,
,,,,,,,,,,,,,,,,,,,,,,,,,
,,,,,,,,,,,,,,,,,,,,,,,,,
,,,,,,,,,,,,,,,,,,,,,,,,,
,,,,,,,,,,,,,,,,,,,,,,,,,
,,,,,,,,,,,,,,,,,,,,,,,,,
,,,,,,,,,,,,,,,,,,,,,,,,,
,,,,,,,,,,,,,,,,,,,,,,,,,
,,,,,,,,,,,,,,,,,,,,,,,,,
,,,,,,,,,,,,,,,,,,,,,,,,,
,,,,,,,,,,,,,,,,,,,,,,,,,
,,,,,,,,,,,,,,,,,,,,,,,,,
,,,,,,,,,,,,,,,,,,,,,,,,,
,,,,,,,,,,,,,,,,,,,,,,,,,
,,,,,,,,,,,,,,,,,,,,,,,,,
,,,,,,,,,,,,,,,,,,,,,,,,,
,,,,,,,,,,,,,,,,,,,,,,,,,
,,,,,,,,,,,,,,,,,,,,,,,,,
,,,,,,,,,,,,,,,,,,,,,,,,,
,,,,,,,,,,,,,,,,,,,,,,,,,
,,,,,,,,,,,,,,,,,,,,,,,,,
,,,,,,,,,,,,,,,,,,,,,,,,,
,,,,,,,,,,,,,,,,,,,,,,,,,
,,,,,,,,,,,,,,,,,,,,,,,,,
,,,,,,,,,,,,,,,,,,,,,,,,,
,,,,,,,,,,,,,,,,,,,,,,,,,
,,,,,,,,,,,,,,,,,,,,,,,,,
,,,,,,,,,,,,,,,,,,,,,,,,,
,,,,,,,,,,,,,,,,,,,,,,,,,
,,,,,,,,,,,,,,,,,,,,,,,,,
,,,,,,,,,,,,,,,,,,,,,,,,,
,,,,,,,,,,,,,,,,,,,,,,,,,
,,,,,,,,,,,,,,,,,,,,,,,,,
,,,,,,,,,,,,,,,,,,,,,,,,,
,,,,,,,,,,,,,,,,,,,,,,,,,
,,,,,,,,,,,,,,,,,,,,,,,,,
,,,,,,,,,,,,,,,,,,,,,,,,,
,,,,,,,,,,,,,,,,,,,,,,,,,
,,,,,,,,,,,,,,,,,,,,,,,,,
,,,,,,,,,,,,,,,,,,,,,,,,,
,,,,,,,,,,,,,,,,,,,,,,,,,
,,,,,,,,,,,,,,,,,,,,,,,,,
,,,,,,,,,,,,,,,,,,,,,,,,,
,,,,,,,,,,,,,,,,,,,,,,,,,
,,,,,,,,,,,,,,,,,,,,,,,,,
,,,,,,,,,,,,,,,,,,,,,,,,,
,,,,,,,,,,,,,,,,,,,,,,,,,
,,,,,,,,,,,,,,,,,,,,,,,,,
,,,,,,,,,,,,,,,,,,,,,,,,,
,,,,,,,,,,,,,,,,,,,,,,,,,
,,,,,,,,,,,,,,,,,,,,,,,,,
,,,,,,,,,,,,,,,,,,,,,,,,,
,,,,,,,,,,,,,,,,,,,,,,,,,
,,,,,,,,,,,,,,,,,,,,,,,,,
,,,,,,,,,,,,,,,,,,,,,,,,,
,,,,,,,,,,,,,,,,,,,,,,,,,
,,,,,,,,,,,,,,,,,,,,,,,,,
,,,,,,,,,,,,,,,,,,,,,,,,,
,,,,,,,,,,,,,,,,,,,,,,,,,
,,,,,,,,,,,,,,,,,,,,,,,,,
,,,,,,,,,,,,,,,,,,,,,,,,,
,,,,,,,,,,,,,,,,,,,,,,,,,
,,,,,,,,,,,,,,,,,,,,,,,,,
,,,,,,,,,,,,,,,,,,,,,,,,,
,,,,,,,,,,,,,,,,,,,,,,,,,
,,,,,,,,,,,,,,,,,,,,,,,,,
,,,,,,,,,,,,,,,,,,,,,,,,,
,,,,,,,,,,,,,,,,,,,,,,,,,
,,,,,,,,,,,,,,,,,,,,,,,,,
,,,,,,,,,,,,,,,,,,,,,,,,,
,,,,,,,,,,,,,,,,,,,,,,,,,
,,,,,,,,,,,,,,,,,,,,,,,,,
,,,,,,,,,,,,,,,,,,,,,,,,,
,,,,,,,,,,,,,,,,,,,,,,,,,
,,,,,,,,,,,,,,,,,,,,,,,,,
,,,,,,,,,,,,,,,,,,,,,,,,,
,,,,,,,,,,,,,,,,,,,,,,,,,
,,,,,,,,,,,,,,,,,,,,,,,,,
,,,,,,,,,,,,,,,,,,,,,,,,,
,,,,,,,,,,,,,,,,,,,,,,,,,
,,,,,,,,,,,,,,,,,,,,,,,,,
,,,,,,,,,,,,,,,,,,,,,,,,,
,,,,,,,,,,,,,,,,,,,,,,,,,
,,,,,,,,,,,,,,,,,,,,,,,,,
,,,,,,,,,,,,,,,,,,,,,,,,,
,,,,,,,,,,,,,,,,,,,,,,,,,
,,,,,,,,,,,,,,,,,,,,,,,,,
,,,,,,,,,,,,,,,,,,,,,,,,,
,,,,,,,,,,,,,,,,,,,,,,,,,
,,,,,,,,,,,,,,,,,,,,,,,,,
,,,,,,,,,,,,,,,,,,,,,,,,,
,,,,,,,,,,,,,,,,,,,,,,,,,
,,,,,,,,,,,,,,,,,,,,,,,,,
,,,,,,,,,,,,,,,,,,,,,,,,,
,,,,,,,,,,,,,,,,,,,,,,,,,
,,,,,,,,,,,,,,,,,,,,,,,,,
,,,,,,,,,,,,,,,,,,,,,,,,,
,,,,,,,,,,,,,,,,,,,,,,,,,
,,,,,,,,,,,,,,,,,,,,,,,,,
,,,,,,,,,,,,,,,,,,,,,,,,,
,,,,,,,,,,,,,,,,,,,,,,,,,
,,,,,,,,,,,,,,,,,,,,,,,,,
,,,,,,,,,,,,,,,,,,,,,,,,,
,,,,,,,,,,,,,,,,,,,,,,,,,
,,,,,,,,,,,,,,,,,,,,,,,,,
,,,,,,,,,,,,,,,,,,,,,,,,,
,,,,,,,,,,,,,,,,,,,,,,,,,
,,,,,,,,,,,,,,,,,,,,,,,,,
,,,,,,,,,,,,,,,,,,,,,,,,,
,,,,,,,,,,,,,,,,,,,,,,,,,
,,,,,,,,,,,,,,,,,,,,,,,,,
,,,,,,,,,,,,,,,,,,,,,,,,,
,,,,,,,,,,,,,,,,,,,,,,,,,
,,,,,,,,,,,,,,,,,,,,,,,,,
,,,,,,,,,,,,,,,,,,,,,,,,,
,,,,,,,,,,,,,,,,,,,,,,,,,
,,,,,,,,,,,,,,,,,,,,,,,,,
,,,,,,,,,,,,,,,,,,,,,,,,,
,,,,,,,,,,,,,,,,,,,,,,,,,
,,,,,,,,,,,,,,,,,,,,,,,,,
,,,,,,,,,,,,,,,,,,,,,,,,,
,,,,,,,,,,,,,,,,,,,,,,,,,
,,,,,,,,,,,,,,,,,,,,,,,,,
,,,,,,,,,,,,,,,,,,,,,,,,,
,,,,,,,,,,,,,,,,,,,,,,,,,
,,,,,,,,,,,,,,,,,,,,,,,,,
,,,,,,,,,,,,,,,,,,,,,,,,,
,,,,,,,,,,,,,,,,,,,,,,,,,
,,,,,,,,,,,,,,,,,,,,,,,,,
,,,,,,,,,,,,,,,,,,,,,,,,,
,,,,,,,,,,,,,,,,,,,,,,,,,
,,,,,,,,,,,,,,,,,,,,,,,,,
,,,,,,,,,,,,,,,,,,,,,,,,,
,,,,,,,,,,,,,,,,,,,,,,,,,
,,,,,,,,,,,,,,,,,,,,,,,,,
,,,,,,,,,,,,,,,,,,,,,,,,,
,,,,,,,,,,,,,,,,,,,,,,,,,
,,,,,,,,,,,,,,,,,,,,,,,,,
,,,,,,,,,,,,,,,,,,,,,,,,,
,,,,,,,,,,,,,,,,,,,,,,,,,
,,,,,,,,,,,,,,,,,,,,,,,,,
,,,,,,,,,,,,,,,,,,,,,,,,,
,,,,,,,,,,,,,,,,,,,,,,,,,
,,,,,,,,,,,,,,,,,,,,,,,,,
,,,,,,,,,,,,,,,,,,,,,,,,,
,,,,,,,,,,,,,,,,,,,,,,,,,
,,,,,,,,,,,,,,,,,,,,,,,,,
,,,,,,,,,,,,,,,,,,,,,,,,,
,,,,,,,,,,,,,,,,,,,,,,,,,
,,,,,,,,,,,,,,,,,,,,,,,,,
,,,,,,,,,,,,,,,,,,,,,,,,,
,,,,,,,,,,,,,,,,,,,,,,,,,
,,,,,,,,,,,,,,,,,,,,,,,,,
,,,,,,,,,,,,,,,,,,,,,,,,,
,,,,,,,,,,,,,,,,,,,,,,,,,
,,,,,,,,,,,,,,,,,,,,,,,,,
,,,,,,,,,,,,,,,,,,,,,,,,,
,,,,,,,,,,,,,,,,,,,,,,,,,
,,,,,,,,,,,,,,,,,,,,,,,,,
,,,,,,,,,,,,,,,,,,,,,,,,,
,,,,,,,,,,,,,,,,,,,,,,,,,
,,,,,,,,,,,,,,,,,,,,,,,,,
,,,,,,,,,,,,,,,,,,,,,,,,,
,,,,,,,,,,,,,,,,,,,,,,,,,
,,,,,,,,,,,,,,,,,,,,,,,,,
,,,,,,,,,,,,,,,,,,,,,,,,,
,,,,,,,,,,,,,,,,,,,,,,,,,
,,,,,,,,,,,,,,,,,,,,,,,,,
,,,,,,,,,,,,,,,,,,,,,,,,,
,,,,,,,,,,,,,,,,,,,,,,,,,
,,,,,,,,,,,,,,,,,,,,,,,,,
,,,,,,,,,,,,,,,,,,,,,,,,,
,,,,,,,,,,,,,,,,,,,,,,,,,
