District,PC,AC,Block,Panchayat,ZP Seat Number,Incumbent ZP Name,In Final Candidates List,Incumbent ZP Number,Current Seat Reservation,Probable Seat Reservation,Calling Status,JS Status ,Current Party Association ,PK Meeting Status,Want contest with JSP,Onboarding Status ,Meeting Date,Remarks,,,,,,,,,
Rosera,22. Ujiarpur,138. Bibhutipur,Bibhutpur,"Alampur Kodaria, Belsandi Tara, Bharpura Patpara, Bibhutipur North, Bijidpur Bambaiya, Kerai, Singhia Bujurg North, Singhia Bujurg South",Bibhutpur_37,रीना राय,Bibhutpur_37,8051530296.0,,,,,,,,,,,,Backward Class (Others),,,,,,,
Rosera,22. Ujiarpur,138. Bibhutipur,Bibhutpur,"Bhuswar, Bibhutipur East, Boriya, Mahathi South, Mahthi North, Narhan, Patelia",Bibhutpur_39,जितेन्द्र राम,No,8084808452.0,,,,,,,,,,,,SC (Other),,,,,,,
Rosera,22. Ujiarpur,138. Bibhutipur,Bibhutpur,"Chak Habib, Kaliyanpur North, Kalyanpur South, Maheshi, Mahmadpur Sakra, Mushtafapur, Tabhaka",Bibhutpur_38,ममता कुमारी,No,9534767444.0,,,,,,,,,,,,Backward Class (Mahila),,,,,,,
Rosera,22. Ujiarpur,138. Bibhutipur,Bibhutpur,"Chora Tabhaka, Desari Karrakh, Gangouli Manda, Khas Tabhaka North, Khas Tabhaka South, Sakhmohan, Surouli",Bibhutpur_40,अमन कुमार,No,9113316446.0,,,,,,,,,,,,Unreserved (Other),,,,,,,
Rosera,25. Khagaria,140. Hasanpur,Bithan,"Belsandi, Jagmohra, Narpa, Sakhwa, Salaha Bujurg, Salaha Chandan, Sohma",Bithan_50,आशा देवी,No,8809525042.0,,,,,,,,,,,,Unreserved (Other),,,,,,,
Rosera,25. Khagaria,140. Hasanpur,Bithan,"Bithan, Karanchi, Marthua, Pusaho, Sihma, Ujan",Bithan_51,रंजीत कुमार,No,9939099856.0,,,,,,,,,,,,Unreserved (Other),,,,,,,
Rosera,25. Khagaria,140. Hasanpur,Hasanpur,"Ahilwar, Bargawan, Mouji, Rampur, Shasan, Suraha Basantpur",Hasanpur_49,रणवीर कुमार राय,No,8298668342.0,,,,,,,,,,,,Unreserved (Other),,,,,,,
Rosera,25. Khagaria,140. Hasanpur,Hasanpur,"Aura, Bhatwan, Fulhara, Hasanpur, Maranchi Ujagar, Nakuni, Paridah",Hasanpur_48,सुजीत कुमार सिंह,No,9771240775.0,,,,,,,,,,,,Unreserved (Other),,,,,,,
Rosera,25. Khagaria,140. Hasanpur,Hasanpur,"Deodha, Deora, Dudhpura, Mangalgarh, Naya Nagar, Paroriya, Sakarpura",Hasanpur_47,फरहत प्रवीण,No,7717733955.0,,,,,,,,,,,,Unreserved (Mahila),,,,,,,
Samastipur,23. Samastipur (SC),131. Kalyanpur,Kalyanpur,"Ajna, Basudeo Pur, Birsingpur, Gopalpur, Govindpur Khajuri",Kalyanpur_4,सुनीता देवी ,Kalyanpur_4,9113307295.0,,,,,JSP,Ready to Meet,YES,YES,,"2 times ZP, One time Panchayat Samiti
Alreday hold post in the party in past",,SC (Other),,,,,,,
Samastipur,23. Samastipur (SC),131. Kalyanpur,Kalyanpur,"Barheta, Dhrubgama, Kharsand East, Kharsand West, Purusottampur, Rambhadrapur, Ratwara, Simaria Bhindi, Tira",Kalyanpur_3,खुसबु कुमारी,No,9334969850.0,,,,,BJP,Ready to Meet,,,,"ZP President, associated with BJP but not holding any post. Also it will depend on persimmon whether they will fight or not.
visiting nepal and will come after 10 days",,Backward Class (Others),,,,,,,
Samastipur,23. Samastipur (SC),131. Kalyanpur,Kalyanpur,"Belsandih, Chakmaheshi, Jitwaria, Kalyanpur, Kudhwa, Ladaura, Madhurapur, Namapur",Kalyanpur_2,नवीता देवी,Kalyanpur_2,8651776859.0,,,,,,Ready to Meet,YES,,,"his Husband PACS President from 3 terms, wife zp from last 2 terms",,Unreserved (Mahila),,,,,,,
Samastipur,23. Samastipur (SC),131. Kalyanpur,Kalyanpur,"Gorai, Hajpurva, Kalaunzer, Malinagar, Saidpur, Somnaha, Sormar",Kalyanpur_1,रवि रौशन कुमार,Kalyanpur_1,7070195594.0,,,,,JSP,Ready to Meet,YES,,,"Earlier in JS, zila Sachiv ke post par tha
first time ZP ",,SC (Other),,,,,,,
Samastipur,23. Samastipur (SC),131. Kalyanpur,Pusa,"Bisanpur Bathua, Dakshin Harpur Pusa, Dhobgama, Dighra, Harpur Mahmada, Mohmadpur Deopar, Morsand",Pusa_5,संजय कु. त्रिबेदी,No,9934832065.0,,,,,,,,,,not connected,,,,,,,,,
Samastipur,23. Samastipur (SC),131. Kalyanpur,Pusa,"Chaklewaini, Chandauli, Gangapur, Kubauli Ram, Mohamad Pur Koari, Thahra",Pusa_6,सत्य प्रकाश कुशवाहा,No,9973545050.0,,,,,,,,,,Switched off,,Unreserved (Other),,,,,,,
Samastipur,22. Ujiarpur,137. Mohiuddinnagar,Mohanpur,"Baghra, Dharni Patti East, Dharni Patti West, Madhupur Sarai, Mohanpur",Mohanpur_20,अनिल कुमार राय,No,9631964270.0,,,,,,,,,,Invalid number,,Unreserved (Other),,,,,,,
Samastipur,22. Ujiarpur,137. Mohiuddinnagar,Mohanpur,"Bishanpur Ber, Dasahra, Dumari North, Dumri South, Jalalpur, Rajpur",Mohanpur_21,अनुज कुमार,No,8051361891.0,,,,,,Ready to Meet,Dicey,,,"Will decide whether to fight under JS banner or not, ready to meet PK ",,Unreserved (Other),,,,,,,
Samastipur,22. Ujiarpur,137. Mohiuddinnagar,Mohiuddinagar,"Bhadaia, Kalyanpur Basti West, Karim Nagar, Klyanpur Basti East, Maduda Bad, Mohiuddinnagar North, Mohiuddinnagar South, Raja Jan, Sivaisingh Pur",Mohiuddinagar_22,विभा देवी,No,7631522888.0,,,,,,,,,,Temporary out of service,,SC (Mahila),,,,,,,
Samastipur,22. Ujiarpur,137. Mohiuddinnagar,Mohiuddinagar,"Bochaha, Dubaha, Harail, Kursaha, Mohmadipur, Raspur Patasia East, Raspur Patasia West, Tetar Pur",Mohiuddinagar_23,प्रेमलता,No,8298861584.0,,,,,,,,,,not connected,,Backward Class (Mahila),,,,,,,
Samastipur,22. Ujiarpur,135. Morwa,Morwa,"Banbeera, Dhrampur Bande, Indrawara, Keso Narayan Pur, Larua, Maricha, Rariahi, Wajidpur Karnal",Morwa_17,कैलासी दास,No,8910100565.0,,,,,,Ready to Meet,Dicey,,,"Earlier in JS at Upadhyaksh Post, ready to meet PK",,SC (Other),,,,,,,
Samastipur,22. Ujiarpur,135. Morwa,Morwa,"Chakpahar, Chaksikander, Gunai Basai, Harpur Bhindi, Morwa North, Morwa South, Nikaspur, Sarangpur East, Sarangpur West, Songer",Morwa_16,कुमारी श्वेता यादव,No,9431425332.0,,,,,,,,,,Switched off,,Unreserved (Mahila),,,,,,,
Samastipur,22. Ujiarpur,135. Morwa,Patori,"Ashrafpur Supaul, Bahadurpur Patori, Chaksaho, Darwa, Harpur Saidabad, Imansari, Jorpura, Rupauli",Patori_19,किरण कुमारी,Patori_19,9771374236.0,,,,,,Ready to Meet,,,,He said i am in Jan Suraaj from the starting of js in this district ,,SC (Mahila),,,,,,,
Samastipur,22. Ujiarpur,135. Morwa,Patori,"Dhamaun North, Dhamaun South, Hasanpur Surat, Hetanpur, Inaetpur, Shiura, Tara Dhamaun",Patori_18,चिन्ता कुमारी,No,9934913200.0,,,,,,Ready to Meet,,,,He has met pk several times but not confirm about about fighting under JS banner,,Unreserved (Mahila),,,,,,,
Rosera,23. Samastipur (SC),139. Rosera,Rosera,"Bharwari, Chakthat East, Chakthat West, Haripur, Jahangir Pur South, Jahangirpur North, Mohiuddin Nagar Rosera East, Mohiuddinnagar Urf Rosera West, Sonupur North",Rosera_41,राजेश कुमार यादव,No,9534706804.0,,,,,,,,,,,,Unreserved (Other),,,,,,,
Rosera,23. Samastipur (SC),139. Rosera,Rosera,"Bhiraha East, Bhirha South, Bhirha West, Mothipur, Rohua, Thahar Basarhia",Rosera_42,अमिता कुमारी,No,9262848510.0,,,,,,,,,,,,SC (Mahila),,,,,,,
Rosera,23. Samastipur (SC),139. Rosera,Singhia,"Bangarhatta, Bishunpur Diha, Hardia, Keontahar, Kundal Ii, Kundal-I, Mahara, Nirpur Bhararia",Singhia_46,लक्ष्मी कुमारी,No,9523563792.0,,,,,,,,,,,,SC (Mahila),,,,,,,
Rosera,23. Samastipur (SC),139. Rosera,Singhia,"Jahangirpur, Lilhaul, Mahe, Phulhara, Shalepur, Wari",Singhia_45,NA,No,NA,,,,,,,,,,,,,,,,,,,
Samastipur,23. Samastipur (SC),133. Samastipur,Samastipur,"Bazidpur, Pokharaira, Punas, Rupnarayn Pur Bela, Singhea Khurd",Samastipur_9,ठाकुर उदय शंकर,Samastipur_9,9835447488.0,,,,,,Ready to Meet,YES,,,Wanted to meet PK and he is cuurently ZP Upadhyaksh,,Unreserved (Other),,,,,,,
Samastipur,23. Samastipur (SC),133. Samastipur,Samastipur,Bejha Dih,Samastipur_11,अंजना कुमारी,No,9661444966.0,,,,,,,,,,,,Unreserved (Mahila),,,,,,,
Samastipur,23. Samastipur (SC),133. Samastipur,Samastipur,"Bikrampur Bande, Karpuri Gram, Nirpur",Samastipur_10,धर्मेन्द्र पासवान,Samastipur_10,9661322279.0,,,,,JSP,Ready to Meet,YES,YES,,First time zp and was with JS during Padyatra,,SC (Other),,,,,,,
Samastipur,23. Samastipur (SC),133. Samastipur,Samastipur,"Bisunpur, Chhatauna, Hakimabad, Kewasnijamat, Mordewa",Samastipur_12,अजहर आलम,No,9955904042.0,,,,,,Ready to Meet,NO,NO,,"he is in AIMIM, can met pk but won't fight under JS banner",,Unreserved (Other),,,,,,,
Samastipur,23. Samastipur (SC),133. Samastipur,Tajpur,"Adharpur, Baghi, Fatehpur Wala, Harishankarpur Baghauni, Rajwa, Sahpur Baghauni",Tajpur_8,मन्जु देवी,Tajpur_8,9572053179.0,,,,,JSP,Ready to Meet,YES,YES,,she is positive about pk,,Unreserved (Mahila),,,,,,,
Samastipur,23. Samastipur (SC),133. Samastipur,Tajpur,"Gauspur Sarsona, Kothia, Madhopur Digharua, Manpura, Muradpur Bangra, Ramapur Maheshpur",Tajpur_7,उर्मिला देवी,No,9006437619.0,,,,,,,,,,Not Connected,,Unreserved (Mahila),,,,,,,
Samastipur,22. Ujiarpur,136. Sarairanjan,Sarairanjan,"Akhtiyarpur Balbhadra, Bajitpur Meyari, Bhagwatpur, Harpur Badhetta, Nauachak",Sarairanjan_14,अरुण कुमार गुप्ता,Sarairanjan_14,8521720249.0,,,,,JSP,Ready to Meet,YES,YES,,"Met PK during Padyatra
Fought ps and 1st time zp",,Backward Class (Others),,,,,,,
Samastipur,22. Ujiarpur,136. Sarairanjan,Sarairanjan,"Barbatta, Ganga Pur, Jitwarpur Kanhara, Latbasepura, Rupauli Bujurg",Sarairanjan_13,अशोक कुमार अंजना,Sarairanjan_13,9953792178.0,,,,,,,,,,not received,,Backward Class (Others),,,,,,,
Samastipur,22. Ujiarpur,136. Sarairanjan,Sarairanjan,"Dharampur, Gangsara, Khajuri, Kisanpur Yasuf, Manikpur, Masapur, Raipur Bujurg",Sarairanjan_15,संतोष कुमार साह,No,9973067137.0,,,,,jdu,Dicey,,,,not received,,Backward Class (Others),,,,,,,
Samastipur,22. Ujiarpur,136. Sarairanjan,Vidyapati Nagar,"Badauna, Bangraha, Garhsisai, Kancha, Maniyarpur, Simari, Sothgama",Vidyapati Nagar_24,अरूण कुमार सिंह,No,7070760598.0,,,,,jdu,Ready to Meet,Dicey,Dicey,,agree to meet pk but not sure about contesting under js banner,,Unreserved (Other),,,,,,,
Samastipur,22. Ujiarpur,136. Sarairanjan,Vidyapati Nagar,"Balkrishnapur Morwa, Bazidpur, Harpur Bochaha, Moudhaneshpur North, Moudhaneshpur South, Sahit, Sherpur Dhepura",Vidyapati Nagar_25,प्रतिभा देवी,No,9525735372.0,,,,,,,,,,Daugther received the call,,Unreserved (Mahila),,,,,,,
Samastipur,22. Ujiarpur,134. Ujiarpur,Dalsinghsarai,"Ajnaul, Bambaiya Harlal, Basaria, Bulaki Pur, Hari Shankar Pur, Kamrawan, Malpur Purwari Patti",Dalsinghsarai_27,सुनीता कुमारी,No,7324855731.0,,,,,,,,,,,,Backward Class (Mahila),,,,,,,
Samastipur,22. Ujiarpur,134. Ujiarpur,Dalsinghsarai,"Chak Bahauddin, Kewata, Mokhtiyarpur Salkhani, Nagargama, Pagra, Panr, Sultanpur Ghataho",Dalsinghsarai_26,हेमलता कुमारी,No,8789526201.0,,,,,,,,,,,,SC (Mahila),,,,,,,
Samastipur,22. Ujiarpur,134. Ujiarpur,Ujiarpur,"Angar Ghat, Bhagwanpur Desua, Bikunth Pur Brandala, Birnama Tula, Chaita North, Chaita South, Gaupur, Harpur Rewari, Ram Chandrapur Andhail",Ujiarpur_31,अमृत कुमार चौधरी,No,9709752362.0,,,,,,,,,,not connected,,Unreserved (Other),,,,,,,
Samastipur,22. Ujiarpur,134. Ujiarpur,Ujiarpur,"Bela Megh, Chandchaur Middle, Chandchaur West, Chandchour Karihara, Dadhia Muriaro, Paroria, Satan Pur",Ujiarpur_29,सविता देवी,No,9934256738.0,,,,,,,,,,not received,,Unreserved (Mahila),,,,,,,
Samastipur,22. Ujiarpur,134. Ujiarpur,Ujiarpur,"Belari, Bhagwanpur Kamla, Lakhanipur Mahesh Patti, Malti, Pataili East, Pataili West",Ujiarpur_28,रिंकी कुमारी,No,8651186333.0,,,,,,,,,,,,Unreserved (Mahila),,,,,,,
Samastipur,22. Ujiarpur,134. Ujiarpur,Ujiarpur,"Chandchaur East, Lohagir, Mehsari, Nazir Pur, Nikas Pur, Raipur",Ujiarpur_30,अरुण कुमार,No,9204912386.0,,,,,BJP,Ready to Meet,Dicey,Dicey,,"In BJP, no problem in meeting with PK",,Unreserved (Other),,,,,,,
Samastipur,23. Samastipur (SC),132. Warisnagar,Khanpur,"Bachhauli, Bhorejayram, Bishanpur Abhi, Hasanpur, Khanpur North, Khanpur South, Nathudwar, Purushotampur Annu, Sadipur, Siwaisingpur",Khanpur_36,प्रियंका कुमारी,No,7766855563.0,,,,,,,,,,Zila Adhyaksh Wife,,Backward Class (Mahila),,,,,,,
Samastipur,23. Samastipur (SC),132. Warisnagar,Khanpur,"Dinmanpur North, Dinmanpur South, Jahangirpur, Kanu Bishanpur, Khairi, Rebra, Shobhan, Shripurgahar East, Sripurgahar West",Khanpur_35,स्वर्णिमा सिंह,Khanpur_35,9939294944.0,,,,,JSP,Ready to Meet,YES,YES,,"He is in party and positive, his number was saved in my contact",,Unreserved (Mahila),,,,,,,
Rosera,23. Samastipur (SC),132. Warisnagar,Shivaji Nagar,"Ballipur, Bandhar, Bhataura, Dumra Mohan, Kariyan, Madhurapur, Rahtauli, Rajaur Rambhadarpur, Raniparti",Shivaji Nagar_44,पुनीता कुमारी,Shivaji Nagar_44,9406137285.0,,,,,,,,,,,,Unreserved (Mahila),,,,,,,
Rosera,23. Samastipur (SC),132. Warisnagar,Shivaji Nagar,"Dasut, Ghiwahi, Jakhar Dharampur, Parsa, Rahiyar North, Rahiyar South, Ranna Dahiyar, Shankar Pur",Shivaji Nagar_43,सीता देवी,No,8873968665.0,,,,,,,,,,,,Backward Class (Mahila),,,,,,,
Samastipur,23. Samastipur (SC),132. Warisnagar,Warisnagar,"Basantpur Ramani, Darsur, Dhanhar, Lakhanpatti, Maniyarpur, Rahua East, Rahua West",Warisnagar_34,सुधा कुमारी,Warisnagar_34,9572072411.0,,,,,,,,,,not received ,,Unreserved (Mahila),,,,,,,
Samastipur,23. Samastipur (SC),132. Warisnagar,Warisnagar,"Chhatneswar, Gohi, Hansa, Mohiuddinpur, Purnahi, Raipur, Satmalpur",Warisnagar_33,उषा कुमारी,No,9661980925.0,,,,,,,,,,busy,,Unreserved (Mahila),,,,,,,
Samastipur,23. Samastipur (SC),132. Warisnagar,Warisnagar,"Dhurlakh, Kusaiya, Rampur Bisanpur, Sekhopur",Warisnagar_32,हेमन्त कुमार,No,9430577467.0,,,,,RJD,Ready to Meet,,,,"RJD, will fought independent zp election",,Unreserved (Other),,,,,,,
Vaishali,21. Hajipur (SC),123. Hajipur,Hajipur,"Afajalpur Dhobghatti, Bishunpur Basant, Chakunda Urf Milki, Dayalpur, Kashipur Chakbibi, Panapur Langa, Vishunpur Vasant Urf Shubhai",Hajipur_24,मुकेश पासवान,No,9931287351.0,,,,,,,,,,,,SC (Other),,,,,,,
Vaishali,21. Hajipur (SC),123. Hajipur,Hajipur,"Andharwara, Bahuara, Hilalpur, Sahdullahpur Satan, Senduari, Sultanpur, Bahuara, Sultanpur",Hajipur_25,रमेश कुमार चौरसिया,No,9234715004.0,,,,,,,,,,,,Backward Class (Others),,,,,,,
Vaishali,21. Hajipur (SC),123. Hajipur,Hajipur,"Ararah, Daulatpur Chandi, Gadai Sarai, Gauspur Izra, Ishmailpur, Manua",Hajipur_22,सुंदर माला,No,9835663002.0,,,,,,,,,,,,Unreserved (Other),,,,,,,
Vaishali,21. Hajipur (SC),123. Hajipur,Hajipur,"Bishunpur Baladhari, Daulat Pur Dewaria, Pahetiya, Thathan Buzurg",Hajipur_23,अनीता देवी,No,9931007009.0,,,,,,,,,,,,Unreserved (Mahila),,,,,,,
Vaishali,21. Hajipur (SC),124. Lalganj,Bhagwanpur,"Akbar Malahi, Jahangirpur Patedha, Mahamdabad, Majhauli Mahmadpur Buzurg, Miya Bairo, Raghunathpur Imadpur, Ratanpura",Bhagwanpur_20,आशुतोष कुमार,No,9466946637.0,,,,,,,,,,,,Unreserved (Other),,,,,,,
Vaishali,21. Hajipur (SC),124. Lalganj,Bhagwanpur,"Asoee Lachhiram, Husaina Khurd, Karhari, Madhopur Mahodat, Madhopur Ram, Shambhopur Kowari",Bhagwanpur_21,नीरज कुमार,No,9334385485.0,,,,,,,,,,,,Unreserved (Other),,,,,,,
Vaishali,21. Hajipur (SC),124. Lalganj,Bhagwanpur,"Bafapur Banthu, Harwanshpur Banthu, Kiratpur Raja Ram, Manganpur, Prataptand East, Prataptand West, Sahatha, Shahmiya Rohua",Bhagwanpur_19,पिंकी कुमारी,No,9708959739.0,,,,,,,,,,,,Unreserved (Mahila),,,,,,,
Vaishali,21. Hajipur (SC),124. Lalganj,Lalganj,"Anawarpur, Bhautauli Bhagwan, Ghataro Chaturbhuj South, Gurmiya, Paura Madan Singh, Shital Bhakurahar, Sirsa Biran",Lalganj_6,रिंकी कुमारी,Lalganj_6,9199698956.0,,,,,,,,,,,,Unreserved (Mahila),,,,,,,
Vaishali,21. Hajipur (SC),124. Lalganj,Lalganj,"Atwarpur Sisaula, Basanta Jahanabad, Ghataro Chaturbhuj Middle, Karataha Buzurg, Laxmi Narayanpur, Purainia, Puran Tand, Laxmi Narayanpur",Lalganj_5,अनिला देवी,No,9546148555.0,,,,,,,,,,,,Unreserved (Mahila),,,,,,,
Vaishali,21. Hajipur (SC),124. Lalganj,Lalganj,"Jalalpur, Kharauna, Purkhauli, Rikhar, Sararia, Shahdullahpur, Yusufpur, Shahdullahpur",Lalganj_4,विनोद कुमार,No,9199056281.0,,,,,,,,,,,,SC (Other),,,,,,,
Vaishali,21. Hajipur (SC),126. Mahua,Chehrakala,"Abavakarpur, Chehra Kalan, Khaje Chand Chhapra, Mansurpur Halaiya, Mathna Milik, Vishunpur Arra",Chehrakala_9,मनोज कुमार यादव,Chehrakala_9,9472000700.0,,,,,,,,,,,,Unreserved (Other),,,,,,,
Vaishali,21. Hajipur (SC),126. Mahua,Chehrakala,"Akhtiyarpur Sehan, Basti Sarsikan, Chhaurahi, Karhatiya Buzurg, Rasulpur Fatah, Shahpur Khurd",Chehrakala_10,निधि झा,No,9128040602.0,,,,,,,,,,,,Unreserved (Mahila),,,,,,,
Vaishali,21. Hajipur (SC),129. Mahnar,Jandaha,"Adalpur, Chand Sarai, Dih Buchauli, Loma, Mansinghpur Bijhrauli, Nari Khurd, Rasulpur Purshottam",Jandaha_29,रीना रागनी,No,9431480783.0,,,,,,,,,,,,SC (Mahila),,,,,,,
Vaishali,21. Hajipur (SC),129. Mahnar,Jandaha,"Bahsi Saidpur, Basantpur, Borhan Urf Rasulpur Gaus, Khopi, Laxmipur Barhbatta, Mohiuddinpur Garahi, Vishunpur Bedauliya",Jandaha_28,देव नंदन सहनी,Jandaha_28,9572673642.0,,,,,,,,,,,,Backward Class (Others),,,,,,,
Vaishali,21. Hajipur (SC),129. Mahnar,Jandaha,"Harprasad, Mahipura, Mahisaur, Mukundpur Bhath, Peerapur, Said Mohammad Urf Salha, Sohrathi",Jandaha_30,विभा देवी,No,9934866298.0,,,,,,,,,,,,Unreserved (Mahila),,,,,,,
Vaishali,21. Hajipur (SC),129. Mahnar,Mahnar,"Alipur Hatta, Gorigama, Hasanpur North, Hasanpur South, Lavapur Mahnar, Lavapur Narayan",Mahnar_38,प्रदीप राय,No,9973118669.0,,,,,,,,,,,,Unreserved (Other),,,,,,,
Vaishali,21. Hajipur (SC),129. Mahnar,Mahnar,"Basudevpur Chandel, Chamarhara, Dedhpura, Karnauti, Mahindwara, Mohmadpur, Paharpur Vishunpur, Sarmastpur",Mahnar_37,राजकरन राम,Mahnar_37,9939857185.0,,,,,,,,,,,,SC (Other),,,,,,,
Vaishali,22. Ujiarpur,130. Patepur,Patepur,"Agrail Khurd, Alinagar Levdhan, Baligaon, Bela Dargah, Govindpur Bela, Ladho, Saidpur Dumra",Patepur_14,राम बाबु चौधरी,Patepur_14,9931202729.0,,,,,,,,,,,,SC (Other),,,,,,,
Vaishali,22. Ujiarpur,130. Patepur,Patepur,"Azizpur Chande, Bakadh, Khoyajpur Basti, Malpur, Marui, Raghopur Narsanda",Patepur_15,रीना कुमारी,Patepur_15,9297857452.0,,,Call Connected,,,,,,,,,SC (Mahila),,,,,,,
Vaishali,22. Ujiarpur,130. Patepur,Patepur,"Bardiha Turki, Chakjado, Nirpur, Teknari",Patepur_13,शबनम,No,9608374591.0,,,,,,,,,,,,Unreserved (Mahila),,,,,,,
Vaishali,22. Ujiarpur,130. Patepur,Patepur,"Bhairokhara, Chandpur Fatah, Dadhua, Harlochanpur Sukki, Maudah Bujurg, Maudah Chatur",Patepur_11,गीता देवी,No,9934721336.0,,,,,,,,,,,,Unreserved (Mahila),,,,,,,
Vaishali,22. Ujiarpur,130. Patepur,Patepur,"Dabhaich, Mahthi Dhramchand, Mandai Dih, Nilo Rukundpur, Simarwara, Tisiauta Dharmpur",Patepur_12,राम सागर सहनी,No,7091073065.0,,,,,,,,,,,,Unreserved (Other),,,,,,,
Vaishali,21. Hajipur (SC),128. Raghopur,Bidupur,"Amer, Chakath Kursi Kushiyari, Chaksikandar (Kalyanpur), Dilawarpur Gobardhan, Majhauli, Nawanagar, Sitalpur Kamalpur, Majhauli",Bidupur_31,रीता सिंह,No,8541888691.0,,,,,,,,,,,,Unreserved (Mahila),,,,,,,
Vaishali,21. Hajipur (SC),128. Raghopur,Bidupur,"Bajitpur Saidat, Chechar, Jurawanpur, Kathaulia, Khanpur Pakri, Kutubpur, Majlispur, Mathura",Bidupur_33,लाल मुनी देवी,Bidupur_33,9931449037.0,,,,,,,,,,,,Backward Class (Mahila),,,,,,,
Vaishali,21. Hajipur (SC),128. Raghopur,Bidupur,"Bidupur, Daud Nagar, Kanchanpur, Khilwat, Maile, Rahimapur, Rajasan, Saidpur Ganesh",Bidupur_32,वीधा राणी,Bidupur_32,7903552232.0,,,,,,,,,,,,Backward Class (Mahila),,,,,,,
Vaishali,21. Hajipur (SC),128. Raghopur,Raghopur,"Bahrampur, Chandpura, Fatehpur, Mohanpur, Paharpur Paschimi, Saidabad",Raghopur_40,नागेंद्र कुमार चौधरी,No,6206687804.0,,,,,,,,,,,,Unreserved (Other),,,,,,,
Vaishali,21. Hajipur (SC),128. Raghopur,Raghopur,"Chaksingar, Juravanpur Barari, Juravanpur Karari, Raghopur East, Raghopur Paschimi, Veerpur",Raghopur_41,दीपक कुमार,Raghopur_41,7759855937.0,,,,,,,,,,,,Unreserved (Other),,,,,,,
Vaishali,21. Hajipur (SC),128. Raghopur,Raghopur,"Jafrabad, Jahangirpur, Mallikpur, Rampur Shyamchand, Rustampur, Saraypur Urf Diwan Tok, Terasiya",Raghopur_39,नेमधारी राय,No,9955468577.0,,,,,,,,,,,,Unreserved (Other),,,,,,,
Vaishali,21. Hajipur (SC),127. Raja Pakar,Desri,"Azampur, Bhikhanpura, Desri, Dharampur Ramrai, Jahangirpur Sham, Rasulpur Habib, Uphraul",Desri_34,मोहित पासवान,No,9576398620.0,,,,,,,,,,,,SC (Other),,,,,,,
Vaishali,21. Hajipur (SC),127. Raja Pakar,Desri,Jafrabad,Desri_39,नेमधारी राय,No,9955468577.0,,,,,,,,,,,,Unreserved (Other),,,,,,,
Vaishali,21. Hajipur (SC),127. Raja Pakar,Rajapakar,"Baikunth Pur, Bakarpur, Bakhri Barai, Bhalui, Jafarpatti, Rajapakar South, Vishunpur Balbhdra Urf Gauspur",Rajapakar_27,प्रभु साह,No,9934704731.0,,,,,,,,,,,,Backward Class (Others),,,,,,,
Vaishali,21. Hajipur (SC),127. Raja Pakar,Rajapakar,"Berai, Lagurao Vilnupur, Mirpur Patadh, Narayanpur Buzurg, Rajapakar North, Rampur Ratnakar",Rajapakar_26,गुंजा कुमारी,No,8969378153.0,,,,,,,,,,,,Unreserved (Mahila),,,,,,,
Vaishali,21. Hajipur (SC),127. Raja Pakar,Sahdei Buzurg,"Bajitpur Chak Kasturi, Chak Jamal, Mazrohi Urf Saharia, Naya Gaon West, Sahdei Buzurg",Sahdei Buzurg_35,उपेंद्र कुमार राय,No,9934067885.0,,,,,,,,,,,,Unreserved (Other),,,,,,,
Vaishali,21. Hajipur (SC),127. Raja Pakar,Sahdei Buzurg,"Chakfaiz, Murauatpur, Nayagaon East, Pohiyar Buzurg, Salha",Sahdei Buzurg_36,मनीन्द्र नाथ सिंह,No,9931166008.0,,,,,,,,,,,,Unreserved (Other),,,,,,,
Vaishali,16. Vaishali,125. Vaishali,Garaul,"Baksama, Ismailpur, Pirapur Mathura, Piroi Shamsuddin, Rasulpur Korigawan, Rasulpur Turki",Garaul_8,मनोज कुमार,No,9798470323.0,,,,,,,,,,,,Backward Class (Others),,,,,,,
Vaishali,16. Vaishali,125. Vaishali,Garaul,"Bhanpur Barewa, Bhualpur Urf Bahadurpur, Katar Mala, Lodi Pur, Mohamadpur Pojha, Sondho Dullah",Garaul_7,रूबी कुमारी,No,8292806877.0,,,,,,,,,,,,Backward Class (Mahila),,,,,,,
Vaishali,16. Vaishali,125. Vaishali,Mahua,"Bhadwas, Fulwaria, Gauspur Chakmazahid, Hasanpur Osti, Mirza Nagar, Rasulpur Mobarak, Tajpur Buzurg",Mahua_18,प्रियंका कुमारी,No,7020302767.0,,,,,,,,,,,,Backward Class (Mahila),,,,,,,
Vaishali,16. Vaishali,125. Vaishali,Mahua,"Fatahpur Pakri, Jalalpur Gangti, Kanhauli Dhanraj, Kanhauli Vishanparsi, Mangurahi, Rasalpur Urf Madhaul, Vishunpur Hiraram Urf Paharpur",Mahua_16,मनीष कुमार शुक्ला,No,9931792451.0,,,,,,,,,,,,Unreserved (Other),,,,,,,
Vaishali,16. Vaishali,125. Vaishali,Mahua,"Govindpur, Jahangirpur Salkhanni, Rampur Chandrabhan Urf Dagru, Samaspura, Sherpur Manikpur, Singhara North, Singhara South, Supaul Taria",Mahua_17,रिणा देवी,No,9006585860.0,,,,,,,,,,,,SC (Mahila),,,,,,,
Vaishali,16. Vaishali,125. Vaishali,Patedhi Belsar,"Belsar, Chak Gulamuddin, Jarang Rampur, Karnezi, Manora, Mishraulia Afzalpur, Nagwa, Saine, Sorhattha",Patedhi Belsar_3,मन्जु देवी,Patedhi Belsar_3,9771073890.0,,,,,,,,,,,,SC (Mahila),,,,,,,
Vaishali,16. Vaishali,125. Vaishali,Vaishali,"Abulhasanpur, Chintamanipur, Jatkauli, Madarna, Mataiya, Mohammadpur, Rahimpur",Vaishali_2,कुमारी कलावती यादव,No,6201587371.0,,,,,,,,,,,,Unreserved (Mahila),,,,,,,
Vaishali,16. Vaishali,125. Vaishali,Vaishali,"Amritpur, Bhagwanpur Ratti, Bhagwatpur, Chak Alahdad, Daudnagar, Phulad, Salempur, Vaishali",Vaishali_1,कुमारी बबीता रानी,No,7763911844.0,,,,,,,,,,,,Unreserved (Mahila),,,,,,,
Begusarai,24. Begusarai,142. Bachhwara,Bachhwara,"Arwa, Bachhawara, Bhikhamchak, Chiranjipur, Fateha, Govindpur-Iii, Kaidarabad, Rasid Pur, Rudouli",Bachhwara_2,मनमोहन महतो,No,9934469799.0,,,Call Connected,,,,,,,Told to call in the evening at 5 pm,,Backward Class (Others),,,,,,,
Begusarai,24. Begusarai,142. Bachhwara,Bachhwara,"Bisanpur, Chamatha-I, Chamatha-Ii, Chamatha-Iii, Dadpur, Godhana, Rani-I, Rani-Ii, Rani-Iii",Bachhwara_3,वीणा देवी,Bachhwara_3,6206240634.0,SC,General,Call Connected,Want To Join JSP ,CPI,Ready to Meet,YES,YES,,,,SC (Mahila),,,,,,,
Begusarai,24. Begusarai,142. Bachhwara,Bhagwanpur,"Banwaripur, Damodar Pur, Kazi-Rasalpur, Lakhanpur, Mahesh Pur, Mokhtiyarpur, Takiya",Bhagwanpur_4,राम प्रकाश पासवान,No,9199216102.0,,,Call Connected,Not interested to Join JSP ,CPI,,,,,Abhi Delhi me CPI Party ke railly me hain ,,SC (Other),,,,,,,
Begusarai,24. Begusarai,142. Bachhwara,Bhagwanpur,"Bhithsari, Chandour, Jokia, Kirat Pur, Mehdouli, Narhari Pur, Rasalpur, Sanjat",Bhagwanpur_5,दिनेश चौरसिया,No,9709629875.0,,,Call Connected,Want To Join JSP ,RJD,Ready to Meet,YES,,,Inka age 76 ho gya hai esliye apne beta ko election ladwayenge (Vivek chaurasiya 6203156719),,Backward Class (Others),,,,,,,
Begusarai,24. Begusarai,142. Bachhwara,Mansurchak,"Bahrampur, Ganpatoul, Govindpur-I, Govindpur-Ii, Mansurchak, Samasa-1, Samasa-Ii, Satha",Mansurchak_1,रूबी कुमारी,No,9955032612.0,,,,,CPI,,,,,"Abhi meeting me hain ,baad me baad krne ke liye bole hain",,SC (Mahila),,,,,,,
Begusarai,24. Begusarai,147. Bakhri,Bakhri,"Bagban, Bahuara, Bakhari East, Parihara, Ratan",Bakhri_13,अमित कुमार देव,No,9708461764.0,,,Call Connected,Not interested to Join JSP ,BJP,,,,,,,Unreserved (Other),,,,,,,
Begusarai,24. Begusarai,147. Bakhri,Bakhri,"Chakhamid, Ghaghra, Jailakh Abhiman, Mohanpur, Salauna",Bakhri_12,घनश्याम रॉय,Bakhri_12,9430015386.0,,,Call Connected,Want To Join JSP ,BJP,Ready to Meet,YES,,,,,Unreserved (Other),,,,,,,
Begusarai,24. Begusarai,147. Bakhri,Dandari,"Bank, Dandari, Katahri, Katarmala North, Katarmala South, Mahipatol, Rajopur, Tetari",Dandari_28,सुरेन्द्र पासवान,No,9155756572.0,,,,,,,,,,Incoming call not available,,SC (Other),,,,,,,
Begusarai,24. Begusarai,147. Bakhri,Gadhpura,"Dunahi, Garhpura, Korai, Koriyama, Kumharson, Malipur, Maujiharisingh, Rajaur, Sonma",Gadhpura_11,किरण कुमारी,No,7209384423.0,,,Call Connected,,,,,,,"Modern citizen party inki apni party hai,PK se mile bhi hain ,Free ho kr call back krengi",,Backward Class (Mahila),,,,,,,
Begusarai,24. Begusarai,146. Begusarai,Birpur,"Bhawanand Pur, Birpur East, Birpur West, Dihpar, Genharpur, Jagadar, Noula, Parra",Birpur_15,शिल्पी कुमारी,Birpur_15,9973608008.0,,,Call Connected,Want To Join JSP ,BJP,Ready to Meet,YES,,,"PK se mile hain , 2025 elecion me ticket ke lie patna aaye huye the",,Backward Class (Mahila),,,,,,,
Begusarai,24. Begusarai,141. Cheria-Bariarpur,Cheria Bariarpur,"Bariyarpur, Manjhaul-1, Manjhaul-2, Manjhaul-3, Manjhaul-4, Pabra, Shah Pur",Cheria Bariarpur_10,ममता कुमारी,No,9760909629.0,,,Not Received ,,,,,,,,,Unreserved (Mahila),,,,,,,
Begusarai,24. Begusarai,141. Cheria-Bariarpur,Cheria Bariarpur,"Basahi, Bikrampur, Gopalpur, Khanjapur, Kumbhi, Sakarbasa, Shripur",Cheria Bariarpur_9,संजीव कुमार शर्मा,Cheria Bariarpur_9,8709483126.0,,General,Call Connected,Already in JS,JSP,Ready to Meet,YES,,,"Phle Delhi me kam krte the ,phli bar elecion lade hain ,JSP ke meeTing me aate rhe hain,par koi pad pe nhi hain",,Backward Class (Others),,,,,,,
Begusarai,24. Begusarai,141. Cheria-Bariarpur,Chhaurahi,"Ajani, Ekamba, Narain Pipar, Parora, Sawant",Chhaurahi_8,प्रेमलता कुमारी,No,7763020848.0,,,Call Connected,,RJD,,,,,"RJD se zila mahila adhyaksh hain,JSP ke sath elecion  ladengi ya nhi ghar pe baat kr ke btayengi.
Dubara bhi call kiya to boli ki abhi baa nhi ki hai ghar pe",,Unreserved (Mahila),,,,,,,
Begusarai,24. Begusarai,141. Cheria-Bariarpur,Chhaurahi,"Amari, Malpur, Sahuri, Shahpur, Sihama",Chhaurahi_7,पुष्पा देवी,No,7488128029.0,,,Call Connected,Dicey ,BJP,Ready to Meet,NO,,,"Ye kisi party ke sath jud kr chunav nhi ladna chahe hain,Par PK se milne ke liye taiyar hai",,Unreserved (Mahila),,,,,,,
Begusarai,24. Begusarai,141. Cheria-Bariarpur,Khodawandpur,"Bara, Bariarpur-East, Bariarpur-West, Daulat Pur, Fafaut, Khodabandpur, Meghaul, Sagi",Khodawandpur_6,पंकज कुमार शर्मा,No,9931458660.0,,,Call Connected,Dicey ,Neutral,Ready to Meet,NO,,,"JSP ke sath the par 2025 election se naraj chal rhe hain,kisi party ke sath jud kr chunav nhi ladenge. PK ke sath milne ke liye taiyar hai",,Backward Class (Others),,,,,,,
Begusarai,24. Begusarai,141. Cheria-Bariarpur,Nawkothi,"Bishnupur, Daffarpur, Hasanpur Bagar, Maheshwara, Naokothi, Pahasara East, Pahsara West, Rajakpur, Samsa",Nawkothi_14,किरण देवी,Nawkothi_14,7250837579.0,Mahila,General,Call Connected,Want To Join JSP ,CPI,Ready to Meet,YES,,,"JSP ke sath judne ke liye taiyar hain,es bar khud zp ka elecion ladenge",,Backward Class (Mahila),,,,,,,
Begusarai,24. Begusarai,144. Matihani,Begusarai,"Ajhour, Chandpura, Haibatpur, Khamhar, Mohanpur, Parna",Begusarai_27,डिम्पल कुमारी,No,9199838557.0,,,Call Connected,Not interested to Join JSP ,Neutral,,,,,"kisi party ke sath nhi jude huye hain,kisi party ke support se nhi ladna chah rhe the ",,Unreserved (Mahila),,,,,,,
Begusarai,24. Begusarai,144. Matihani,Begusarai,"Amraur Kiratpur, Binod Pur, Chilmil, Pachamba",Begusarai_23,चंदन कुमार,Begusarai_23,9709762788.0,,,Call Connected,Want To Join JSP ,Neutral,Ready to Meet,YES,,,"Parisiman ko le kr thoda confuse hain , aane wale election me kis seat se ladenge",,Unreserved (Other),,,,,,,
Begusarai,24. Begusarai,144. Matihani,Begusarai,"Bahdarpur, Bhairwar, Dhabouli, Lakho, Sahpur",Begusarai_25,सरिता देवी,No,9931207648.0,,,Call Connected,Only Want to Meet to PK ,jdu,Ready to Meet,NO,,,PK se milne ke liye taiyar hain par party ke support se election nhi ladna chah rhe hain,,Unreserved (Mahila),,,,,,,
Begusarai,24. Begusarai,144. Matihani,Begusarai,"Banduar, Neema, Rachiyahi",Begusarai_24,नन्द लाल राय,No,9199508517.0,,,Call Connected,Not interested to Join JSP ,jdu,,,,,JDU zila Adhyaksh,,Unreserved (Other),,,,,,,
Begusarai,24. Begusarai,144. Matihani,Begusarai,"Jinedpur, Kaith, Kushamaut, Rajaura, Shankh, Suja",Begusarai_26,पुष्पा कुमारी,Begusarai_26,8797289708.0,,,Call Connected,Want To Join JSP ,BJP,Ready to Meet,YES,,,"BJP Zila upadhyaksh hain, JSP ke sath chunav ladne ke liye taiyar hai",,SC (Other),,,,,,,
Begusarai,24. Begusarai,144. Matihani,Matihani,"Balahpur -I, Balahpur Ii, Dariyapur, Gorgama, Khorampur, Safapur, Saidpur Ama, Sonapur",Matihani_35,अंजनी कुमार सिंह,No,7903042759.0,,,Call Connected,,CPI,,,,,"Barh ksheth me darna pe baithe huye hain, abhi koi clear decision nhi bta pa rhe hain",,Unreserved (Other),,,,,,,
Begusarai,24. Begusarai,144. Matihani,Matihani,"Maniappa, Matihani - I, Matihani - Ii, Ramdiri -I, Ramdiri -Iii, Ramdiri -Iv, Ramdiri-Ii, Shihma",Matihani_34,झुना सिंह,No,9931010820.0,,,Call Connected,Not interested to Join JSP ,,Not Interested,,,,Kisi party ke sath jud kr eletion nhi ladenge,,Unreserved (Other),,,,,,,
Begusarai,24. Begusarai,144. Matihani,Samho Akha Kurha,"Akbar Pur Barari, Salha Saidpur Barari-I, Salha Saidpur Barari-Ii",Samho Akha Kurha_33,अमित कुमार,No,9470029255.0,,,Call Connected,Only Want to Meet to PK ,INC,Ready to Meet,NO,,,kisi party ke jud kr elecion ladna nhi chah rhe hain,,Unreserved (Other),,,,,,,
Begusarai,24. Begusarai,145. Sahebpur Kamal,Ballia,"Bari Balia South, Bhagatpur, Bhawanand Pur, Manser Pur, Paharpur, Parmanand Pur, Tajpur",Ballia_32,खुशबू देवी,No,9934879837.0,,,Call Connected,Not interested to Join JSP ,Neutral,Not Interested,NO,NO,,Kisi party se jud kr election nhi ladenge,,Unreserved (Mahila),,,,,,,
Begusarai,24. Begusarai,145. Sahebpur Kamal,Ballia,"Baribalia North, Bariyarpur, Fatehpur, Noorjamma Pur, Pokharia, Rahatpur, Salechak",Ballia_31,निरुपमा कुमारी,No,9631795951.0,,,Call Connected,Dicey ,RJD,Dicey,,,,"RJD ke sath jude huye hain,abhi ye vichar kr ke btayenge ki pk se milenge ya elecion ladenge ya nhi",,Unreserved (Mahila),,,,,,,
Begusarai,24. Begusarai,145. Sahebpur Kamal,Sahebpur Kamal,"Bishanpur Ahok, Chawki, Phoolmlik, Raghunath Pur Karari, Raghunathpur Barari, Rahua, Sabdalpur, Sadpur-East, Sadpur-West",Sahebpur Kamal_29,अंजनी कुमारी,Sahebpur Kamal_29,7549643329.0,,,Call Connected,Already in JS,JSP,Ready to Meet,YES,,,,,Unreserved (Mahila),,,,,,,
Begusarai,24. Begusarai,145. Sahebpur Kamal,Sahebpur Kamal,"Pachbir, Sahebpur Kamal East, Sahebpur Kamal West, Samastipur, Sandalpur, Sanha-East, Sanha-North, Sanha-West",Sahebpur Kamal_30,ममता कुमारी,Sahebpur Kamal_30,7970523084.0,,,Call Connected,Want To Join JSP ,Neutral,Ready to Meet,YES,,,,,Unreserved (Mahila),,,,,,,
Begusarai,24. Begusarai,143. Teghra,Barauni,"Amarpur, Pipra Dewas, Simaria-I, Simaria-Ii",Barauni_19,राजीव कुमार सिंह,Barauni_19,8210677296.0,,,Call Connected,Want To Join JSP ,BJP,Ready to Meet,YES,,,"ZP vice chairman hain ,JSP ke sath judne ke liye taiyar hain.",,Unreserved (Other),,,,,,,
Begusarai,24. Begusarai,143. Teghra,Barauni,"Babhagama, Bathouli, Maidababhangama, Ninga, Sahuri",Barauni_21,वीणा देवी,No,9973452222.0,,,Call Connected,,BJP,,,,,"Koi bhi political decision inka ladka leta hai ,itna bol kr call cut kr di,phir dubara call krne pe call receive nhi ki ",,Unreserved (Mahila),,,,,,,
Begusarai,24. Begusarai,143. Teghra,Barauni,"Hazipur, Malhipur (North), Malhipur (South)",Barauni_20,नितिश कुमार,No,7991176685.0,,,Wrong Number ,,,,,,,,,Unreserved (Other),,,,,,,
Begusarai,24. Begusarai,143. Teghra,Barauni,"Keshawe, Mahana, Mosadpur, Noorpur, Paprour",Barauni_22,रीतु कुमारी,No,9890325353.0,,,Call Connected,Not interested to Join JSP ,,,,,,"2-3 bar baat hui hai, JSP ke naam sunte hi bolta hai ki meeting me hu.",,Unreserved (Mahila),,,,,,,
Begusarai,24. Begusarai,143. Teghra,Teghra,"Adharpur, Gaura-Ii, Pidhauli, Ratgaon",Teghra_16,रीता देवी,No,9973468935.0,,,No Incoming ,,,,,,,,,Unreserved (Other),,,,,,,
Begusarai,24. Begusarai,143. Teghra,Teghra,"Barauni-I, Barauni-Ii, Barauni-Iii, Chilhai, Dhankaul, Gaura-1, Pakthaul, Pipra Dodraj",Teghra_17,प्रवीण शेखर,Teghra_17,6204503424.0,,,Call Connected,Want To Join JSP ,Neutral,Ready to Meet,YES,,,Party join krne ke liye taiyar hain or election bhi ladna chah rhe hain ,,Unreserved (Other),,,,,,,
Begusarai,24. Begusarai,143. Teghra,Teghra,"Baro (North), Baro (South), Fulwaria-I, Fulwaria-Ii, Fulwaria-Iii, Nipaniya Madhurapur, Shokhara-1, Shokhara-2",Teghra_18,शिव चन्द्र महतो,No,9473096589.0,,,No Incoming ,,,,,,,,,Unreserved (Other),,,,,,,
Muzaffarpur,16. Vaishali,98. Sahebganj,Sahebganj,"Ahiyapur, Baidyanathpur, Bangra Nizamat, Basudeopur Sarai, Gulab Patti, Madhopur Hajari",Sahebganj_1,राजेश कुमार सहनी,No,7033884570.0,,,,,,,,,,,,Unreserved (Other),,,,,,,
Muzaffarpur,16. Vaishali,98. Sahebganj,Sahebganj,"Bishanpur Patti, Bishunpur Kalyan, Halimpur, Husepur, Husepur Rati, Paharpur Manorath, Roop Chapra",Sahebganj_2,किरण देवी,Sahebganj_2,6203691099.0,,,,,,,,,,,,Unreserved (Mahila),,,,,,,
Muzaffarpur,16. Vaishali,98. Sahebganj,Sahebganj,"Basatpur Chanpur, Gaura, Jagdishpur, Pakri Basarat, Prasauni Raisi, Rajepur, Rampur Asli, Saraiya",Sahebganj_3,अर्चना कुमारी,Sahebganj_3,9771665785.0,,,,,,,,,,,,Unreserved (Mahila),,,,,,,
Muzaffarpur,16. Vaishali,96. Baruraj,Motipur,"Bansghat, Ebrahimpur, Kamalpur Bithroul, Korigama, Mahmadpur Mahmada, Mangurahatajpur, Parsouninath",Motipur_4,पूनम देवी,No,9801057458.0,,,,,,,,,,,,Unreserved (Mahila),,,,,,,
Muzaffarpur,16. Vaishali,96. Baruraj,Motipur,"Hardi, Harpur, Jasauli, Jatouliya, Pakari, Rampur Bheriyahi",Motipur_5,नेहा तिवारी,Motipur_5,9934210210.0,,,,,,,,,,,,Unreserved (Mahila),,,,,,,
Muzaffarpur,16. Vaishali,96. Baruraj,Motipur,"Fateha, Harnahi, Jahangirpur, Pagahia, Thikaha",Motipur_6,रेणु देवी,No,9631192209.0,,,,,,,,,,,,Unreserved (Mahila),,,,,,,
Muzaffarpur,16. Vaishali,96. Baruraj,Motipur,"Bariyarpur [North], Bariyarpur [South], Bariyarpur [West], Bariyarpur[East], Barji, Kalyanpur Harouna",Motipur_7,सावित्री देवी,No,9470079922.0,,,,,,,,,,,,Unreserved (Mahila),,,,,,,
Muzaffarpur,16. Vaishali,96. Baruraj,Motipur,"Brahmpur Karman, Mahamadpur Balmi, Mahima Gopinathpur, Morsandi, Nariar, Patti Aswari",Motipur_8,आलोक कुमार उपाध्याय,No,9708587087.0,,,,,,,,,,,,Unreserved (Other),,,,,,,
Muzaffarpur,16. Vaishali,96. Baruraj,Paroo,"Baijalpur, Chand Kewari, Dharphari, Neknamepur, Pandeh, Usti",Paroo_9,विनोद कुमार सिंह,No,9798439673.0,,,,,,,,,,,,Unreserved (Other),,,,,,,
Muzaffarpur,16. Vaishali,96. Baruraj,Paroo,"Chaki Sohagpur, Fatehabad, Ghayaspur, Jaimal Dumri, Kataru, Khutahin",Paroo_10,निरुपमा सिंह,No,7004138551.0,,,,,,,,,,,,Unreserved (Other),,,,,,,
Muzaffarpur,16. Vaishali,96. Baruraj,Paroo,"Anandpur Kharauni, Chintamanpur, Kamalpura, Mohabbatpur, Mohjamma, Paroo [N], Paroo [S]",Paroo_11,ललिता देवी,No,9471800800.0,,,,,,,,,,,,Unreserved (Mahila),,,,,,,
Muzaffarpur,16. Vaishali,96. Baruraj,Paroo,"Bahdinpur, Bishanpur Saraiya, Chochahi Chapra, Deoria East, Deoria West, Jafarpur, Mangurahiyan",Paroo_12,रेणु देवी 1,No,9931031414.0,,,,,,,,,,,,Unreserved (Mahila),,,,,,,
Muzaffarpur,16. Vaishali,96. Baruraj,Paroo,"Bajitpur, Bhagwanpur Simra, Jagdishpur Baya, Koria Nizamat, Laloo Chapra, Raghunathpur, Rampur Keso Urf Malahi",Paroo_13,आशा देवी,No,9470039651.0,,,,,,,,,,,,Unreserved (Other),,,,,,,
Muzaffarpur,16. Vaishali,97. Paroo,Saraiya,"Ambaratej Singh, Bakhra, Basaitha, Datapur Punch Bhinda, Madhaul, Marwapakar, Rewa Basantpur North, Rewa Basantpur South",Saraiya_14,नशाबा खातून,No,7488634849.0,,,,,,,,,,,,Backward Class (Mahila),,,,,,,
Muzaffarpur,16. Vaishali,97. Paroo,Saraiya,"Chakibrahim, Chakna, Gopinathpur Dokra, Kolhua, Manikpur, Rupauli, Saraiya",Saraiya_15,बिपिन शाही,Saraiya_15,8292599868.0,,,,,,,,,,,,Unreserved (Other),,,,,,,
Muzaffarpur,16. Vaishali,97. Paroo,Saraiya,"Berua, Ginjas, Gorgamandih, Khaira, Ramkrishandu Biyahi, Repora Rampur Bali, Repura Rampur Bisnath",Saraiya_16,गायत्री जायसवाल,No,9955630220.0,,,,,,,,,,,,Unreserved (Mahila),,,,,,,
Muzaffarpur,16. Vaishali,97. Paroo,Saraiya,"Amaitha, Bahilwar Gobind, Bahilwara Rupnath South, Bahilwararupnath North, Gopi Dhanwat, Narngi Jiwnath, Pokhraira, Raja Rampur",Saraiya_17,प्रेम कुमार,No,9934810560.0,,,,,,,,,,,,Backward Class (Others),,,,,,,
Muzaffarpur,16. Vaishali,95. Kanti,Kanti,"Bahuaara, Bakatpur, Birpur, Fulkanhan Mani, Godai Fulkanhan, Jhitkahi Madhuban, Sain",Kanti_18,आभा ठाकुर,No,7250419139.0,,,,,,,,,,,,Unreserved (Other),,,,,,,
Muzaffarpur,16. Vaishali,95. Kanti,Kanti,"Dhamouli Ramnath West, Harchanda, Manikpur Narotam, Panapur Habeli, Sadatpur, Sherukahi",Kanti_19,रानी कुमारी,No,9955688410.0,,,,,,,,,,,,Unreserved (Mahila),,,,,,,
Muzaffarpur,16. Vaishali,95. Kanti,Kanti,"Dadar Kolhuwa, Damodarpur, Dhamouli Ramnath East, Laskaripur, Madhopur Dulam Urf Dhelaha, Mustafapur, Paigamber Pur Kolhua, Shahpur",Kanti_20,मीना देवी,No,9525704781.0,,,,,,,,,,,,Backward Class (Mahila),,,,,,,
Muzaffarpur,16. Vaishali,95. Kanti,Marwan,"Barkagaon North, Barkagaon South, Gavasara, Jhakhada Shekh, Jiyan Khurd, Mohammadpur Subey, Raksa",Marwan_21,आसीफ इकबाल,Marwan_21,9334950738.0,,,,,,,,,,,,Backward Class (Others),,,,,,,
Muzaffarpur,16. Vaishali,95. Kanti,Marwan,"Bhatauna, Karja Dih, Makdumpur Kodaria North, Mohammad Pur Khaje, Rupwara, Shubhankar Pur",Marwan_22,कुन्दन कुमार,Marwan_22,9386803636.0,,,,,,,,,,,,Unreserved (Other),,,,,,,
Muzaffarpur,15. Muzaffarpur,93. Kurhani,Kurhani,"Chhajan Harishankar West, Chhajan Harishanker East, Dubiahi, Kharauna Dih, Ladaura, Sumera",Kurhani_23,संगीता देवी,No,9634134632.0,,,,,,,,,,,,SC (Mahila),,,,,,,
Muzaffarpur,15. Muzaffarpur,93. Kurhani,Kurhani,"Bangra Bansidhar, Chandra Hati, Fakuli, Kishunpur Balaur, Kishunpur Mohni, Kurahni, Rajla",Kurhani_24,राधा देवी,No,8757576905.0,,,,,,,,,,,,SC (Other),,,,,,,
Muzaffarpur,15. Muzaffarpur,93. Kurhani,Kurhani,"Basouli, Chadhua, Chakiya, Dariyapur Kafen, Jamaharua, Kermadih, Mohammadpur Mobarak",Kurhani_25,प्रियंका कुमारी,Kurhani_25,9931481440.0,,,,,,,,,,,,Unreserved (Mahila),,,,,,,
Muzaffarpur,15. Muzaffarpur,93. Kurhani,Kurhani,"Amarakh, Balaurdih, Chainpur Wazid, Chhitrauli, Harishankar Maniyari, Mahant Maniyari, Raghunathpur Madhuban, Ratnauli, Shakri Saraiya, Sonwarsa, Turki",Kurhani_26,आशा चौधरी,Kurhani_26,9798070852.0,,,,,,,,,,,,Unreserved (Mahila),,,,,,,
Muzaffarpur,15. Muzaffarpur,93. Kurhani,Kurhani,"Akhtiyarpur Paraiya, Harpur Balra, Jagarnathpur, Kinaroo, Kishunpur Madhuban, Pakhahin, Shahpur Mircha",Kurhani_27,रीना कुमारी,No,9955013282.0,,,,,,,,,,,,SC (Mahila),,,,,,,
Muzaffarpur,15. Muzaffarpur,94. Muzaffarpur,Mushahari,"Abdul Nagar Urf Madhopur, Bhikhanpura, Jamala Bad, Jhapaha, Shahbazpur, Sherpur",Mushahari_28,विभा देवी,No,9523983111.0,,,,,,,,,,,,SC (Mahila),,,,,,,
Muzaffarpur,15. Muzaffarpur,94. Muzaffarpur,Mushahari,"Bhagwanpur, Madhubani, Maijhauli Khetal, Patahin, Rohua, Shekhpur",Mushahari_29,पंकज लाल,No,7903337273.0,,,,,,,,,,,,SC (Other),,,,,,,
Muzaffarpur,15. Muzaffarpur,94. Muzaffarpur,Mushahari,"Kanauli Bishundat, Manika Harikesh, Manika Vishnudut Chand, Mushahari Radha Nagar, Rajwara Bhagwan, Susta, Taraura",Mushahari_30,प्रियदर्शनी शाही,Mushahari_30,9973552586.0,,,,,,,,,,,,Unreserved (Other),,,,,,,
Muzaffarpur,15. Muzaffarpur,94. Muzaffarpur,Mushahari,"Baikatpur, Bara Jagarnath, Chhapra Megh, Dumri, Narauli, Prahladpur",Mushahari_31,संतलाल पासवान,No,9939777320.0,,,,,,,,,,,,SC (Other),,,,,,,
Muzaffarpur,16. Vaishali,90. Minapur,Minapur,"Chatursi, Ghosaut, Harser, Paigambarpur, Panapur, Piprahan Asli",Minapur_32,ओम प्रकाश कुमार,No,9835229087.0,,,,,,,,,,,,Backward Class (Others),,,,,,,
Muzaffarpur,16. Vaishali,90. Minapur,Minapur,"Bara Bharti, Chand Parna, Jamin Mathiya, Mahdeiya, Raghopur",Minapur_33,राजन देवी,Minapur_33,9470038173.0,,,,,,,,,,,,Backward Class (Mahila),,,,,,,
Muzaffarpur,16. Vaishali,90. Minapur,Minapur,"Belahi Lachhi, Harka Man Shahi, Nandna, Raghai, Rani Khaira Urf Banua, Turki East, Turki West",Minapur_34,विनोद कुमार,No,9431026926.0,,,,,,,,,,,,Unreserved (Other),,,,,,,
Muzaffarpur,16. Vaishali,90. Minapur,Minapur,"Ali Neora, Dharampur, Gorigama, Koili, Madaripur Karn, Majhouliya, Minapur, Muksudpur, Tengrari",Minapur_35,हिमान्शु कुमार,No,9471809319.0,,,,,,,,,,,,Unreserved (Other),,,,,,,
Muzaffarpur,16. Vaishali,90. Minapur,Bochahan,"Jhapha, Narkatiya, Narma, Rampur Jaipal, Sahila Rampur, Sharfuddinpur",Bochahan_36,संजू कुमारी,No,9801231900.0,,,,,,,,,,,,Unreserved (Mahila),,,,,,,
Muzaffarpur,16. Vaishali,90. Minapur,Bochahan,"Garhan, Karanpur North, Karanpur South, Lohsari, Majhauli, Patiyasha, Unsar",Bochahan_37,ऋचा कुमारी,No,8603330159.0,,,,,,,,,,,,SC (Other),,,,,,,
Muzaffarpur,16. Vaishali,90. Minapur,Bochahan,"Adigopalpur, Balthi Rasulpur, Bhutane, Deogan, Kafain Choudhri, Maidapur, Vishunpur Jagdish",Bochahan_38,असलम अंसारी,No,9934202893.0,,,,,,,,,,,,Backward Class (Others),,,,,,,
Muzaffarpur,15. Muzaffarpur,89. Aurai,Aurai,"Bharathua, Dharharwa, Ghanshyampur, Janadh Jiwajor Beni, Maheshwara, Mathurapur Bujurg, Nayagaon, Rajkhand North, Rajkhand South, Sarhachiya",Aurai_39,पुजा कुमारी,No,9709089752.0,,,,,,,,,,,,Unreserved (Mahila),,,,,,,
Muzaffarpur,15. Muzaffarpur,89. Aurai,Aurai,"Amnaur, Atrar, Babhangama, Bhadai, Bishunpur Umapath Basant, Dih Jiwar, Paramjivwar Tarajiwar, Sahila Balli",Aurai_40,निर्मला देवी,No,9931805830.0,,,,,,,,,,,,Unreserved (Mahila),,,,,,,
Muzaffarpur,15. Muzaffarpur,89. Aurai,Aurai,"Alampur Simri, Aurai, Bhalura, Bishunpur Gokhul, Khetalpur, Rampur Shambhuta, Ratwara Bindwara Deoriya Pashchim, Ratwara Bindwara Deoriya Purvi",Aurai_41,गिरिजा चौधरी,No,9199125170.0,,,,,,,,,,,,Unreserved (Mahila),,,,,,,
Muzaffarpur,15. Muzaffarpur,88. Gaighat,Katra,"Berai North, Berai South, Dhanaur, Hathauri, Katra, Madhepura, Shivdas Pur",Katra_42,राजीव कुमार,No,9470716085.0,,,,,,,,,,,,Unreserved (Other),,,,,,,
Muzaffarpur,15. Muzaffarpur,88. Gaighat,Katra,"Jajuar East, Jajuar Middle, Jajuara West, Katai, Lakhan Pur, Nagwara, Pahsaul",Katra_43,नवीन कुमार साह,No,8969656561.0,,,,,,,,,,,,Backward Class (Others),,,,,,,
Muzaffarpur,15. Muzaffarpur,88. Gaighat,Katra,"Bandhpura, Bansghatta, Barari, Bel Pakauna, Changel, Khangura Dih, Sonpur, Tehwara",Katra_44,इशरत परवीन,No,8292703267.0,,,,,,,,,,,,Unreserved (Other),,,,,,,
Muzaffarpur,15. Muzaffarpur,88. Gaighat,Gaighat,"Baghakhal, Bakhari, Berua, Boaridih, Dahila-Patsharma, Loma, Maithi, Ramnagar",Gaighat_45,किरण कुमारी,No,7004428696.0,,,,,,,,,,,,Backward Class (Mahila),,,,,,,
Muzaffarpur,15. Muzaffarpur,88. Gaighat,Gaighat,"Jamalpur Kodai, Jarang East, Jarang West, Kamartho, Kanta Pir Roucha (South), Kanta Pirauchha (North), Laxman Nagar, Mahamadpur Sura",Gaighat_46,संगीता देवी,No,9955411691.0,,,,,,,,,,,,Backward Class (Mahila),,,,,,,
Muzaffarpur,15. Muzaffarpur,88. Gaighat,Gaighat,"Balaur Nidhi, Baruari, Kewatsa, Ladaur, Shiv Daha, Susta",Gaighat_47,विजनेश यादव,No,9931397629.0,,,,,,,,,,,,Unreserved (Mahila),,,,,,,
Muzaffarpur,15. Muzaffarpur,88. Gaighat,Bandra,"Badgaon, Nunfara, Rampur Dayal, Simra Chak Srinath, Sundarpur Ratwara, Tepri Urf Hasan Nagar",Bandra_48,रामानन्द ओझा,No,9931209428.0,,,,,,,,,,,,Unreserved (Other),,,,,,,
Muzaffarpur,15. Muzaffarpur,88. Gaighat,Bandra,"Bandra, Hatha, Munni Baingari, Mutlupur, Patsara, Pirapur",Bandra_49,फणीश कुमार,Bandra_49,9546310127.0,,,,,,,,,,,,Unreserved (Other),,,,,,,
Muzaffarpur,15. Muzaffarpur,92. Sakra,Muraul,"Bidya Jhap, Bishunpur Bakhri, Bishunpur Sriram, Harsinghpur Loutan, Itha Rasulpur, Mira Pur, Mohammadpur Badal, Pilkhi Gay Patti, Sadikpur Mural",Muraul_50,नीलम देवी,No,6200210625.0,,,,,,,,,,,,SC (Mahila),,,,,,,
Muzaffarpur,15. Muzaffarpur,92. Sakra,Sakra,"Bariyarpur, Beruadih, Gaurihan Khalik Nagar, Marwan Urf Ajijragar, Paigamberpur, Rampur Krishna, Rampur Mani",Sakra_51,सुरेश प्रसाद यादव,No,9905371121.0,,,,,,,,,,,,Unreserved (Other),,,,,,,
Muzaffarpur,15. Muzaffarpur,92. Sakra,Sakra,"Baji Bujurg, Bharthipur, Bishanpur Baghnagari, Jagdishpur Baghnagri, Kateshar, Majhaulia, Rajapakar, Rupanpatti Mathura",Sakra_52,संगीत पासवान,No,7739694705.0,,,,,,,,,,,,SC (Other),,,,,,,
Muzaffarpur,15. Muzaffarpur,92. Sakra,Sakra,"Faridpur Sakra, Gannipur Bejha, Machhahi, Raghunathpur Donma, Sakra Wajid, Sarmastpur, Sirajabad",Sakra_53,अनिल कुमार,Sakra_53,8860467001.0,,,,,,,,,,,,Unreserved (Other),,,,,,,
Muzaffarpur,15. Muzaffarpur,92. Sakra,Sakra,"Chandanpatti, Dihuli Ishaque, Dubahan Bujurg, Harlochanpur, Mishraulia, Keshopur",Sakra_54,अभिषेक कुमार,No,7903379815.0,,,,,,,,,,,,Unreserved (Other),,,,,,,
Sitamarhi,4. Sheohar,23. Riga,Bairgania,"Akhta Pashchimi (Chakwa), Belganj, Jamua, Musachak, Nandwara, Pachtaki Yadu, Parsauni, Patahi",Bairgania_1,बिंदु देवी,Bairgania_1,9631232923.0,,,Call Connected,Dicey ,Neutral,Dicey,Dicey,Dicey,,,,Unreserved (Mahila),,,,,,,
Sitamarhi,4. Sheohar,23. Riga,Suppi,"Akhta Poorav, Akhta Uttar, Babhangama, Barhaharwa, Maniyari, Sasaula",Suppi_2,आदित्य मोहन सिंह,Suppi_2,9771543678.0,,,Call Connected,Already in JS,JSP,Ready to Meet,YES,YES,,,,Unreserved (Other),,,,,,,
Sitamarhi,4. Sheohar,23. Riga,Suppi,"Gharwara, Harpur Pipra, Kothia Rai, Mohani Mandal, Naraha",Suppi_3,रामश्रेष्ठ महतो,No,9934292829.0,,,,,,,,,,,,Unreserved (Other),,,,,,,
Sitamarhi,5. Sitamarhi,24. Bathnaha,Majorganj,"Bahera, Basabitta, Dumari Kala, Khairwa, Kuari Madan, Majorganj, Pachaharwa, Ratanpur",Majorganj_4,बबीता देवी,Majorganj_4,7372870402.0,,,Call Connected,Already in JS,JSP,Ready to Meet,YES,YES,,,,SC (Mahila),,,,,,,
Sitamarhi,4. Sheohar,23. Riga,Riga,"Bulakipur, Ganeshpur Babhangama, Kusumari, Posua Patania, Riga First, Riga Second, Sahbajpur, Sirahi",Riga_5,शुसीला देवी,Riga_5,8406928131.0,,,Call Connected,Already in JS,JSP,Ready to Meet,YES,YES,,,,SC (Mahila),,,,,,,
Sitamarhi,4. Sheohar,23. Riga,Riga,"Anahari, Bhagwanpur, Bhawdepur, Mehasia, Pakri Mathwa, Rewasi, Sirauli First, Sirauli Second",Riga_6,अर्चना राज,Riga_6,8809807904.0,,,Call Connected,Dicey ,Neutral,Ready to Meet,YES,Dicey,,,,Unreserved (Mahila),,,,,,,
Sitamarhi,4. Sheohar,30. Belsand,Parsauni,"Dema, Gisara, Kathaur, Madanpur, Parsauni Khirodhar, Parsauni Mailwar, Parsurampur",Parsauni_7,रमिता कुमारी,Parsauni_7,7970487172.0,,,Call Connected,Dicey ,Neutral,Ready to Meet,YES,Dicey,,,,Unreserved (Mahila),,,,,,,
Sitamarhi,4. Sheohar,30. Belsand,Belsand,"Bhandari, Chandauli, Dumra, Jaffarpur, Kansar, Lohasi, Pachnaur, Patahi, Sauli Rupauli",Belsand_8,जानकी कुमारी,No,9708892808.0,,,Call Connected,Dicey ,BJP,Not Interested,NO,NO,,,,Backward Class (Mahila),,,,,,,
Sitamarhi,5. Sitamarhi,29. Runnisaidpur,Runnisaidpur,"Balua, Barheta, Bengahi Ramnagar, Bilandpur, Giddha Fulwariya, Mahesha Farakpur, Mahindwara, Sirkhiriya",Runnisaidpur_9,नवीन कुमार,Runnisaidpur_9,9572714721.0,,,Call Connected,Not interested to Join JSP ,INC,Ready to Meet,Dicey,Dicey,2026-09-09 00:00:00,,,SC (Other),,,,,,,
Sitamarhi,5. Sitamarhi,29. Runnisaidpur,Runnisaidpur,"Athari, Gangwara Buzurg, Gurudah Urf Gausnagar, Kharka, Madhaul Shani, Morsand, Olipur Sarhachiya, Tilak Tajpur",Runnisaidpur_10,संझा देवी,No,7004905187.0,,,Call Connected,Not interested to Join JSP ,BJP,Not Interested,NO,NO,,,,Unreserved (Mahila),,,,,,,
Sitamarhi,5. Sitamarhi,29. Runnisaidpur,Runnisaidpur,"Baghari, Deona Buzurg, Rain Bishuni, Runni Saidpur Dakshini, Runni Saidpur Madhya, Runni Saidpur Uttar, Thumma, Tikauli",Runnisaidpur_11,रूब्बी कुमारी,No,9430016037.0,,,Call Connected,Not interested to Join JSP ,BJP,Not Interested,NO,NO,,,,Unreserved (Mahila),,,,,,,
Sitamarhi,5. Sitamarhi,29. Runnisaidpur,Runnisaidpur,"Bahilwara Urf Garha, Belahi Nilkanth, Dhanukhi, Kauriya Lalpur, Mahisar, Manik Chauk Dakshini, Manik Chauk Pashchimi, Manik Chauk Uttari, Prem Nagar",Runnisaidpur_12,मुनिता देवी,Runnisaidpur_12,9199779757.0,,,Call Connected,Not interested to Join JSP ,,Not Interested,NO,NO,,,,Backward Class (Mahila),,,,,,,
Sitamarhi,5. Sitamarhi,28. Sitamarhi,Dumra,"Azamgarh, Chak Rajopatti, Kumhara Bishanpur, Madhuban, Paroha, Punaura Purvi",Dumra_13,खुशदिल देवी,Dumra_13,9771939275.0,,,Call Connected,Dicey ,Neutral,Ready to Meet,YES,Dicey,,,,Unreserved (Mahila),,,,,,,
Sitamarhi,5. Sitamarhi,28. Sitamarhi,Dumra,"Bariyarpur, Bhasar Machhaha Dakshini, Bhasar Machhaha Uttari, Bhoop Bhairo, Madhopur Raushan, Mehsaul Purvi, Mishraulia",Dumra_14,भरत महतो,Dumra_14,9905843520.0,,,Call Connected,Dicey ,Neutral,Ready to Meet,YES,Dicey,,,,Backward Class (Others),,,,,,,
Sitamarhi,5. Sitamarhi,28. Sitamarhi,Dumra,"Berwas, Bishanpur, Hari Chhapra, Lagma, Methaura, Mirzapur, Muradpur",Dumra_15,नागेन्द्र राय,Dumra_15,8292970525.0,,,Call Connected,Dicey ,Neutral,Ready to Meet,YES,YES,,,,Unreserved (Other),,,,,,,
Sitamarhi,5. Sitamarhi,28. Sitamarhi,Dumra,"Mehsaul Gote, Mehsaul Pashchim, Punaura Pashchim, Rampur Parori, Ranjeetpur Pashchim, Ranjeetpur Purvi, Rasalpur, Khairwa",Dumra_16,अदिती कुमारी,Dumra_16,8298952799.0,,,Call Connected,Dicey ,Neutral,Ready to Meet,Dicey,Dicey,,,,Backward Class (Mahila),,,,,,,
Sitamarhi,5. Sitamarhi,24. Bathnaha,Bathanaha,"Bairaha Barahi Jiwa, Bathanaha Pashchimi, Bathnaha Purvi, Harpur Bhalaha, Kamaldah, Pandaul Urf Panth Pakar, Rapauli Rupahara",Bathanaha_17,सुशील मंडल,Bathanaha_17,7761072704.0,,,Call Connected,Dicey ,Neutral,Ready to Meet,Dicey,Dicey,,,,SC (Other),,,,,,,
Sitamarhi,5. Sitamarhi,24. Bathnaha,Bathanaha,"Bakhari, Dayanchhapra, Digghi, Harnahiya, Mahuawa, Majhauliya, Matiyar Kala, Maudah, Naraha, Ranauli, Sahiyara, Shahpur Shitalpatti, Singrahiya, Turkauliya",Bathanaha_19,मोहम्मद नूर आलम,No,9304160410.0,,,Call Connected,Dicey ,Neutral,Ready to Meet,YES,Dicey,,,,Backward Class (Others),,,,,,,
Sitamarhi,5. Sitamarhi,24. Bathnaha,Sonbarsa,"Bishunpur Adhar, Bishunpur Gonahi, Ghurghura Hanumannagar, Madhesara, Madhiya, Singhwahini",Sonbarsa_20,सुनिल कुमार,No,9934655411.0,,,Call Connected,Not interested to Join JSP ,Neutral,Not Interested,NO,NO,,,,Unreserved (Other),,,,,,,
Sitamarhi,5. Sitamarhi,24. Bathnaha,Sonbarsa,"Jainagar, Marpa, Pipra Parsain, Purandaha Rajawara Pashchim, Purandaha Rajawara Purvi",Sonbarsa_21,बचिया खातुन,Sonbarsa_21,7762961330.0,,,Call Connected,Already in JS,JSP,Ready to Meet,YES,YES,,,,Unreserved (Mahila),,,,,,,
Sitamarhi,5. Sitamarhi,24. Bathnaha,Sonbarsa,"Bagaha, Bhaluaha, Bhutahi, Dostiya, Indarwa, Kachaur, Kanhauli, Khap Khopraha, Sonbarsa",Sonbarsa_22,उमा देवी,Sonbarsa_22,9708687201.0,,,Call Connected,Dicey ,Neutral,Ready to Meet,YES,NO,,,,Unreserved (Mahila),,,,,,,
Sitamarhi,5. Sitamarhi,25. Parihar,Parihar,"Bathuara, Baya, Bherrahiya, Dhanaha, Khairwa Malah, Naranga Dakshini, Naranga Uttari",Parihar_23,दयानन्द बैठा,No,8102743881.0,,,,,,,,,,Not recived,,SC (Other),,,,,,,
Sitamarhi,5. Sitamarhi,25. Parihar,Parihar,"Bela Machhpakauni, Betaha, Bishanpur, Jagdar, Kanhawa, Lahuria, Parsa",Parihar_24,सगीर साह,No,8709101523.0,,,Not Received ,,,,,,,switch off,,Backward Class (Others),,,,,,,
Sitamarhi,5. Sitamarhi,25. Parihar,Parihar,"Dharharwa, Mahadeopatti, Parihar Dakshini, Parihar Uttari, Sirsiya, Sutihara",Parihar_25,मोहम्मद आलमगीर,No,8809712665.0,,,Not Received ,,,,,,,busy,,Backward Class (Others),,,,,,,
Sitamarhi,5. Sitamarhi,25. Parihar,Parihar,"Baburban, Barahi, Manikpur Mushaharniya, Manpaur, Pipra Bishan Pur, Prasandi, Koiriya Pipra",Parihar_26,सुबोध कुमार साह,No,9504919044.0,,,Call Connected,Already in JS,JSP,Ready to Meet,YES,YES,,switch off,,Unreserved (Other),,,,,,,
Sitamarhi,5. Sitamarhi,26. Sursand,Sursand,"Amana, Baghadi, Banauli, Birrakh, Kadarwana, Kumma, Malahi, Maruki, Pathanpura, Radhaur",Sursand_27,खैरुन निशा,No,9931403543.0,,,Call Connected,Not interested to Join JSP ,jdu,Not Interested,NO,,,,,Unreserved (Mahila),,,,,,,
Sitamarhi,5. Sitamarhi,26. Sursand,Sursand,"Dadhawari, Diwari Matauna, Koriyahi, Shrikhandi Bhitta Pashchimi, Sri Khandi Bhitta Purvi",Sursand_28,रानी कुमारी,Sursand_28,9631605951.0,,,Call Connected,Dicey ,Neutral,Ready to Meet,YES,Dicey,,busy,,Unreserved (Mahila),,,,,,,
Sitamarhi,5. Sitamarhi,27. Bajpatti,Bajpatti,"Bajitpur, Barri Fulwariya, Harpurwa, Madhuban Basaha Pashchimi, Madhuban Basaha Purvi, Patdaura",Bajpatti_29,प्रवीण कुमार,Bajpatti_29,9934082553.0,,,Call Connected,Already in JS,JSP,Ready to Meet,YES,YES,,,,Unreserved (Other),,,,,,,
Sitamarhi,5. Sitamarhi,27. Bajpatti,Bajpatti,"Bachopatti Narha, Bajpatti, Bangaon Uttari, Madhurapur, Pachra Nimahi, Piprarhi, Rasalpur",Bajpatti_30,देवेन्द्र कुमार यादव,No,9430012877.0,,,Call Connected,Not interested to Join JSP ,RJD,Not Interested,NO,,,,,Unreserved (Other),,,,,,,
Sitamarhi,5. Sitamarhi,27. Bajpatti,Bajpatti,"Bangaon Dakshini, Belahiya, Humayunpur, Madaripur, Madhopur, Ratwara",Bajpatti_31,मधु प्रिया,No,9525258301.0,,,Call Connected,Not interested to Join JSP ,,Not Interested,NO,,,,,Unreserved (Mahila),,,,,,,
Sitamarhi,5. Sitamarhi,26. Sursand,Choraut,"Barri Behta, Bhantawari, Choraut Pashchim, Choraut Purvi, Choraut Uttar, Parigama, Yadupatti",Choraut_32,नवल किशोर राउत,No,9471294365.0,,,Call Connected,Already in JS,JSP,Ready to Meet,YES,,,,,Unreserved (Other),,,,,,,
Sitamarhi,5. Sitamarhi,26. Sursand,Pupri,"Awapur Dakshini, Awapur Uttari, Bajitpur Baura, Bhitha Dharampur, Hardiya, Harihar Pur, Jhajhihat",Pupri_33,संदीप ठाकुर,No,9470717651.0,,,,,,,,,,not recived,,Unreserved (Other),,,,,,,
Sitamarhi,5. Sitamarhi,26. Sursand,Pupri,"Bachharpur, Balha Maksudan, Gangti, Garha, Ram Nagar Bedaul",Pupri_34,गुलशन प्रवीन,No,9905344013.0,,,,,,,,,,incoming off,,Unreserved (Other),,,,,,,
Sitamarhi,5. Sitamarhi,27. Bajpatti,Nanpur,"Bahera Zahidpur, Bhadiyan, Dorpur, Janipur, Koili, Majhaur, Nanpur Dakshini, Nanpur Uttari, Sirsi",Nanpur_35,विजय कुमार,Nanpur_35,8809286001.0,,,Call Connected,Dicey ,JSP,Ready to Meet,YES,Dicey,,,,Unreserved (Other),,,,,,,
Sitamarhi,5. Sitamarhi,27. Bajpatti,Nanpur,"Bath Asli, Birar, Dadri, Gaura, Gauri, Kauriya Raipur, Mohini, Pandaul Buzurg",Nanpur_36,सुनीता देवी,No,9430474060.0,,,Not Received ,,,,,,,incoming off,,Unreserved (Mahila),,,,,,,
Sitamarhi,5. Sitamarhi,27. Bajpatti,Bokhra,"Bajitpur Bhaur, Bokhra, Kharka Basant Dakshini, Kharka Basant Uttari, Kurhar",Bokhra_37,सिराजुल हक,Bokhra_37,8210205692.0,,,Call Connected,Already in JS,JSP,Ready to Meet,YES,YES,,not recived,,Unreserved (Other),,,,,,,
Sitamarhi,5. Sitamarhi,27. Bajpatti,Bokhra,"Banaul, Budhnagara, Chakauti, Madhusudanpur Dumri Urf Mahisautha, Pokhraira, Singhachauri",Bokhra_38,नन्द कुमार यादव,Bokhra_38,9431400257.0,,,,,,,,,,,,Unreserved (Other),,,,,,,
Sheohar,4. Sheohar,22. Sheohar,Purnahiya,"Abhirajpur Bairiya, Adouri, Bakhar Chandiha, Barahi Jagdish, Basant Jagjiwan, Basantpatti, Dostiya, Kolhua Thikha",Purnahiya_1,पृथ्वीनाथ बैठा,Purnahiya_1,9523208839.0,,,,,,,,,,,,SC (Other),,,,,,,
Sheohar,4. Sheohar,22. Sheohar,Piprahi,"Amba Kala (N), Amba Kala (S), Basahia Shekh, Belawa, Dhankaul, Kamrauli, Kuama, Mesaudha, Minapur Balha, Mohanpur, Parsauni Baij",Piprahi_2,निभा पांडेय,No,9801175819.0,,,Call Connected,Already in JS,JSP,Ready to Meet,YES,YES,,,,Unreserved (Mahila),,,,,,,
Sheohar,4. Sheohar,22. Sheohar,Sheohar,"Chamanpur, Khairwadarp, Kushahar, Sarsaula Khurd, Sugia, Taj Pur",Sheohar_3,मो० तमामुद्दीन,Sheohar_3,8969618870.0,,,,,,,,,,,,Unreserved (Other),,,,,,,
Sheohar,4. Sheohar,22. Sheohar,Sheohar,"Harnahi, Malipokhar Bhinda, Mathurapur Kahtarwa, Mirzapur Dhobahi",Sheohar_4,पार्वती देवी,No,9473270066.0,,,Call Connected,Not interested to Join JSP ,BJP,Not Interested,,,,,,Unreserved (Mahila),,,,,,,
Sheohar,4. Sheohar,22. Sheohar,Dumari Katsari,"Jahangirpur, Mahmadpur Katsari",Dumari Katsari_5,विजय कुमार सिंह 1,No,9939483231.0,,,,,,,,,,,,Unreserved (Other),,,,,,,
Sheohar,4. Sheohar,22. Sheohar,Tariyani,,Tariyani_6,मनीष कुमार,No,9430973875.0,,,Not in Use,,,,,,,,,,,,,,,,
Sheohar,4. Sheohar,22. Sheohar,Tariyani,,Tariyani_7,राम कृष्ण कुमार,Tariyani_7,8002297861.0,,,Call Connected,Already in JS,JSP,Ready to Meet,,,,,,,,,,,,,
Madhubani,6. Madhubani,31. Harlakhi,Harlakhi,"Harlakhi, Borhar, Bisaul, Naharnia, Soth Gaon, Phulhar, Pipraun",Harlakhi_1,सीमा यादव,No,8271920925.0,UR( Mahila),,Not Received ,,,,,,,,,,,,,,,,
Madhubani,6. Madhubani,31. Harlakhi,Harlakhi,"Beta Parsa, Gangaur, Hisar, Jhitki, Kalna, Karuna, Kauha Barhi, Khirhar",Harlakhi_2,रीना देवी,No,9123433835.0,UR( Mahila),,Call Connected,Dicey ,,,,,,,,,,,,,,,
Madhubani,6. Madhubani,31. Harlakhi,Madhwapur,"Madhwapur, Basuki Bihari North, Basuki Bihari South, Balba, Sahar North, Sahar South",Madhwapur_3,लक्ष्मी कुमारी,No,8521350202.0,,,Not Received ,,,,,,,,,,,,,,,,
Madhubani,6. Madhubani,31. Harlakhi,Madhwapur,"Bisanpur, Mukhiapatti, Pihwara, Pirokhar, Salempur, Taraia, Uttra",Madhwapur_4,मनीष कुमार झा,No,8851806505.0,,,Busy,,,,,,,,,,,,,,,,
Madhubani,6. Madhubani,31. Harlakhi,Benipatti,"Barri, Bishunpur, Shahpur, Nagwas, Basaith, Pali",Benipatti_5,नसीमा परवीन,No,9973438871.0,UR( Mahila),Mahila,Call Connected,Already in JS,JSP,Ready to Meet,YES,YES,2026-09-08 00:00:00,,,,,,,,,,
Madhubani,6. Madhubani,31. Harlakhi,Benipatti,"Dhakjari, Parsauna, Kataia, Mohamadpur, Ganguli",Benipatti_6,प्रियंका चौधरी,Benipatti_6,9117110123.0,UR( Mahila),General,Call Connected,Already in JS,JSP,Ready to Meet,YES,YES,2026-09-08 00:00:00,,,,,,,,,,
Madhubani,6. Madhubani,31. Harlakhi,Benipatti,"Bishanpur, Dhakjari, Dhanga, Ganguli, Kapasia, Karhara, Kataia, Manpaur",Benipatti_7,शोभा भारती,No,8809351091.0,,,,,,,,,,,,,,,,,,,
Madhubani,6. Madhubani,31. Harlakhi,Benipatti,"Parkauli, Barhampura, Akaur, Manpaur, Nav Karhi, Arer North, Nagbas",Benipatti_8,ज्योति देवी,No,7677928800.0,,,,,,,,,,,,,,,,,,,
Madhubani,6. Madhubani,31. Harlakhi,Benipatti,"Nagdah Balain, Kapasia, Mureth, Paraul, Parjuar, Dhanga, Arer South",Benipatti_9,अलका झा,No,9471680003.0,,,,,,,,,,,,,,,,,,,
Madhubani,6. Madhubani,35. Bisfi,Bisfi,"Jagban East, Jagban West, Bisfi, Balha, Raghuli, Sadlapur, Chahuta",Bisfi_10,मेहजवी खातुन,Bisfi_10,8083824674.0,UR( Mahila),General,Call Connected,Already in JS,JSP,Ready to Meet,YES,YES,2026-09-10 00:00:00,,,,,,,,,,
Madhubani,6. Madhubani,35. Bisfi,Bisfi,"Balha, Bhairba, Bhoj Pandaul, Bisfi, Chahuta, Jafra, Jagban East, Jagban West",Bisfi_11,आब्दा खातून,No,7281075118.0,UR( Mahila),,Not Received ,,,,,,,,,,,,,,,,
Madhubani,6. Madhubani,35. Bisfi,Bisfi,"Bhairba, Rathaus, Nahas Rupauli North, Nahas Rupauli South, Parsauni North, Parsauni South",Bisfi_12,मोहम्मद ताजुद्दिन,No,8877583870.0,BC,,Not Received ,,,,,,,,,,,,,,,,
Madhubani,6. Madhubani,35. Bisfi,Bisfi,"Singaso, Singia East, Singia West, Sohas, Tisi Narsam North, Tisi Narsam South",Bisfi_13,अनीता कुमारी,No,9472206573.0,,,Not Received ,,,,,,,,,,,,,,,,
Madhubani,7. Jhanjharpur,33. Khajauli,Basopatti,"Hathhapur Parsa, Kataia, Khona, Mahinath Pur, Marhiya, Phent, Selibeli, Siriyapur",Basopatti_14,अरून कुमार राम,No,9931284745.0,,,,,,,,,,,,,,,,,,,
Madhubani,7. Jhanjharpur,33. Khajauli,Basopatti,"Arghawa, Baso Patti East, Baso Patti West, Birpur, Chhatauni, Damu",Basopatti_15,बिनोद प्रसाद साह,No,9430573851.0,,,,,,,,,,,,,,,,,,,
Madhubani,7. Jhanjharpur,33. Khajauli,Jainagar,"Baira, Dullipatti, Jainagar Basti, Kharika, Parwa Belhi, Rajauli, Selra",Jainagar_16,अंजली कुमारी,No,7091961698.0,,,,,,,,,,,,,,,,,,,
Madhubani,7. Jhanjharpur,33. Khajauli,Jainagar,"Belhi East, Belhi South, Belhi West, Bera, Deodha Middle, Deodha North, Deodha South, Dorbar",Jainagar_17,अनिता देवी,No,9122114416.0,,,,,,,,,,,,,,,,,,,
Madhubani,6. Madhubani,32. Benipatti,Kaluahi,"Haripur North, Haripur South, Kalikapur, Karmauli, Loha, Madhepur, Malmal North, Malmal South, Narar West, Palimohan, Pursolia",Kaluahi_20,रेणु कुमारी,No,8210445906.0,,,Busy,,,,,,,,,,,,,,,,
Madhubani,7. Jhanjharpur,33. Khajauli,Khajauli,"Benta Kakarghati, Datuar, Kanhauli, Mahua Ekdara, Narar East, Rashidpur, Sarabe",Khajauli_21,जीतेन्द्र कुमार भारती,No,8969958696.0,,,,,,,,,,,,,,,,,,,
Madhubani,7. Jhanjharpur,33. Khajauli,Khajauli,"Inrwa, Sukki, Khajauli, Bhakua, Chatra Goth North, Chatra Goth South, Chandra Dih",Khajauli_22,दीपक कुमार सिंह,No,7033089955.0,,,,,,,,,,,,,,,,,,,
Madhubani,6. Madhubani,35. Bisfi,Rahika,"Satlakha, Rahika, Saurath, Nazirpur, Jagatpur, Hussain Pur",Rahika_23,उमर अंसारी,No,9162572797.0,,,Call Connected,Dicey ,,,,,,"Madhubani Zp Chairman Ke Election me inka bahut bda role rha tha 
",,,,,,,,,
Madhubani,6. Madhubani,35. Bisfi,Rahika,"Izra, Malangia, Basauli, Kakraul North, Kakraul South",Rahika_24,सबिता देवी,No,9934213588.0,,,,,,,,,,,,,,,,,,,
Madhubani,6. Madhubani,35. Bisfi,Rahika,"Balia, Khajuri, Laxmipur, Maksuda, Shambhuar, Sonaur, Sund",Rahika_25,आरती कुमारी,No,7281962675.0,,,,,,,,,,,,,,,,,,,
Madhubani,6. Madhubani,36. Madhubani,Pandaul,"Shripurhati Middle, Sarishab Pahi East, Sarishab Pahi West",Pandaul_26,राही कुमारी,No,7250284718.0,,,,,,,,,,,,,,,,,,,
Madhubani,6. Madhubani,36. Madhubani,Pandaul,"Salempur, Biraul, Belahi, Bhagwati Pur, Bhavani Pur, Bathne, Bhaur",Pandaul_27,अकिलुद्दीन,No,9570451182.0,,,,,,,,,,,,,,,,,,,
Madhubani,6. Madhubani,36. Madhubani,Pandaul,"Sakri East, Sakri West, Bhawanipur, Salempur, Makrampur, Narpati Nagar",Pandaul_28,सईदा बनो,No,7004162065.0,,,,,,,,,,,,,,,,,,,
Madhubani,6. Madhubani,36. Madhubani,Pandaul,"Pandaul East, Pandaul Middle, Sarisaw Pahi East, Sarisaw Pahi West, Meghaul, Sankorth",Pandaul_29,पिंटू मिश्रा,No,6203917268.0,,,,,,,,,,,,,,,,,,,
Jhanjharpur,7. Jhanjharpur,37. Rajnagar,Rajnagar,"Raghuni Dehat, Sibipatti, Pariharpur, Bharia Bisanpur, Patwara North, Patwara South, Raghopur Balath, Chichri Kanungo, Chichri",Rajnagar_30,संजय कुमार राम,No,9955908894.0,,,,,,,,,,,,,,,,,,,
Jhanjharpur,7. Jhanjharpur,37. Rajnagar,Rajnagar,"Bharia Bisanpur, Bhatsimar East, Bhatsimar West, Chichri Kanungo, Kaithahi, Karahia East, Karahia West",Rajnagar_31,मो० फैयाज,No,9430907079.0,,,,,,,,,,,,,,,,,,,
Jhanjharpur,7. Jhanjharpur,37. Rajnagar,Rajnagar,"Sugauna North, Sugauna South, Bhatsimar East, Bhatsimar West, Koilakh, Simri, Kaithahi",Rajnagar_32,अमेरिका देवी,No,9570738155.0,,,,,,,,,,,,,,,,,,,
Jhanjharpur,7. Jhanjharpur,34. Babubarhi,Babu Barhi,"Chhaurahi, Dhamaura, Ghanghaur, Kulharia, Mahesh Wara, Misraulia, Murhadi",Babu Barhi_33,जय किशोर यादव,No,9801402177.0,,,,,,,,,,,,,,,,,,,
Jhanjharpur,7. Jhanjharpur,34. Babubarhi,Babu Barhi,"Mahesh Wara, Satghara, Tirhuta, Chhaurahi, Bhatchaura, Bhupati, Ghanghaur",Babu Barhi_34,रंधिर खन्ना,No,7903534844.0,,,,,,,,,,,,,,,,,,,
Jhanjharpur,7. Jhanjharpur,34. Babubarhi,Babu Barhi,"Pachrukhi, Misraulia, Bardahi Barhara, Dhamaura, Pachrukhi",Babu Barhi_35,बिपिन कुमार यादव,No,7004359895.0,,,,,,,,,,,,,,,,,,,
Jhanjharpur,7. Jhanjharpur,39. Phulparas,Phulparas,"Bathnaha, Dhanauja, Dharmdiha, Gehuma Bairia, Godhiari, Mahind Bar, Suga Patti",Phulparas_36,मिथिलेश भारती,No,9771399090.0,,,,,,,,,,,,,,,,,,,
Jhanjharpur,7. Jhanjharpur,39. Phulparas,Phulparas,"Siswar, Kalapatti, Mahathaur Khurd, Ram Nagar, Saini",Phulparas_37,योगेन्द्र प्रसाद यादव,Phulparas_37,7091148490.0,,,,,,,,,,,,,,,,,,,
Jhanjharpur,7. Jhanjharpur,40. Laukaha,Laukaha (Khutauna),"Khutauna, Karmegh West, Karmegh Middle, Lalmaniya, Karmegh North",Laukaha (Khutauna)_38,चन्द्र भूषण कुमार साह,No,9155550414.0,,,,,,,,,,,,,,,,,,,
Jhanjharpur,7. Jhanjharpur,40. Laukaha,Laukaha (Khutauna),"Durgipatti, Siktiyahi, Bagha Kusumar, Ekhatha, Nahari, Madhopur",Laukaha (Khutauna)_39,नीलम यादव,No,7011745040.0,,,,,,,,,,,,,,,,,,,
Jhanjharpur,7. Jhanjharpur,40. Laukaha,Laukaha (Khutauna),"Basudevpur, Majhaura, Chaturbhuj Piprahi, Parsahi East, Parsahi West, Jhanjhpatti Asha",Laukaha (Khutauna)_40,महेंद्र नारायण यादव,No,6287806960.0,,,,,,,,,,,,,,,,,,,
Jhanjharpur,7. Jhanjharpur,40. Laukaha,Laukahi,"Atari, Laukahi, Chandipur, Kukurdaura, Ladania",Laukahi_41,विनोद कुमार साह,Laukahi_41,9931654744.0,,,,,,,,,,,,,,,,,,,
Jhanjharpur,7. Jhanjharpur,40. Laukaha,Laukahi,"Kariot, Narendrapur, Dharhara, Mahadeo Math, Dhanchhiha, Belahi Bhawanipur",Laukahi_42,सुमन कुमार सिंह,No,9102816400.0,,,,,,,,,,,,,,,,,,,
Jhanjharpur,7. Jhanjharpur,40. Laukaha,Laukahi,"Mansapur, Bangama North, Bangama South, Narhiya North, Narhiya South, Baruwar",Laukahi_43,राम लषण यादव,Laukahi_43,7004305770.0,,,,,,,,,,,,,,,,,,,
Jhanjharpur,7. Jhanjharpur,39. Phulparas,Ghoghardiha,"Bishanpur, Brahmpur North, Brahmpur South, Brahmpur Bathnaha, Inarwa, Parsa North, Parsa South, Sangi",Ghoghardiha_44,बबीता देवी,No,9430469285.0,,,,,,,,,,,,,,,,,,,
Jhanjharpur,7. Jhanjharpur,39. Phulparas,Ghoghardiha,"Keotana, Chikna, Piroj Gadh, Naua Bakhar, Sarauti, Amahi, Basuari, Chhajna",Ghoghardiha_45,वीणा देवी,No,7004673650.0,,,,,,,,,,,,,,,,,,,
Jhanjharpur,7. Jhanjharpur,37. Rajnagar,Andhratharhi,"Mailam, Gangdwar, Deohar, Shiva, Ganauli, Marukiya",Andhratharhi_46,रामानंद राय,No,9608173436.0,,,,,,,,,,,,,,,,,,,
Jhanjharpur,7. Jhanjharpur,37. Rajnagar,Andhratharhi,"Andhratharhi North, Andhratharhi South, Madana, Jalsain, Andhara Gaur, Rakhbari",Andhratharhi_47,ममता देवी,No,9934928158.0,,,,,,,,,,,,,,,,,,,
Jhanjharpur,7. Jhanjharpur,37. Rajnagar,Andhratharhi,"Dumara, Harari, Harna, Karn Pur, Maharail, Nanaur",Andhratharhi_48,संजय कुमार,No,9931454470.0,,,,,,,,,,,,,,,,,,,
Jhanjharpur,7. Jhanjharpur,38. Jhanjharpur,Jhanjharpur,"Naruar, Raiyam East, Raiyam West, Kothiya, Kako, Sant Nagar",Jhanjharpur_49,बिंदु गुलाब यादव,No,6203595649.0,,,,,,,,,,,,,,,,,,,
Jhanjharpur,7. Jhanjharpur,38. Jhanjharpur,Jhanjharpur,"Lohana North, Lohana South, Mahinath Pur, Balni Mehat, Simrah, Sukhet",Jhanjharpur_50,प्रेमनारायण झा,No,7739263279.0,,,,,,,,,,,,,,,,,,,
Jhanjharpur,7. Jhanjharpur,38. Jhanjharpur,Jhanjharpur,"Mahinath Pur, Nabani, Naruar, Parsa, Pipraulia, Raiyam East, Raiyam West",Jhanjharpur_51,मो. रेजाउद्दीन,No,9801621774.0,,,,,,,,,,,,,,,,,,,
Jhanjharpur,7. Jhanjharpur,38. Jhanjharpur,Lakhnaur,"Balia, Behat North, Behat South, Belauncha, Gangapur, Kaithinia, Lakhnaur East, Lakhnaur West, Laufa, Madanpur",Lakhnaur_52,किशोरी मुखिया,Lakhnaur_52,9939043385.0,,,,,,,,,,,,,,,,,,,
Jhanjharpur,7. Jhanjharpur,38. Jhanjharpur,Lakhnaur,"Deep East, Deep West, Kachhua, Kachhuvi, Belauncha, Berma, Tamuria, Maibi",Lakhnaur_53,उमेश प्र. ठाकुर,No,8292188257.0,,,,,,,,,,,,,,,,,,,
Jhanjharpur,13. Madhepura,73. Madhepura,Madhepura,"Sundar Birajeet, Matras, Tardiha, Bath, Mahisham, Madhepur East, Madhepur West, Pachahi",Madhepura_54,कुमारी मिन्ती,Madhepura_54,9955320923.0,,,,,,,,,,,,,,,,,,,
Jhanjharpur,13. Madhepura,73. Madhepura,Madhepura,"Prasad, Banki, Mahasingh Hasaul, Bhit Bhagwanpur, Bhakharain, Rahua Sangram, Parwalpur",Madhepura_55,नजीमा खातुन,No,8780741770.0,,,,,,,,,,,,,,,,,,,
Jhanjharpur,13. Madhepura,73. Madhepura,Madhepura,"Bakua, Barsam, Basipatti, Bhargama, Bheja, Darah, Dwalakh, Gargaon, Karhara, Mahpatia, Nawada",Madhepura_56,आशा देवी,No,7661026773.0,,,,,,,,,,,,,,,,,,,
Jhanjharpur,7. Jhanjharpur,34. Babubarhi,Ladania,"Belahi, Dalokhar, Ekhari, Gajhara, Gidhwas, Khoja, Kumarkhat East, Kumarkhat West",Ladania_18,ललिता देवी,No,9431450939.0,,,,,,,,,,,,,,,,,,,
Jhanjharpur,7. Jhanjharpur,34. Babubarhi,Ladania,"Mahtha, Padma, Pathrahi, Piprahi, Sidhap Kala, Sidhpa, Lachhminia",Ladania_19,झमेली राम,No,8051420831.0,,,,,,,,,,,,,,,,,,,
Darbhanga,6. Madhubani,87. Jale,Jale,"Reorha, Sahaspur, Yogiara, Bandhouli, Garri, Muraitha",Jale_1,फरहत हैदर,No,7033066898.0,,,Call Connected,Dicey ,Neutral,,,,Jalal ,,,,,,,,,,
Darbhanga,6. Madhubani,87. Jale,Jale,"Doghra, Radhi North, Radhi West, Ratanpur, Radhi South",Jale_2,समता कुमारी,No,9304677116.0,,,,,,,,,,,,,,,,,,,
Darbhanga,6. Madhubani,87. Jale,Jale,"Barampur (E), Brahmapur West, Dhadhiya",Jale_3,नवीन कुमार दुबे,No,9473106521.0,,,,,,,,,,,,,,,,,,,
Darbhanga,6. Madhubani,87. Jale,Jale,"Sahaspur, Yogiara, Garri",Jale_4,मुसर्रत फात्मा,No,7352908960.0,,,,,,,,,,,,,,,,,,,
Darbhanga,6. Madhubani,86. Keoti,Singhwara,"Sanahpur, Rajo, Shankar Pur, Nista, Katka, Hariharpur (West)",Singhwara_5,सीमा कुमारी,No,8969811523.0,,,,,,,,,,,,,,,,,,,
Darbhanga,6. Madhubani,86. Keoti,Singhwara,"Arai Birdipur, Asthua, Banauli, Bharathi, Bharhulli, Bhawanipur",Singhwara_6,रंजना कुमारी,No,7759013137.0,,,,,,,,,,,,,,,,,,,
Darbhanga,6. Madhubani,86. Keoti,Singhwara,"Harpur, Kaligawn, Katassa, Madhopur Bastwara, Mankauli",Singhwara_7,ओम प्रकाश ठाकुर,No,8292563792.0,,,,,,,,,,,,,,,,,,,
Darbhanga,6. Madhubani,86. Keoti,Singhwara,"Rampura, Sadhwara, Simri, Tektar, Harihar Pur East",Singhwara_8,दिलीप कुमार यादव,No,6200385855.0,,,,,,,,,,,,,,,,,,,
Darbhanga,6. Madhubani,86. Keoti,Keotirunway,"Asraha, Bansara, Barahi, Bariaul, Chhachha Pachadhi, Chhatwan, Dighiyar",Keotirunway_9,नादरा हुसैन,No,8210367971.0,,,,,,,,,,,,,,,,,,,
Darbhanga,6. Madhubani,86. Keoti,Keotirunway,"Jalwara, Karjapatti, Keoti, Khirma, Koila Asthan, Kothia",Keotirunway_10,शशी रानी,No,9934022557.0,,,,,,,,,,,,,,,,,,,
Darbhanga,6. Madhubani,86. Keoti,Keotirunway,"Ladari, Lahwar, Lalganj, Madho Patti, Majhigama, Nanaura",Keotirunway_11,फरहाना खातुन,No,7857066555.0,,,,,,,,,,,,,,,,,,,
Darbhanga,6. Madhubani,86. Keoti,Keotirunway,"Naya Gaon East, Naya Gaon West, Paigambarpur, Pindaruch, Rajaura, Sarjapur, Shekhpur Dani",Keotirunway_12,धीरेन्द्र मिश्र,No,9031221190.0,,,,,,,,,,,,,,,,,,,
Darbhanga,14. Darbhanga,82. Darbhanga Rural,Darbhanga,"Adalpur, Atihar, Balha, Basudeopur, Bhalpatti, Bijuli, Chhotaipatti, Dhoi",Darbhanga_13,बिभा देवी,No,9472805393.0,,,,,,,,,,,,,,,,,,,
Darbhanga,14. Darbhanga,82. Darbhanga Rural,Darbhanga,"Dularpur, Ghorghatta, Kabirchak, Kansi, Kharua, Khutwara, Loam",Darbhanga_14,रूही प्रवीण,No,7250090746.0,,,,,,,,,,,,,,,,,,,
Darbhanga,14. Darbhanga,82. Darbhanga Rural,Darbhanga,"Muria, Nainaghat, Ranipur, Sahbajpur, Saramahmad, Shisho East, Shisho West, Sonki",Darbhanga_15,रिंकी कुमारी,Darbhanga_15,7643022932.0,,,Call Connected,Already in JS,JSP,,YES,YES,Sanjay chaupal,,,,,,,,,,
Darbhanga,14. Darbhanga,85. Bahadurpur,Hanuman Nagar,"Araila, Dihlahi, Godai Patti, Gorhalla, Gorhiyari, Moro",Hanuman Nagar_16,दिनेश राम,No,9905994194.0,,,No Incoming ,,,,,,,,,,,,,,,,
Darbhanga,14. Darbhanga,85. Bahadurpur,Hanuman Nagar,"Narsara, Neyam Chhatouna, Panchobh, Patori, Rampur Dih, Rupouli, Sinuara, Thalwara",Hanuman Nagar_17,अंजु देवी,No,6200867199.0,,,,,,,,,,,,,,,,,,,
Darbhanga,23. Samastipur (SC),84. Hayaghat,Hayaghat,"Anand Pur Sahora, Chandan Patti, Ghosrama, Majhoulia, Malhi Patti North, Malhi Patti South",Hayaghat_18,आशा देवी,Hayaghat_18,9534549677.0,,,,,,,,,,,,,,,,,,,
Darbhanga,23. Samastipur (SC),84. Hayaghat,Hayaghat,"Mirja Pur, Pator, Pouram, Rasalpur, Shri Rampur, Sidhouli",Hayaghat_19,काजल देवी,Hayaghat_19,8252655377.0,,,,,,,,,,,,,,,,,,,
Darbhanga,14. Darbhanga,83. Darbhanga,Bahadurpur,"Bahadurpur Dekuli, Bajid Pur, Baruara, Basat Pur, Biuni Andama, Darhar",Bahadurpur_20,सीता देवी,Bahadurpur_20,9570843533.0,,,,,,,,,,,,,,,,,,,
Darbhanga,14. Darbhanga,83. Darbhanga,Bahadurpur,"Ojhoul, Pirri, Premjiwar, Rambhadra Pur, Simra Nehal Pur, Taralahi, Tikapatti, Ughara, Ughra Mahapara",Bahadurpur_21,सुजाता कुमारी,Bahadurpur_21,9472424633.0,,,,,,,,,,,,,,,,,,,
Darbhanga,14. Darbhanga,83. Darbhanga,Bahadurpur,"Dilabar Pur, Hari Patti, Jalwara, Khaira, Kharaj Pur, Kusothar, Maniyari, Meknabeda",Bahadurpur_22,सुमित्रा देवी,No,8521524653.0,,,,,,,,,,,,,,,,,,,
Darbhanga,14. Darbhanga,80. Benipur,Baheri,"Jorja, Mithunia, Nimaithi, Paghari, Samadhpura, Susari Turki, Thathopur",Baheri_23,हरिमोहन यादव,No,9304059352.0,,,,,,,,,,,,,,,,,,,
Darbhanga,14. Darbhanga,80. Benipur,Baheri,"Atahar North, Atahar South, Baghouni, Baligaon, Bhachhi, Bithouli",Baheri_24,रीता देवी,No,8294683753.0,,,,,,,,,,,,,,,,,,,
Darbhanga,14. Darbhanga,80. Benipur,Baheri,"Chakwa Bharwari, Dhanouli, Dohat Narain, Enai, Gangdah Sheoram",Baheri_25,मोहम्मद सुभान,No,8002615724.0,,,,,,,,,,,,,,,,,,,
Darbhanga,14. Darbhanga,80. Benipur,Baheri,"Gujrouli Ramouli, Harhacha, Hathouri North, Hathouri South, Havidih North, Hawidih Middle, Hawidih South",Baheri_26,रेणु देवी 1,No,9204529926.0,,,,,,,,,,,,,,,,,,,
Darbhanga,23. Samastipur (SC),78. Kusheshwar Asthan,Biraul,"Akbarpur Benk, Arga Usari, Bairampur, Akbarpur Benk, Arga Usari, Bairampur, Bhawanipur, Biraul, Dekuli Jagnathpur, Dumari, Ganaura Tarwara",Biraul_27,सुलेखा देवी,No,9939040932.0,,,,,,,,,,,,,,,,,,,
Darbhanga,23. Samastipur (SC),78. Kusheshwar Asthan,Biraul,"Itwa Shiv Nagar, Kahua, Kamarkala, Ladaho, Manor Bhauram, Neuri, Parri, Pataniya",Biraul_28,आशा देवी,Biraul_28,9771861390.0,,,,,,,,,,,,,,,,,,,
Darbhanga,23. Samastipur (SC),78. Kusheshwar Asthan,Biraul,"Pokhram North, Pokhram South, Ramnagar, Rohar Mahmuda, Sahasram, Saho, Sonpur Paghari, Supaul, Uchati",Biraul_29,ललीता झा,No,7462045228.0,,,,,,,,,,,,,,,,,,,
Darbhanga,14. Darbhanga,80. Benipur,Benipur,"Tarouni, Shivram, Batho Radhiyam, Devram Amethi, Haripur, Havi Bhouar, Sajhuar",Benipur_30,अमर नाथ शर्मा,No,9939653790.0,,,,,,,,,,,,,,,,,,,
Darbhanga,14. Darbhanga,80. Benipur,Benipur,"Madhopur Mahamdpur, Ramouli, Makram Pur, Nawada, Ganesh Banaul Balni",Benipur_31,स्वतंत्र कुमार झा,No,8969906518.0,,,,,,,,,,,,,,,,,,,
Darbhanga,14. Darbhanga,80. Benipur,Benipur,"Jarison, Pohadi West, Mahinam, Sajaupura",Benipur_32,अमित कुमार ठाकुर,No,7909036539.0,,,,,,,,,,,,,,,,,,,
Darbhanga,14. Darbhanga,82. Darbhanga Rural,Manigachhi,"Baghant, Balaur, Bazid Pur, Bhandarison, Bramhpur, Bramhpura Bhatpura, Chanaur, Gangauli Kanakpur",Manigachhi_33,ललित नारायण पासवान,No,7903253119.0,,,,,,,,,,,,,,,,,,,
Darbhanga,14. Darbhanga,82. Darbhanga Rural,Manigachhi,"Jagdishpur, Katma Bahaurawa, Maubehat, Nehara West, Nehra East, Paiktol Jatuka",Manigachhi_34,अवधेश कुमार,Manigachhi_34,6202249774.0,,,Call Connected,Already in JS,JSP,Ready to Meet,YES,YES,,,,,,,,,,,
Darbhanga,14. Darbhanga,82. Darbhanga Rural,Manigachhi,"Paithan Kabai, Raghopur East, Raghopur North, Raghopur South, Raghopur West, Raje, Tatuar, Ujan",Manigachhi_35,हकीकुल,No,9006785066.0,,,,,,,,,,,,,,,,,,,
Darbhanga,14. Darbhanga,81. Alinagar,Tardih,"Lagma, Mahthaur, Pokhar Bhinda, Ijarahta, Kathara, Bisahath Bathia, Sherpur Narayanpur",Tardih_36,अरुणा कुमारी,No,9955705935.0,,,,,,,,,,,,,,,,,,,
Darbhanga,14. Darbhanga,81. Alinagar,Tardih,"Baika, Kaithwar, Kakodha, Kursomachota, Nadiami Kurson, Rajakhar War, Thengaha",Tardih_37,लाल कुमार सिंह,No,993134338.0,,,,,,,,,,,,,,,,,,,
Darbhanga,14. Darbhanga,80. Benipur,Alinagar,"Adhloam, Alinagar, Dhamura Dhamsain, Garoul, Hanuman Nagar",Alinagar_38,नन्द किशोर झा,No,9430004605.0,,,,,,,,,,,,,,,,,,,
Darbhanga,14. Darbhanga,80. Benipur,Alinagar,"Hariyath, Harsing Pur, Mohiudinpur Pakri, Moti Pur, Narma Navnagar, Tumaul Suhath Lahta",Alinagar_39,सुनीता यादव,No,9934035521.0,,,,,,,,,,,,,,,,,,,
Darbhanga,14. Darbhanga,81. Alinagar,Ghanshyampur,"Kortho East, Kortho West, Pohadi Bela, Punhad, Salahpur Lagma, Tumoul",Ghanshyampur_40,धरमेन्द्र कुमार झा,Ghanshyampur_40,8051269046.0,,,Call Connected,Dicey ,JSP,Ready to Meet,,,,,,,,,,,,,
Darbhanga,14. Darbhanga,81. Alinagar,Ghanshyampur,"Borhiab Inyatpur, Brahmpur Maswasi, Ganoun, Ghanshyampur, Jaideopatti",Ghanshyampur_41,धीरज कुमार झा,No,9973776311.0,,,,,,,,,,,,,,,,,,,
Darbhanga,14. Darbhanga,79. Gaura Bauram,Kiratpur,"Jamalpur, Jhagarua Tarwara, Jhagrua, Khaisa Jamalpur, Kiratpur, Kuboul Dhagha, Narkatia Bhandara, Rasiari Pauni",Kiratpur_42,कुलसुम बेगम,No,8252326651.0,,,,,,,,,,,,,,,,,,,
Darbhanga,14. Darbhanga,79. Gaura Bauram,Gaurabauram,"Aadharpur, Aasi, Bagrasi, Bauram, Gaurabauram, Kanhai, Kasraur Basauli",Gaurabauram_43,छेदी साहु,No,9973488030.0,,,,,,,,,,,,,,,,,,,
Darbhanga,14. Darbhanga,79. Gaura Bauram,Gaurabauram,"Kasraur Belwara, Kasraur Karkauli, Kumai Bhadaun, Mansara, Nadai, Nari",Gaurabauram_44,अजय कुमार यादव,No,9809477405.0,,,,,,,,,,,,,,,,,,,
Darbhanga,23. Samastipur (SC),78. Kusheshwar Asthan,Kusheshwar Asthan,"Aurahi, Bhadahar, Harinagar, Beri, Masankhon, Hirni, Bisaharia Mohim Bujurg",Kusheshwar Asthan_45,राजेन्द्र प्रसाद,Kusheshwar Asthan_45,9934781923.0,,,Call Connected,Already in JS,JSP,,YES,YES,,,,,,,,,,,
Darbhanga,23. Samastipur (SC),78. Kusheshwar Asthan,Kusheshwar Asthan,"Bargawn, Barna, Chigri Simraha, Dinmo, Gothani, Harauli, Pakahi Jhajhra",Kusheshwar Asthan_46,गुनेश्वर ठाकुर,No,8579858819.0,,,,,,,,,46.0,,,,,,,,,,
Darbhanga,23. Samastipur (SC),78. Kusheshwar Asthan,Kusheshwar Asthan,"Bhindua, Itahar, K. Sthan (S), Kewatgama, Mahisauth, Sughrain, Tilkeshwar, Uijuwa Simartoka, Usari",Kusheshwar Asthan_47,पूनम मणि शर्मा,No,7654316080.0,,,,,,,,,,,,,,,,,,,
,,,,,,,No,,,,,,,,,,,,,,,,,,,,
,,,,,,,No,,,,,,,,,,,,,,,,,,,,
,,,,,,,No,,,,,,,,,,,,,,,,,,,,
,,,,,,,No,,,,,,,,,,,,,,,,,,,,
,,,,,,,No,,,,,,,,,,,,,,,,,,,,
,,,,,,,No,,,,,,,,,,,,,,,,,,,,
,,,,,,,No,,,,,,,,,,,,,,,,,,,,
,,,,,,,No,,,,,,,,,,,,,,,,,,,,
,,,,,,,No,,,,,,,,,,,,,,,,,,,,
,,,,,,,No,,,,,,,,,,,,,,,,,,,,
,,,,,,,No,,,,,,,,,,,,,,,,,,,,
,,,,,,,No,,,,,,,,,,,,,,,,,,,,
,,,,,,,No,,,,,,,,,,,,,,,,,,,,
,,,,,,,No,,,,,,,,,,,,,,,,,,,,
,,,,,,,No,,,,,,,,,,,,,,,,,,,,
,,,,,,,No,,,,,,,,,,,,,,,,,,,,
,,,,,,,No,,,,,,,,,,,,,,,,,,,,
,,,,,,,No,,,,,,,,,,,,,,,,,,,,
,,,,,,,No,,,,,,,,,,,,,,,,,,,,
,,,,,,,No,,,,,,,,,,,,,,,,,,,,
,,,,,,,No,,,,,,,,,,,,,,,,,,,,
,,,,,,,No,,,,,,,,,,,,,,,,,,,,
,,,,,,,No,,,,,,,,,,,,,,,,,,,,
,,,,,,,No,,,,,,,,,,,,,,,,,,,,
,,,,,,,No,,,,,,,,,,,,,,,,,,,,
,,,,,,,No,,,,,,,,,,,,,,,,,,,,
,,,,,,,No,,,,,,,,,,,,,,,,,,,,
,,,,,,,No,,,,,,,,,,,,,,,,,,,,
,,,,,,,No,,,,,,,,,,,,,,,,,,,,
,,,,,,,No,,,,,,,,,,,,,,,,,,,,
,,,,,,,No,,,,,,,,,,,,,,,,,,,,
,,,,,,,No,,,,,,,,,,,,,,,,,,,,
,,,,,,,No,,,,,,,,,,,,,,,,,,,,
,,,,,,,No,,,,,,,,,,,,,,,,,,,,
,,,,,,,No,,,,,,,,,,,,,,,,,,,,
,,,,,,,No,,,,,,,,,,,,,,,,,,,,
,,,,,,,No,,,,,,,,,,,,,,,,,,,,
,,,,,,,No,,,,,,,,,,,,,,,,,,,,
,,,,,,,No,,,,,,,,,,,,,,,,,,,,
,,,,,,,No,,,,,,,,,,,,,,,,,,,,
,,,,,,,No,,,,,,,,,,,,,,,,,,,,
,,,,,,,No,,,,,,,,,,,,,,,,,,,,
,,,,,,,No,,,,,,,,,,,,,,,,,,,,
,,,,,,,No,,,,,,,,,,,,,,,,,,,,
,,,,,,,No,,,,,,,,,,,,,,,,,,,,
,,,,,,,No,,,,,,,,,,,,,,,,,,,,
,,,,,,,No,,,,,,,,,,,,,,,,,,,,
,,,,,,,No,,,,,,,,,,,,,,,,,,,,
,,,,,,,No,,,,,,,,,,,,,,,,,,,,
,,,,,,,No,,,,,,,,,,,,,,,,,,,,
,,,,,,,No,,,,,,,,,,,,,,,,,,,,
,,,,,,,No,,,,,,,,,,,,,,,,,,,,
,,,,,,,No,,,,,,,,,,,,,,,,,,,,
,,,,,,,No,,,,,,,,,,,,,,,,,,,,
,,,,,,,No,,,,,,,,,,,,,,,,,,,,
,,,,,,,No,,,,,,,,,,,,,,,,,,,,
,,,,,,,No,,,,,,,,,,,,,,,,,,,,
,,,,,,,No,,,,,,,,,,,,,,,,,,,,
,,,,,,,No,,,,,,,,,,,,,,,,,,,,
,,,,,,,No,,,,,,,,,,,,,,,,,,,,
,,,,,,,No,,,,,,,,,,,,,,,,,,,,
,,,,,,,No,,,,,,,,,,,,,,,,,,,,
,,,,,,,No,,,,,,,,,,,,,,,,,,,,
,,,,,,,No,,,,,,,,,,,,,,,,,,,,
,,,,,,,No,,,,,,,,,,,,,,,,,,,,
,,,,,,,No,,,,,,,,,,,,,,,,,,,,
,,,,,,,No,,,,,,,,,,,,,,,,,,,,
,,,,,,,No,,,,,,,,,,,,,,,,,,,,
,,,,,,,No,,,,,,,,,,,,,,,,,,,,
,,,,,,,No,,,,,,,,,,,,,,,,,,,,
,,,,,,,No,,,,,,,,,,,,,,,,,,,,
,,,,,,,No,,,,,,,,,,,,,,,,,,,,
,,,,,,,No,,,,,,,,,,,,,,,,,,,,
,,,,,,,No,,,,,,,,,,,,,,,,,,,,
,,,,,,,No,,,,,,,,,,,,,,,,,,,,
,,,,,,,No,,,,,,,,,,,,,,,,,,,,
,,,,,,,No,,,,,,,,,,,,,,,,,,,,
,,,,,,,No,,,,,,,,,,,,,,,,,,,,
,,,,,,,No,,,,,,,,,,,,,,,,,,,,
,,,,,,,No,,,,,,,,,,,,,,,,,,,,
,,,,,,,No,,,,,,,,,,,,,,,,,,,,
,,,,,,,No,,,,,,,,,,,,,,,,,,,,
,,,,,,,No,,,,,,,,,,,,,,,,,,,,
,,,,,,,No,,,,,,,,,,,,,,,,,,,,
,,,,,,,No,,,,,,,,,,,,,,,,,,,,
,,,,,,,No,,,,,,,,,,,,,,,,,,,,
,,,,,,,No,,,,,,,,,,,,,,,,,,,,
,,,,,,,No,,,,,,,,,,,,,,,,,,,,
,,,,,,,No,,,,,,,,,,,,,,,,,,,,
,,,,,,,No,,,,,,,,,,,,,,,,,,,,
,,,,,,,No,,,,,,,,,,,,,,,,,,,,
,,,,,,,No,,,,,,,,,,,,,,,,,,,,
,,,,,,,No,,,,,,,,,,,,,,,,,,,,
,,,,,,,No,,,,,,,,,,,,,,,,,,,,
,,,,,,,No,,,,,,,,,,,,,,,,,,,,
,,,,,,,No,,,,,,,,,,,,,,,,,,,,
,,,,,,,No,,,,,,,,,,,,,,,,,,,,
,,,,,,,No,,,,,,,,,,,,,,,,,,,,
,,,,,,,No,,,,,,,,,,,,,,,,,,,,
,,,,,,,No,,,,,,,,,,,,,,,,,,,,
,,,,,,,No,,,,,,,,,,,,,,,,,,,,
,,,,,,,No,,,,,,,,,,,,,,,,,,,,
,,,,,,,No,,,,,,,,,,,,,,,,,,,,
,,,,,,,No,,,,,,,,,,,,,,,,,,,,
,,,,,,,No,,,,,,,,,,,,,,,,,,,,
,,,,,,,No,,,,,,,,,,,,,,,,,,,,
,,,,,,,No,,,,,,,,,,,,,,,,,,,,
,,,,,,,No,,,,,,,,,,,,,,,,,,,,
,,,,,,,No,,,,,,,,,,,,,,,,,,,,
,,,,,,,No,,,,,,,,,,,,,,,,,,,,
,,,,,,,No,,,,,,,,,,,,,,,,,,,,
,,,,,,,No,,,,,,,,,,,,,,,,,,,,
,,,,,,,No,,,,,,,,,,,,,,,,,,,,
,,,,,,,No,,,,,,,,,,,,,,,,,,,,
,,,,,,,No,,,,,,,,,,,,,,,,,,,,
,,,,,,,No,,,,,,,,,,,,,,,,,,,,
,,,,,,,No,,,,,,,,,,,,,,,,,,,,
,,,,,,,No,,,,,,,,,,,,,,,,,,,,
,,,,,,,No,,,,,,,,,,,,,,,,,,,,
,,,,,,,No,,,,,,,,,,,,,,,,,,,,
,,,,,,,No,,,,,,,,,,,,,,,,,,,,
,,,,,,,No,,,,,,,,,,,,,,,,,,,,
,,,,,,,No,,,,,,,,,,,,,,,,,,,,
,,,,,,,No,,,,,,,,,,,,,,,,,,,,
,,,,,,,No,,,,,,,,,,,,,,,,,,,,
,,,,,,,No,,,,,,,,,,,,,,,,,,,,
,,,,,,,No,,,,,,,,,,,,,,,,,,,,
,,,,,,,No,,,,,,,,,,,,,,,,,,,,
,,,,,,,No,,,,,,,,,,,,,,,,,,,,
,,,,,,,No,,,,,,,,,,,,,,,,,,,,
,,,,,,,No,,,,,,,,,,,,,,,,,,,,
,,,,,,,No,,,,,,,,,,,,,,,,,,,,
,,,,,,,No,,,,,,,,,,,,,,,,,,,,
,,,,,,,No,,,,,,,,,,,,,,,,,,,,
,,,,,,,No,,,,,,,,,,,,,,,,,,,,
,,,,,,,No,,,,,,,,,,,,,,,,,,,,
,,,,,,,No,,,,,,,,,,,,,,,,,,,,
,,,,,,,No,,,,,,,,,,,,,,,,,,,,
,,,,,,,No,,,,,,,,,,,,,,,,,,,,
,,,,,,,No,,,,,,,,,,,,,,,,,,,,
,,,,,,,No,,,,,,,,,,,,,,,,,,,,
,,,,,,,No,,,,,,,,,,,,,,,,,,,,
,,,,,,,No,,,,,,,,,,,,,,,,,,,,
,,,,,,,No,,,,,,,,,,,,,,,,,,,,
,,,,,,,No,,,,,,,,,,,,,,,,,,,,
,,,,,,,No,,,,,,,,,,,,,,,,,,,,
,,,,,,,No,,,,,,,,,,,,,,,,,,,,
,,,,,,,No,,,,,,,,,,,,,,,,,,,,
,,,,,,,No,,,,,,,,,,,,,,,,,,,,
,,,,,,,No,,,,,,,,,,,,,,,,,,,,
,,,,,,,No,,,,,,,,,,,,,,,,,,,,
,,,,,,,No,,,,,,,,,,,,,,,,,,,,
,,,,,,,No,,,,,,,,,,,,,,,,,,,,
,,,,,,,No,,,,,,,,,,,,,,,,,,,,
,,,,,,,No,,,,,,,,,,,,,,,,,,,,
,,,,,,,No,,,,,,,,,,,,,,,,,,,,
,,,,,,,No,,,,,,,,,,,,,,,,,,,,
,,,,,,,No,,,,,,,,,,,,,,,,,,,,
,,,,,,,No,,,,,,,,,,,,,,,,,,,,
,,,,,,,No,,,,,,,,,,,,,,,,,,,,
,,,,,,,No,,,,,,,,,,,,,,,,,,,,
,,,,,,,No,,,,,,,,,,,,,,,,,,,,
,,,,,,,No,,,,,,,,,,,,,,,,,,,,
,,,,,,,No,,,,,,,,,,,,,,,,,,,,
,,,,,,,No,,,,,,,,,,,,,,,,,,,,
,,,,,,,No,,,,,,,,,,,,,,,,,,,,
,,,,,,,No,,,,,,,,,,,,,,,,,,,,
,,,,,,,No,,,,,,,,,,,,,,,,,,,,
,,,,,,,No,,,,,,,,,,,,,,,,,,,,
,,,,,,,No,,,,,,,,,,,,,,,,,,,,
,,,,,,,No,,,,,,,,,,,,,,,,,,,,
,,,,,,,No,,,,,,,,,,,,,,,,,,,,
,,,,,,,No,,,,,,,,,,,,,,,,,,,,
,,,,,,,No,,,,,,,,,,,,,,,,,,,,
,,,,,,,No,,,,,,,,,,,,,,,,,,,,
,,,,,,,No,,,,,,,,,,,,,,,,,,,,
,,,,,,,No,,,,,,,,,,,,,,,,,,,,
,,,,,,,No,,,,,,,,,,,,,,,,,,,,
,,,,,,,No,,,,,,,,,,,,,,,,,,,,
,,,,,,,No,,,,,,,,,,,,,,,,,,,,
,,,,,,,No,,,,,,,,,,,,,,,,,,,,
,,,,,,,No,,,,,,,,,,,,,,,,,,,,
,,,,,,,No,,,,,,,,,,,,,,,,,,,,
,,,,,,,No,,,,,,,,,,,,,,,,,,,,
,,,,,,,No,,,,,,,,,,,,,,,,,,,,
,,,,,,,No,,,,,,,,,,,,,,,,,,,,
,,,,,,,No,,,,,,,,,,,,,,,,,,,,
,,,,,,,No,,,,,,,,,,,,,,,,,,,,
,,,,,,,No,,,,,,,,,,,,,,,,,,,,
,,,,,,,No,,,,,,,,,,,,,,,,,,,,
,,,,,,,No,,,,,,,,,,,,,,,,,,,,
,,,,,,,No,,,,,,,,,,,,,,,,,,,,
,,,,,,,No,,,,,,,,,,,,,,,,,,,,
,,,,,,,No,,,,,,,,,,,,,,,,,,,,
,,,,,,,No,,,,,,,,,,,,,,,,,,,,
,,,,,,,No,,,,,,,,,,,,,,,,,,,,
,,,,,,,No,,,,,,,,,,,,,,,,,,,,
,,,,,,,No,,,,,,,,,,,,,,,,,,,,
,,,,,,,No,,,,,,,,,,,,,,,,,,,,
,,,,,,,No,,,,,,,,,,,,,,,,,,,,
,,,,,,,No,,,,,,,,,,,,,,,,,,,,
,,,,,,,No,,,,,,,,,,,,,,,,,,,,
,,,,,,,No,,,,,,,,,,,,,,,,,,,,
,,,,,,,No,,,,,,,,,,,,,,,,,,,,
,,,,,,,No,,,,,,,,,,,,,,,,,,,,
,,,,,,,No,,,,,,,,,,,,,,,,,,,,
,,,,,,,No,,,,,,,,,,,,,,,,,,,,
,,,,,,,No,,,,,,,,,,,,,,,,,,,,
,,,,,,,No,,,,,,,,,,,,,,,,,,,,
,,,,,,,No,,,,,,,,,,,,,,,,,,,,
,,,,,,,No,,,,,,,,,,,,,,,,,,,,
,,,,,,,No,,,,,,,,,,,,,,,,,,,,
,,,,,,,No,,,,,,,,,,,,,,,,,,,,
,,,,,,,No,,,,,,,,,,,,,,,,,,,,
,,,,,,,No,,,,,,,,,,,,,,,,,,,,
,,,,,,,No,,,,,,,,,,,,,,,,,,,,
,,,,,,,No,,,,,,,,,,,,,,,,,,,,
,,,,,,,No,,,,,,,,,,,,,,,,,,,,
,,,,,,,No,,,,,,,,,,,,,,,,,,,,
,,,,,,,No,,,,,,,,,,,,,,,,,,,,
,,,,,,,No,,,,,,,,,,,,,,,,,,,,
,,,,,,,No,,,,,,,,,,,,,,,,,,,,
,,,,,,,No,,,,,,,,,,,,,,,,,,,,
,,,,,,,No,,,,,,,,,,,,,,,,,,,,
,,,,,,,No,,,,,,,,,,,,,,,,,,,,
,,,,,,,No,,,,,,,,,,,,,,,,,,,,
,,,,,,,No,,,,,,,,,,,,,,,,,,,,
,,,,,,,No,,,,,,,,,,,,,,,,,,,,
,,,,,,,No,,,,,,,,,,,,,,,,,,,,
,,,,,,,No,,,,,,,,,,,,,,,,,,,,
,,,,,,,No,,,,,,,,,,,,,,,,,,,,
,,,,,,,No,,,,,,,,,,,,,,,,,,,,
,,,,,,,No,,,,,,,,,,,,,,,,,,,,
,,,,,,,No,,,,,,,,,,,,,,,,,,,,
,,,,,,,No,,,,,,,,,,,,,,,,,,,,
,,,,,,,No,,,,,,,,,,,,,,,,,,,,
,,,,,,,No,,,,,,,,,,,,,,,,,,,,
,,,,,,,No,,,,,,,,,,,,,,,,,,,,
,,,,,,,No,,,,,,,,,,,,,,,,,,,,
,,,,,,,No,,,,,,,,,,,,,,,,,,,,
,,,,,,,No,,,,,,,,,,,,,,,,,,,,
,,,,,,,No,,,,,,,,,,,,,,,,,,,,
,,,,,,,No,,,,,,,,,,,,,,,,,,,,
,,,,,,,No,,,,,,,,,,,,,,,,,,,,
,,,,,,,No,,,,,,,,,,,,,,,,,,,,
,,,,,,,No,,,,,,,,,,,,,,,,,,,,
,,,,,,,No,,,,,,,,,,,,,,,,,,,,
,,,,,,,No,,,,,,,,,,,,,,,,,,,,
,,,,,,,No,,,,,,,,,,,,,,,,,,,,
,,,,,,,No,,,,,,,,,,,,,,,,,,,,
,,,,,,,No,,,,,,,,,,,,,,,,,,,,
,,,,,,,No,,,,,,,,,,,,,,,,,,,,
,,,,,,,No,,,,,,,,,,,,,,,,,,,,
,,,,,,,No,,,,,,,,,,,,,,,,,,,,
,,,,,,,No,,,,,,,,,,,,,,,,,,,,
,,,,,,,No,,,,,,,,,,,,,,,,,,,,
,,,,,,,No,,,,,,,,,,,,,,,,,,,,
,,,,,,,No,,,,,,,,,,,,,,,,,,,,
,,,,,,,No,,,,,,,,,,,,,,,,,,,,
,,,,,,,No,,,,,,,,,,,,,,,,,,,,
,,,,,,,No,,,,,,,,,,,,,,,,,,,,
,,,,,,,No,,,,,,,,,,,,,,,,,,,,
,,,,,,,No,,,,,,,,,,,,,,,,,,,,
,,,,,,,No,,,,,,,,,,,,,,,,,,,,
,,,,,,,No,,,,,,,,,,,,,,,,,,,,
,,,,,,,No,,,,,,,,,,,,,,,,,,,,
,,,,,,,No,,,,,,,,,,,,,,,,,,,,
,,,,,,,No,,,,,,,,,,,,,,,,,,,,
,,,,,,,No,,,,,,,,,,,,,,,,,,,,
,,,,,,,No,,,,,,,,,,,,,,,,,,,,
,,,,,,,No,,,,,,,,,,,,,,,,,,,,
,,,,,,,No,,,,,,,,,,,,,,,,,,,,
,,,,,,,No,,,,,,,,,,,,,,,,,,,,
,,,,,,,No,,,,,,,,,,,,,,,,,,,,
,,,,,,,No,,,,,,,,,,,,,,,,,,,,
,,,,,,,No,,,,,,,,,,,,,,,,,,,,
,,,,,,,No,,,,,,,,,,,,,,,,,,,,
,,,,,,,No,,,,,,,,,,,,,,,,,,,,
,,,,,,,No,,,,,,,,,,,,,,,,,,,,
,,,,,,,No,,,,,,,,,,,,,,,,,,,,
,,,,,,,No,,,,,,,,,,,,,,,,,,,,
,,,,,,,No,,,,,,,,,,,,,,,,,,,,
,,,,,,,No,,,,,,,,,,,,,,,,,,,,
,,,,,,,No,,,,,,,,,,,,,,,,,,,,
,,,,,,,No,,,,,,,,,,,,,,,,,,,,
,,,,,,,No,,,,,,,,,,,,,,,,,,,,
,,,,,,,No,,,,,,,,,,,,,,,,,,,,
,,,,,,,No,,,,,,,,,,,,,,,,,,,,
,,,,,,,No,,,,,,,,,,,,,,,,,,,,
,,,,,,,No,,,,,,,,,,,,,,,,,,,,
,,,,,,,No,,,,,,,,,,,,,,,,,,,,
,,,,,,,No,,,,,,,,,,,,,,,,,,,,
,,,,,,,No,,,,,,,,,,,,,,,,,,,,
,,,,,,,No,,,,,,,,,,,,,,,,,,,,
,,,,,,,No,,,,,,,,,,,,,,,,,,,,
,,,,,,,No,,,,,,,,,,,,,,,,,,,,
,,,,,,,No,,,,,,,,,,,,,,,,,,,,
,,,,,,,No,,,,,,,,,,,,,,,,,,,,
,,,,,,,No,,,,,,,,,,,,,,,,,,,,
,,,,,,,No,,,,,,,,,,,,,,,,,,,,
,,,,,,,No,,,,,,,,,,,,,,,,,,,,
,,,,,,,No,,,,,,,,,,,,,,,,,,,,
,,,,,,,No,,,,,,,,,,,,,,,,,,,,
,,,,,,,No,,,,,,,,,,,,,,,,,,,,
,,,,,,,No,,,,,,,,,,,,,,,,,,,,
,,,,,,,No,,,,,,,,,,,,,,,,,,,,
,,,,,,,No,,,,,,,,,,,,,,,,,,,,
,,,,,,,No,,,,,,,,,,,,,,,,,,,,
,,,,,,,No,,,,,,,,,,,,,,,,,,,,
,,,,,,,No,,,,,,,,,,,,,,,,,,,,
,,,,,,,No,,,,,,,,,,,,,,,,,,,,
,,,,,,,No,,,,,,,,,,,,,,,,,,,,
,,,,,,,No,,,,,,,,,,,,,,,,,,,,
,,,,,,,No,,,,,,,,,,,,,,,,,,,,
,,,,,,,No,,,,,,,,,,,,,,,,,,,,
,,,,,,,No,,,,,,,,,,,,,,,,,,,,
,,,,,,,No,,,,,,,,,,,,,,,,,,,,
,,,,,,,No,,,,,,,,,,,,,,,,,,,,
,,,,,,,No,,,,,,,,,,,,,,,,,,,,
,,,,,,,No,,,,,,,,,,,,,,,,,,,,
,,,,,,,No,,,,,,,,,,,,,,,,,,,,
,,,,,,,No,,,,,,,,,,,,,,,,,,,,
,,,,,,,No,,,,,,,,,,,,,,,,,,,,
,,,,,,,No,,,,,,,,,,,,,,,,,,,,
,,,,,,,No,,,,,,,,,,,,,,,,,,,,
,,,,,,,No,,,,,,,,,,,,,,,,,,,,
,,,,,,,No,,,,,,,,,,,,,,,,,,,,
,,,,,,,No,,,,,,,,,,,,,,,,,,,,
,,,,,,,No,,,,,,,,,,,,,,,,,,,,
,,,,,,,No,,,,,,,,,,,,,,,,,,,,
,,,,,,,No,,,,,,,,,,,,,,,,,,,,
,,,,,,,No,,,,,,,,,,,,,,,,,,,,
,,,,,,,No,,,,,,,,,,,,,,,,,,,,
,,,,,,,No,,,,,,,,,,,,,,,,,,,,
,,,,,,,No,,,,,,,,,,,,,,,,,,,,
,,,,,,,No,,,,,,,,,,,,,,,,,,,,
,,,,,,,No,,,,,,,,,,,,,,,,,,,,
,,,,,,,No,,,,,,,,,,,,,,,,,,,,
,,,,,,,No,,,,,,,,,,,,,,,,,,,,
,,,,,,,No,,,,,,,,,,,,,,,,,,,,
,,,,,,,No,,,,,,,,,,,,,,,,,,,,
,,,,,,,No,,,,,,,,,,,,,,,,,,,,
,,,,,,,No,,,,,,,,,,,,,,,,,,,,
,,,,,,,No,,,,,,,,,,,,,,,,,,,,
,,,,,,,No,,,,,,,,,,,,,,,,,,,,
,,,,,,,No,,,,,,,,,,,,,,,,,,,,
,,,,,,,No,,,,,,,,,,,,,,,,,,,,
,,,,,,,No,,,,,,,,,,,,,,,,,,,,
,,,,,,,No,,,,,,,,,,,,,,,,,,,,
,,,,,,,No,,,,,,,,,,,,,,,,,,,,
,,,,,,,No,,,,,,,,,,,,,,,,,,,,
,,,,,,,No,,,,,,,,,,,,,,,,,,,,
,,,,,,,No,,,,,,,,,,,,,,,,,,,,
,,,,,,,No,,,,,,,,,,,,,,,,,,,,
,,,,,,,No,,,,,,,,,,,,,,,,,,,,
,,,,,,,No,,,,,,,,,,,,,,,,,,,,
,,,,,,,No,,,,,,,,,,,,,,,,,,,,
,,,,,,,No,,,,,,,,,,,,,,,,,,,,
,,,,,,,No,,,,,,,,,,,,,,,,,,,,
,,,,,,,No,,,,,,,,,,,,,,,,,,,,
,,,,,,,No,,,,,,,,,,,,,,,,,,,,
,,,,,,,No,,,,,,,,,,,,,,,,,,,,
,,,,,,,No,,,,,,,,,,,,,,,,,,,,
,,,,,,,No,,,,,,,,,,,,,,,,,,,,
,,,,,,,No,,,,,,,,,,,,,,,,,,,,
,,,,,,,No,,,,,,,,,,,,,,,,,,,,
,,,,,,,No,,,,,,,,,,,,,,,,,,,,
,,,,,,,No,,,,,,,,,,,,,,,,,,,,
,,,,,,,No,,,,,,,,,,,,,,,,,,,,
,,,,,,,No,,,,,,,,,,,,,,,,,,,,
,,,,,,,No,,,,,,,,,,,,,,,,,,,,
,,,,,,,No,,,,,,,,,,,,,,,,,,,,
,,,,,,,No,,,,,,,,,,,,,,,,,,,,
,,,,,,,No,,,,,,,,,,,,,,,,,,,,
,,,,,,,No,,,,,,,,,,,,,,,,,,,,
,,,,,,,No,,,,,,,,,,,,,,,,,,,,
,,,,,,,No,,,,,,,,,,,,,,,,,,,,
,,,,,,,No,,,,,,,,,,,,,,,,,,,,
,,,,,,,No,,,,,,,,,,,,,,,,,,,,
,,,,,,,No,,,,,,,,,,,,,,,,,,,,
,,,,,,,No,,,,,,,,,,,,,,,,,,,,
,,,,,,,No,,,,,,,,,,,,,,,,,,,,
,,,,,,,No,,,,,,,,,,,,,,,,,,,,
,,,,,,,No,,,,,,,,,,,,,,,,,,,,
,,,,,,,No,,,,,,,,,,,,,,,,,,,,
,,,,,,,No,,,,,,,,,,,,,,,,,,,,
,,,,,,,No,,,,,,,,,,,,,,,,,,,,
,,,,,,,No,,,,,,,,,,,,,,,,,,,,
,,,,,,,No,,,,,,,,,,,,,,,,,,,,
,,,,,,,No,,,,,,,,,,,,,,,,,,,,
,,,,,,,No,,,,,,,,,,,,,,,,,,,,
,,,,,,,No,,,,,,,,,,,,,,,,,,,,
,,,,,,,No,,,,,,,,,,,,,,,,,,,,
,,,,,,,No,,,,,,,,,,,,,,,,,,,,
,,,,,,,No,,,,,,,,,,,,,,,,,,,,
,,,,,,,No,,,,,,,,,,,,,,,,,,,,
,,,,,,,No,,,,,,,,,,,,,,,,,,,,
,,,,,,,No,,,,,,,,,,,,,,,,,,,,
,,,,,,,No,,,,,,,,,,,,,,,,,,,,
,,,,,,,No,,,,,,,,,,,,,,,,,,,,
,,,,,,,No,,,,,,,,,,,,,,,,,,,,
,,,,,,,No,,,,,,,,,,,,,,,,,,,,
,,,,,,,No,,,,,,,,,,,,,,,,,,,,
,,,,,,,No,,,,,,,,,,,,,,,,,,,,
,,,,,,,No,,,,,,,,,,,,,,,,,,,,
,,,,,,,No,,,,,,,,,,,,,,,,,,,,
,,,,,,,No,,,,,,,,,,,,,,,,,,,,
,,,,,,,No,,,,,,,,,,,,,,,,,,,,
,,,,,,,No,,,,,,,,,,,,,,,,,,,,
,,,,,,,No,,,,,,,,,,,,,,,,,,,,
,,,,,,,No,,,,,,,,,,,,,,,,,,,,
,,,,,,,No,,,,,,,,,,,,,,,,,,,,
,,,,,,,No,,,,,,,,,,,,,,,,,,,,
,,,,,,,No,,,,,,,,,,,,,,,,,,,,
,,,,,,,No,,,,,,,,,,,,,,,,,,,,
,,,,,,,No,,,,,,,,,,,,,,,,,,,,
,,,,,,,No,,,,,,,,,,,,,,,,,,,,
,,,,,,,No,,,,,,,,,,,,,,,,,,,,
,,,,,,,No,,,,,,,,,,,,,,,,,,,,
,,,,,,,No,,,,,,,,,,,,,,,,,,,,
,,,,,,,No,,,,,,,,,,,,,,,,,,,,
,,,,,,,No,,,,,,,,,,,,,,,,,,,,
,,,,,,,No,,,,,,,,,,,,,,,,,,,,
,,,,,,,No,,,,,,,,,,,,,,,,,,,,
,,,,,,,No,,,,,,,,,,,,,,,,,,,,
,,,,,,,No,,,,,,,,,,,,,,,,,,,,
,,,,,,,No,,,,,,,,,,,,,,,,,,,,
,,,,,,,No,,,,,,,,,,,,,,,,,,,,
,,,,,,,No,,,,,,,,,,,,,,,,,,,,
,,,,,,,No,,,,,,,,,,,,,,,,,,,,
,,,,,,,No,,,,,,,,,,,,,,,,,,,,
,,,,,,,No,,,,,,,,,,,,,,,,,,,,
,,,,,,,No,,,,,,,,,,,,,,,,,,,,
,,,,,,,No,,,,,,,,,,,,,,,,,,,,
,,,,,,,No,,,,,,,,,,,,,,,,,,,,
,,,,,,,No,,,,,,,,,,,,,,,,,,,,
,,,,,,,No,,,,,,,,,,,,,,,,,,,,
,,,,,,,No,,,,,,,,,,,,,,,,,,,,
,,,,,,,No,,,,,,,,,,,,,,,,,,,,
,,,,,,,No,,,,,,,,,,,,,,,,,,,,
,,,,,,,No,,,,,,,,,,,,,,,,,,,,
,,,,,,,No,,,,,,,,,,,,,,,,,,,,
,,,,,,,No,,,,,,,,,,,,,,,,,,,,
,,,,,,,No,,,,,,,,,,,,,,,,,,,,
,,,,,,,No,,,,,,,,,,,,,,,,,,,,
,,,,,,,No,,,,,,,,,,,,,,,,,,,,
,,,,,,,No,,,,,,,,,,,,,,,,,,,,
,,,,,,,No,,,,,,,,,,,,,,,,,,,,
,,,,,,,No,,,,,,,,,,,,,,,,,,,,
,,,,,,,No,,,,,,,,,,,,,,,,,,,,
,,,,,,,No,,,,,,,,,,,,,,,,,,,,
,,,,,,,No,,,,,,,,,,,,,,,,,,,,
,,,,,,,No,,,,,,,,,,,,,,,,,,,,
,,,,,,,No,,,,,,,,,,,,,,,,,,,,
,,,,,,,No,,,,,,,,,,,,,,,,,,,,
,,,,,,,No,,,,,,,,,,,,,,,,,,,,
,,,,,,,No,,,,,,,,,,,,,,,,,,,,
,,,,,,,No,,,,,,,,,,,,,,,,,,,,
,,,,,,,No,,,,,,,,,,,,,,,,,,,,
,,,,,,,No,,,,,,,,,,,,,,,,,,,,
,,,,,,,No,,,,,,,,,,,,,,,,,,,,
,,,,,,,No,,,,,,,,,,,,,,,,,,,,
,,,,,,,No,,,,,,,,,,,,,,,,,,,,
,,,,,,,No,,,,,,,,,,,,,,,,,,,,
,,,,,,,No,,,,,,,,,,,,,,,,,,,,
,,,,,,,No,,,,,,,,,,,,,,,,,,,,
,,,,,,,No,,,,,,,,,,,,,,,,,,,,
,,,,,,,No,,,,,,,,,,,,,,,,,,,,
,,,,,,,No,,,,,,,,,,,,,,,,,,,,
,,,,,,,No,,,,,,,,,,,,,,,,,,,,
,,,,,,,No,,,,,,,,,,,,,,,,,,,,
,,,,,,,No,,,,,,,,,,,,,,,,,,,,
,,,,,,,No,,,,,,,,,,,,,,,,,,,,
,,,,,,,No,,,,,,,,,,,,,,,,,,,,
,,,,,,,No,,,,,,,,,,,,,,,,,,,,
,,,,,,,No,,,,,,,,,,,,,,,,,,,,
,,,,,,,No,,,,,,,,,,,,,,,,,,,,
,,,,,,,No,,,,,,,,,,,,,,,,,,,,
,,,,,,,No,,,,,,,,,,,,,,,,,,,,
,,,,,,,No,,,,,,,,,,,,,,,,,,,,
,,,,,,,No,,,,,,,,,,,,,,,,,,,,
,,,,,,,No,,,,,,,,,,,,,,,,,,,,
,,,,,,,No,,,,,,,,,,,,,,,,,,,,
,,,,,,,No,,,,,,,,,,,,,,,,,,,,
,,,,,,,No,,,,,,,,,,,,,,,,,,,,
,,,,,,,No,,,,,,,,,,,,,,,,,,,,
,,,,,,,No,,,,,,,,,,,,,,,,,,,,
,,,,,,,No,,,,,,,,,,,,,,,,,,,,
,,,,,,,No,,,,,,,,,,,,,,,,,,,,
,,,,,,,No,,,,,,,,,,,,,,,,,,,,
,,,,,,,No,,,,,,,,,,,,,,,,,,,,
,,,,,,,No,,,,,,,,,,,,,,,,,,,,
,,,,,,,No,,,,,,,,,,,,,,,,,,,,
,,,,,,,No,,,,,,,,,,,,,,,,,,,,
,,,,,,,No,,,,,,,,,,,,,,,,,,,,
,,,,,,,No,,,,,,,,,,,,,,,,,,,,
,,,,,,,No,,,,,,,,,,,,,,,,,,,,
,,,,,,,No,,,,,,,,,,,,,,,,,,,,
,,,,,,,No,,,,,,,,,,,,,,,,,,,,
,,,,,,,No,,,,,,,,,,,,,,,,,,,,
,,,,,,,No,,,,,,,,,,,,,,,,,,,,
,,,,,,,No,,,,,,,,,,,,,,,,,,,,
,,,,,,,No,,,,,,,,,,,,,,,,,,,,
,,,,,,,No,,,,,,,,,,,,,,,,,,,,
,,,,,,,No,,,,,,,,,,,,,,,,,,,,
,,,,,,,No,,,,,,,,,,,,,,,,,,,,
,,,,,,,No,,,,,,,,,,,,,,,,,,,,
,,,,,,,No,,,,,,,,,,,,,,,,,,,,
,,,,,,,No,,,,,,,,,,,,,,,,,,,,
,,,,,,,No,,,,,,,,,,,,,,,,,,,,
,,,,,,,No,,,,,,,,,,,,,,,,,,,,
,,,,,,,No,,,,,,,,,,,,,,,,,,,,
,,,,,,,No,,,,,,,,,,,,,,,,,,,,
,,,,,,,No,,,,,,,,,,,,,,,,,,,,
,,,,,,,No,,,,,,,,,,,,,,,,,,,,
,,,,,,,No,,,,,,,,,,,,,,,,,,,,
,,,,,,,No,,,,,,,,,,,,,,,,,,,,
,,,,,,,No,,,,,,,,,,,,,,,,,,,,
,,,,,,,No,,,,,,,,,,,,,,,,,,,,
,,,,,,,No,,,,,,,,,,,,,,,,,,,,
,,,,,,,No,,,,,,,,,,,,,,,,,,,,
,,,,,,,No,,,,,,,,,,,,,,,,,,,,
,,,,,,,No,,,,,,,,,,,,,,,,,,,,
,,,,,,,No,,,,,,,,,,,,,,,,,,,,
,,,,,,,No,,,,,,,,,,,,,,,,,,,,
,,,,,,,No,,,,,,,,,,,,,,,,,,,,
,,,,,,,No,,,,,,,,,,,,,,,,,,,,
,,,,,,,No,,,,,,,,,,,,,,,,,,,,
,,,,,,,No,,,,,,,,,,,,,,,,,,,,
,,,,,,,No,,,,,,,,,,,,,,,,,,,,
,,,,,,,No,,,,,,,,,,,,,,,,,,,,
,,,,,,,No,,,,,,,,,,,,,,,,,,,,
,,,,,,,No,,,,,,,,,,,,,,,,,,,,
,,,,,,,No,,,,,,,,,,,,,,,,,,,,
,,,,,,,No,,,,,,,,,,,,,,,,,,,,
,,,,,,,No,,,,,,,,,,,,,,,,,,,,
,,,,,,,No,,,,,,,,,,,,,,,,,,,,
,,,,,,,No,,,,,,,,,,,,,,,,,,,,
,,,,,,,No,,,,,,,,,,,,,,,,,,,,
,,,,,,,No,,,,,,,,,,,,,,,,,,,,
,,,,,,,No,,,,,,,,,,,,,,,,,,,,
,,,,,,,No,,,,,,,,,,,,,,,,,,,,
,,,,,,,No,,,,,,,,,,,,,,,,,,,,
,,,,,,,No,,,,,,,,,,,,,,,,,,,,
,,,,,,,No,,,,,,,,,,,,,,,,,,,,
,,,,,,,No,,,,,,,,,,,,,,,,,,,,
,,,,,,,No,,,,,,,,,,,,,,,,,,,,
,,,,,,,No,,,,,,,,,,,,,,,,,,,,
,,,,,,,No,,,,,,,,,,,,,,,,,,,,
,,,,,,,No,,,,,,,,,,,,,,,,,,,,
,,,,,,,No,,,,,,,,,,,,,,,,,,,,
,,,,,,,No,,,,,,,,,,,,,,,,,,,,
,,,,,,,No,,,,,,,,,,,,,,,,,,,,
,,,,,,,No,,,,,,,,,,,,,,,,,,,,
,,,,,,,No,,,,,,,,,,,,,,,,,,,,
,,,,,,,No,,,,,,,,,,,,,,,,,,,,
,,,,,,,No,,,,,,,,,,,,,,,,,,,,
,,,,,,,No,,,,,,,,,,,,,,,,,,,,
,,,,,,,No,,,,,,,,,,,,,,,,,,,,
,,,,,,,No,,,,,,,,,,,,,,,,,,,,
,,,,,,,No,,,,,,,,,,,,,,,,,,,,
,,,,,,,No,,,,,,,,,,,,,,,,,,,,
,,,,,,,No,,,,,,,,,,,,,,,,,,,,
,,,,,,,No,,,,,,,,,,,,,,,,,,,,
,,,,,,,No,,,,,,,,,,,,,,,,,,,,
,,,,,,,No,,,,,,,,,,,,,,,,,,,,
,,,,,,,No,,,,,,,,,,,,,,,,,,,,
,,,,,,,No,,,,,,,,,,,,,,,,,,,,
,,,,,,,No,,,,,,,,,,,,,,,,,,,,
,,,,,,,No,,,,,,,,,,,,,,,,,,,,
,,,,,,,No,,,,,,,,,,,,,,,,,,,,
,,,,,,,No,,,,,,,,,,,,,,,,,,,,
,,,,,,,No,,,,,,,,,,,,,,,,,,,,
,,,,,,,No,,,,,,,,,,,,,,,,,,,,
,,,,,,,No,,,,,,,,,,,,,,,,,,,,
,,,,,,,No,,,,,,,,,,,,,,,,,,,,
,,,,,,,No,,,,,,,,,,,,,,,,,,,,
,,,,,,,,,,,,,,,,,,,,,,,,,,,
,,,,,,,,,,,,,,,,,,,,,,,,,,,
,,,,,,,,,,,,,,,,,,,,,,,,,,,
,,,,,,,,,,,,,,,,,,,,,,,,,,,
,,,,,,,,,,,,,,,,,,,,,,,,,,,
,,,,,,,,,,,,,,,,,,,,,,,,,,,
,,,,,,,,,,,,,,,,,,,,,,,,,,,
,,,,,,,,,,,,,,,,,,,,,,,,,,,
,,,,,,,,,,,,,,,,,,,,,,,,,,,
,,,,,,,,,,,,,,,,,,,,,,,,,,,
,,,,,,,,,,,,,,,,,,,,,,,,,,,
,,,,,,,,,,,,,,,,,,,,,,,,,,,
,,,,,,,,,,,,,,,,,,,,,,,,,,,
,,,,,,,,,,,,,,,,,,,,,,,,,,,
,,,,,,,,,,,,,,,,,,,,,,,,,,,
,,,,,,,,,,,,,,,,,,,,,,,,,,,
,,,,,,,,,,,,,,,,,,,,,,,,,,,
,,,,,,,,,,,,,,,,,,,,,,,,,,,
,,,,,,,,,,,,,,,,,,,,,,,,,,,
,,,,,,,,,,,,,,,,,,,,,,,,,,,
,,,,,,,,,,,,,,,,,,,,,,,,,,,
,,,,,,,,,,,,,,,,,,,,,,,,,,,
,,,,,,,,,,,,,,,,,,,,,,,,,,,
,,,,,,,,,,,,,,,,,,,,,,,,,,,
,,,,,,,,,,,,,,,,,,,,,,,,,,,
,,,,,,,,,,,,,,,,,,,,,,,,,,,
,,,,,,,,,,,,,,,,,,,,,,,,,,,
,,,,,,,,,,,,,,,,,,,,,,,,,,,
,,,,,,,,,,,,,,,,,,,,,,,,,,,
,,,,,,,,,,,,,,,,,,,,,,,,,,,
,,,,,,,,,,,,,,,,,,,,,,,,,,,
,,,,,,,,,,,,,,,,,,,,,,,,,,,
,,,,,,,,,,,,,,,,,,,,,,,,,,,
,,,,,,,,,,,,,,,,,,,,,,,,,,,
,,,,,,,,,,,,,,,,,,,,,,,,,,,
,,,,,,,,,,,,,,,,,,,,,,,,,,,
,,,,,,,,,,,,,,,,,,,,,,,,,,,
,,,,,,,,,,,,,,,,,,,,,,,,,,,
,,,,,,,,,,,,,,,,,,,,,,,,,,,
,,,,,,,,,,,,,,,,,,,,,,,,,,,
,,,,,,,,,,,,,,,,,,,,,,,,,,,
,,,,,,,,,,,,,,,,,,,,,,,,,,,
,,,,,,,,,,,,,,,,,,,,,,,,,,,
,,,,,,,,,,,,,,,,,,,,,,,,,,,
,,,,,,,,,,,,,,,,,,,,,,,,,,,
,,,,,,,,,,,,,,,,,,,,,,,,,,,
,,,,,,,,,,,,,,,,,,,,,,,,,,,
,,,,,,,,,,,,,,,,,,,,,,,,,,,
,,,,,,,,,,,,,,,,,,,,,,,,,,,
,,,,,,,,,,,,,,,,,,,,,,,,,,,
,,,,,,,,,,,,,,,,,,,,,,,,,,,
,,,,,,,,,,,,,,,,,,,,,,,,,,,
,,,,,,,,,,,,,,,,,,,,,,,,,,,
,,,,,,,,,,,,,,,,,,,,,,,,,,,
,,,,,,,,,,,,,,,,,,,,,,,,,,,
,,,,,,,,,,,,,,,,,,,,,,,,,,,
,,,,,,,,,,,,,,,,,,,,,,,,,,,
,,,,,,,,,,,,,,,,,,,,,,,,,,,
,,,,,,,,,,,,,,,,,,,,,,,,,,,
,,,,,,,,,,,,,,,,,,,,,,,,,,,
,,,,,,,,,,,,,,,,,,,,,,,,,,,
,,,,,,,,,,,,,,,,,,,,,,,,,,,
,,,,,,,,,,,,,,,,,,,,,,,,,,,
,,,,,,,,,,,,,,,,,,,,,,,,,,,
,,,,,,,,,,,,,,,,,,,,,,,,,,,
,,,,,,,,,,,,,,,,,,,,,,,,,,,
,,,,,,,,,,,,,,,,,,,,,,,,,,,
,,,,,,,,,,,,,,,,,,,,,,,,,,,
,,,,,,,,,,,,,,,,,,,,,,,,,,,
,,,,,,,,,,,,,,,,,,,,,,,,,,,
,,,,,,,,,,,,,,,,,,,,,,,,,,,
,,,,,,,,,,,,,,,,,,,,,,,,,,,
,,,,,,,,,,,,,,,,,,,,,,,,,,,
,,,,,,,,,,,,,,,,,,,,,,,,,,,
,,,,,,,,,,,,,,,,,,,,,,,,,,,
,,,,,,,,,,,,,,,,,,,,,,,,,,,
,,,,,,,,,,,,,,,,,,,,,,,,,,,
,,,,,,,,,,,,,,,,,,,,,,,,,,,
,,,,,,,,,,,,,,,,,,,,,,,,,,,
,,,,,,,,,,,,,,,,,,,,,,,,,,,
,,,,,,,,,,,,,,,,,,,,,,,,,,,
,,,,,,,,,,,,,,,,,,,,,,,,,,,
,,,,,,,,,,,,,,,,,,,,,,,,,,,
,,,,,,,,,,,,,,,,,,,,,,,,,,,
,,,,,,,,,,,,,,,,,,,,,,,,,,,
,,,,,,,,,,,,,,,,,,,,,,,,,,,
,,,,,,,,,,,,,,,,,,,,,,,,,,,
,,,,,,,,,,,,,,,,,,,,,,,,,,,
,,,,,,,,,,,,,,,,,,,,,,,,,,,
,,,,,,,,,,,,,,,,,,,,,,,,,,,
,,,,,,,,,,,,,,,,,,,,,,,,,,,
,,,,,,,,,,,,,,,,,,,,,,,,,,,
,,,,,,,,,,,,,,,,,,,,,,,,,,,
,,,,,,,,,,,,,,,,,,,,,,,,,,,
,,,,,,,,,,,,,,,,,,,,,,,,,,,
,,,,,,,,,,,,,,,,,,,,,,,,,,,
,,,,,,,,,,,,,,,,,,,,,,,,,,,
,,,,,,,,,,,,,,,,,,,,,,,,,,,
,,,,,,,,,,,,,,,,,,,,,,,,,,,
