Zone,District,Number of ZP Seats,Unique Candidates Identified  (Atleast One Candidates),Total Candidate Identified,Mobile Number Missing,Category Missing,Caste Missing,Profile Missing,Two Candidates Identification per seat,Onboarded List,Sangathan,Incumbent ZP,Runnerup,Gap,Incumbent ZP,Onboarded List,Sangathan,Total Interested from Sangathan ,Single PH,,Zone,District,ZP Seat Number,Candidates Identified,
Champaran,East Champaran,57,57,199,6,14,18,13,113,21,49,11,12,0,14,21,67,23.0,55,,Champaran,East Champaran,Raxaul_1,5,5
Champaran,Bagaha,15,15,47,1,0,0,3,28,8,11,2,1,0,4,8,21,16.0,11,,Champaran,East Champaran,Raxaul_2,3,5
Champaran,Bettiah,26,26,82,7,30,28,18,50,12,12,6,6,0,11,12,20,10.0,9,,Champaran,East Champaran,Ramgarhwa_3,3,5
Saran,Saran,47,47,123,2,29,36,29,82,18,30,14,12,0,14,27,42,,29,,Champaran,East Champaran,Ramgarhwa_4,3,5
Saran,Siwan,41,41,111,0,3,4,1,81,25,31,1,3,0,2,26,35,,25,,Champaran,East Champaran,Sugauli_5,4,5
Saran,Gopalganj,33,33,106,6,12,14,17,64,14,23,2,16,0,3,17,46,,38,,Champaran,East Champaran,Sugauli_6,3,5
Sahabad,Buxar,20,20,88,0,3,3,4,38,2,9,1,7,0,6,2,19,,18,,Champaran,East Champaran,Paharpur_7,5,5
Sahabad,Rohtas,33,33,104,0,3,2,6,63,12,8,1,20,0,1,13,15,,8,,Champaran,East Champaran,Paharpur_8,2,5
Sahabad,Kaimur (Bhabhua),19,19,78,0,31,31,12,36,7,10,2,6,0,4,11,12,,10,,Champaran,East Champaran,Areraj_9,3,5
Sahabad,Bhojpur,31,30,100,1,4,7,6,61,9,11,1,13,1,1,9,14,,14,,Champaran,East Champaran,Areraj_10,4,5
Total,,0,0,0,0,0,0,0,0,0,0,0,0,0,0,0,0,0,0,,Champaran,East Champaran,Adapur_11,4,5
,,,,,,,,,,,,,,,,,,,,,Champaran,East Champaran,Adapur_12,4,5
,east champaran,7 and 18 seats compromised,,,,,,,,,,,,,,,,,,,Champaran,East Champaran,Kotwa_13,4,5
,,,,,,,,,,,,,,,,,,,,,Champaran,East Champaran,Kotwa_14,4,5
,,,,,,,,,,,,,,,,,,,,,Champaran,East Champaran,Sangrampur_15,3,5
,,,,,,,,,,,,,,,,,,,,,Champaran,East Champaran,Sangrampur_16,4,5
,,,,,,,,,,,,,,,,,,,,,Champaran,East Champaran,Harsidhi_17,4,5
,,,,,,,,,,,,,,,,,,,,,Champaran,East Champaran,Harsidhi_18,4,5
,,,,,,,,,,,,,,,,,,,,,Champaran,East Champaran,Harsidhi_19,5,5
,,,,,,,,,,,,,,,,,,,,,Champaran,East Champaran,Turkaulia_20,3,5
,,,,,,,,,,,,,,,,,,,,,Champaran,East Champaran,Turkaulia_21,4,5
,,,,,,,,,,,,,,,,,,,,,Champaran,East Champaran,Banjariya_22,5,5
,,,,,,,,,,,,,,,,,,,,,Champaran,East Champaran,Banjariya_23,4,5
,,,,,,,,,,,,,,,,,,,,,Champaran,East Champaran,Chawradano_24,3,5
,,,,,,,,,,,,,,,,,,,,,Champaran,East Champaran,Chawradano_25,4,5
,,,,,,,,,,,,,,,,,,,,,Champaran,East Champaran,Motihari_26,4,5
,,,,,,,,,,,,,,,,,,,,,Champaran,East Champaran,Motihari_27,3,5
,,,,,,,,,,,,,,,,,,,,,Champaran,East Champaran,Motihari_28,3,5
,,,,,,,,,,,,,,,,,,,,,Champaran,East Champaran,Pipra Kothi_29,4,5
,,,,,,,,,,,,,,,,,,,,,Champaran,East Champaran,Kesaria_30,3,5
,,,,,,,,,,,,,,,,,,,,,Champaran,East Champaran,Kesaria_31,3,5
,,,,,,,,,,,,,,,,,,,,,Champaran,East Champaran,Kalyanpur_32,3,5
,,,,,,,,,,,,,,,,,,,,,Champaran,East Champaran,Kalyanpur_33,3,5
,,,,,,,,,,,,,,,,,,,,,Champaran,East Champaran,Kalyanpur_34,4,5
,,,,,,,,,,,,,,,,,,,,,Champaran,East Champaran,Chakia (Pipra)_35,4,5
,,,,,,,,,,,,,,,,,,,,,Champaran,East Champaran,Chakia (Pipra)_36,4,5
,,,,,,,,,,,,,,,,,,,,,Champaran,East Champaran,Chakia (Pipra)_37,2,5
,,,,,,,,,,,,,,,,,,,,,Champaran,East Champaran,Pakridayal_38,4,5
,,,,,,,,,,,,,,,,,,,,,Champaran,East Champaran,Pakridayal_39,3,5
,,,,,,,,,,,,,,,,,,,,,Champaran,East Champaran,Phenhara_40,4,5
,,,,,,,,,,,,,,,,,,,,,Champaran,East Champaran,Chiraiya_41,4,5
,,,,,,,,,,,,,,,,,,,,,Champaran,East Champaran,Chiraiya_42,2,5
,,,,,,,,,,,,,,,,,,,,,Champaran,East Champaran,Chiraiya_43,4,5
,,,,,,,,,,,,,,,,,,,,,Champaran,East Champaran,Bankatwa_44,3,5
,,,,,,,,,,,,,,,,,,,,,Champaran,East Champaran,Bankatwa_45,2,5
,,,,,,,,,,,,,,,,,,,,,Champaran,East Champaran,Ghorasahan_46,4,5
,,,,,,,,,,,,,,,,,,,,,Champaran,East Champaran,Ghorasahan_47,3,5
,,,,,,,,,,,,,,,,,,,,,Champaran,East Champaran,Dhaka_48,4,5
,,,,,,,,,,,,,,,,,,,,,Champaran,East Champaran,Dhaka_49,3,5
,,,,,,,,,,,,,,,,,,,,,Champaran,East Champaran,Dhaka_50,3,5
,,,,,,,,,,,,,,,,,,,,,Champaran,East Champaran,Patahi_51,4,5
,,,,,,,,,,,,,,,,,,,,,Champaran,East Champaran,Patahi_52,2,5
,,,,,,,,,,,,,,,,,,,,,Champaran,East Champaran,Madhuban_53,3,5
,,,,,,,,,,,,,,,,,,,,,Champaran,East Champaran,Madhuban_54,3,5
,,,,,,,,,,,,,,,,,,,,,Champaran,East Champaran,Tetariya_55,4,5
,,,,,,,,,,,,,,,,,,,,,Champaran,East Champaran,Mehsi_56,3,5
,,,,,,,,,,,,,,,,,,,,,Champaran,East Champaran,Mehsi_57,3,5
,,,,,,,,,,,,,,,,,,,,,Champaran,Bagaha,Bagaha-II_1,2,5
,,,,,,,,,,,,,,,,,,,,,Champaran,Bagaha,Bagaha-II_2,2,5
,,,,,,,,,,,,,,,,,,,,,Champaran,Bagaha,Bagaha-II_3,5,5
,,,,,,,,,,,,,,,,,,,,,Champaran,Bagaha,Bagaha-II_4,2,5
,,,,,,,,,,,,,,,,,,,,,Champaran,Bagaha,Bagaha-I_5,4,5
,,,,,,,,,,,,,,,,,,,,,Champaran,Bagaha,Bagaha-I_6,2,5
,,,,,,,,,,,,,,,,,,,,,Champaran,Bagaha,Bagaha-I_7,3,5
,,,,,,,,,,,,,,,,,,,,,Champaran,Bagaha,Piprasi_8,4,5
,,,,,,,,,,,,,,,,,,,,,Champaran,Bagaha,Madhubani_9,3,5
,,,,,,,,,,,,,,,,,,,,,Champaran,Bagaha,Bhitaha_10,4,5
,,,,,,,,,,,,,,,,,,,,,Champaran,Bagaha,Thakrahan_11,2,5
,,,,,,,,,,,,,,,,,,,,,Champaran,Bettiah,Jogapatti_12,4,5
,,,,,,,,,,,,,,,,,,,,,Champaran,Bettiah,Jogapatti_13,4,5
,,,,,,,,,,,,,,,,,,,,,Champaran,Bettiah,Jogapatti_14,3,5
,,,,,,,,,,,,,,,,,,,,,Champaran,Bettiah,Lauriya_15,2,5
,,,,,,,,,,,,,,,,,,,,,Champaran,Bettiah,Lauriya_16,3,5
,,,,,,,,,,,,,,,,,,,,,Champaran,Bettiah,Lauriya_17,2,5
,,,,,,,,,,,,,,,,,,,,,Champaran,Bagaha,Ramnagar_18,4,5
,,,,,,,,,,,,,,,,,,,,,Champaran,Bagaha,Ramnagar_19,3,5
,,,,,,,,,,,,,,,,,,,,,Champaran,Bagaha,Gaunaha_20,3,5
,,,,,,,,,,,,,,,,,,,,,Champaran,Bagaha,Gaunaha_21,4,5
,,,,,,,,,,,,,,,,,,,,,Champaran,Bettiah,Narkatiaganj_22,4,5
,,,,,,,,,,,,,,,,,,,,,Champaran,Bettiah,Narkatiaganj_23,3,5
,,,,,,,,,,,,,,,,,,,,,Champaran,Bettiah,Narkatiaganj_24,4,5
,,,,,,,,,,,,,,,,,,,,,Champaran,Bettiah,Narkatiaganj_25,3,5
,,,,,,,,,,,,,,,,,,,,,Champaran,Bettiah,Mainatand_26,3,5
,,,,,,,,,,,,,,,,,,,,,Champaran,Bettiah,Mainatand_27,3,5
,,,,,,,,,,,,,,,,,,,,,Champaran,Bettiah,Sikta_28,4,5
,,,,,,,,,,,,,,,,,,,,,Champaran,Bettiah,Sikta_29,2,5
,,,,,,,,,,,,,,,,,,,,,Champaran,Bettiah,Chanpatia_30,4,5
,,,,,,,,,,,,,,,,,,,,,Champaran,Bettiah,Chanpatia_31,4,5
,,,,,,,,,,,,,,,,,,,,,Champaran,Bettiah,Chanpatia_32,4,5
,,,,,,,,,,,,,,,,,,,,,Champaran,Bettiah,Bairia_33,3,5
,,,,,,,,,,,,,,,,,,,,,Champaran,Bettiah,Bairia_34,3,5
,,,,,,,,,,,,,,,,,,,,,Champaran,Bettiah,Nautan_35,3,5
,,,,,,,,,,,,,,,,,,,,,Champaran,Bettiah,Nautan_36,3,5
,,,,,,,,,,,,,,,,,,,,,Champaran,Bettiah,Nautan_37,2,5
,,,,,,,,,,,,,,,,,,,,,Champaran,Bettiah,Majhaulia_39,3,5
,,,,,,,,,,,,,,,,,,,,,Champaran,Bettiah,Majhaulia_40,3,5
,,,,,,,,,,,,,,,,,,,,,Champaran,Bettiah,Majhaulia_41,2,5
,,,,,,,,,,,,,,,,,,,,,Champaran,Bettiah,Majhaulia_42,4,5
,,,,,,,,,,,,,,,,,,,,,Saran,Saran,Lahladpur_1,6,6
,,,,,,,,,,,,,,,,,,,,,Saran,Saran,Baniapur_2,3,5
,,,,,,,,,,,,,,,,,,,,,Saran,Saran,Baniapur_3,3,5
,,,,,,,,,,,,,,,,,,,,,Saran,Saran,Baniapur_4,1,5
,,,,,,,,,,,,,,,,,,,,,Saran,Saran,Baniapur_5,4,5
,,,,,,,,,,,,,,,,,,,,,Saran,Saran,Ekma_6,3,5
,,,,,,,,,,,,,,,,,,,,,Saran,Saran,Ekma_7,3,4
,,,,,,,,,,,,,,,,,,,,,Saran,Saran,Ekma_8,3,5
,,,,,,,,,,,,,,,,,,,,,Saran,Saran,Manjhi_9,3,5
,,,,,,,,,,,,,,,,,,,,,Saran,Saran,Manjhi_10,4,5
,,,,,,,,,,,,,,,,,,,,,Saran,Saran,Manjhi_11,4,5
,,,,,,,,,,,,,,,,,,,,,Saran,Saran,Manjhi_12,4,5
,,,,,,,,,,,,,,,,,,,,,Saran,Saran,Revelganj_13,3,5
,,,,,,,,,,,,,,,,,,,,,Saran,Saran,Chhapra_14,2,5
,,,,,,,,,,,,,,,,,,,,,Saran,Saran,Chhapra_15,2,5
,,,,,,,,,,,,,,,,,,,,,Saran,Saran,Chhapra_16,2,5
,,,,,,,,,,,,,,,,,,,,,Saran,Saran,Jalalpur_17,3,5
,,,,,,,,,,,,,,,,,,,,,Saran,Saran,Jalalpur_18,2,5
,,,,,,,,,,,,,,,,,,,,,Saran,Saran,Nagra_19,3,5
,,,,,,,,,,,,,,,,,,,,,Saran,Saran,Marhaurah_20,2,5
,,,,,,,,,,,,,,,,,,,,,Saran,Saran,Marhaurah_21,3,5
,,,,,,,,,,,,,,,,,,,,,Saran,Saran,Marhaurah_22,2,5
,,,,,,,,,,,,,,,,,,,,,Saran,Saran,Taraiya_23,2,5
,,,,,,,,,,,,,,,,,,,,,Saran,Saran,Taraiya_24,5,5
,,,,,,,,,,,,,,,,,,,,,Saran,Saran,Isuapur_25,2,5
,,,,,,,,,,,,,,,,,,,,,Saran,Saran,Isuapur_26,4,5
,,,,,,,,,,,,,,,,,,,,,Saran,Saran,Mashrakh_27,1,5
,,,,,,,,,,,,,,,,,,,,,Saran,Saran,Mashrakh_28,3,5
,,,,,,,,,,,,,,,,,,,,,Saran,Saran,Panapur_29,2,5
,,,,,,,,,,,,,,,,,,,,,Saran,Saran,Panapur_30,2,5
,,,,,,,,,,,,,,,,,,,,,Saran,Saran,Amnour_31,4,5
,,,,,,,,,,,,,,,,,,,,,Saran,Saran,Amnour_32,2,5
,,,,,,,,,,,,,,,,,,,,,Saran,Saran,Amnour_33,3,5
,,,,,,,,,,,,,,,,,,,,,Saran,Saran,Maker_34,2,5
,,,,,,,,,,,,,,,,,,,,,Saran,Saran,Parsa_35,1,5
,,,,,,,,,,,,,,,,,,,,,Saran,Saran,Parsa_36,2,5
,,,,,,,,,,,,,,,,,,,,,Saran,Saran,Garkha_37,2,5
,,,,,,,,,,,,,,,,,,,,,Saran,Saran,Garkha_38,2,5
,,,,,,,,,,,,,,,,,,,,,Saran,Saran,Garkha_39,1,5
,,,,,,,,,,,,,,,,,,,,,Saran,Saran,Dariapur_40,2,5
,,,,,,,,,,,,,,,,,,,,,Saran,Saran,Dariapur_41,3,5
,,,,,,,,,,,,,,,,,,,,,Saran,Saran,Dariapur_42,2,5
,,,,,,,,,,,,,,,,,,,,,Saran,Saran,Dariapur_43,2,5
,,,,,,,,,,,,,,,,,,,,,Saran,Saran,Dighwara_44,5,5
,,,,,,,,,,,,,,,,,,,,,Saran,Saran,Sonepur_45,1,5
,,,,,,,,,,,,,,,,,,,,,Saran,Saran,Sonepur_46,1,5
,,,,,,,,,,,,,,,,,,,,,Saran,Saran,Sonepur_47,2,5
,,,,,,,,,,,,,,,,,,,,,Saran,Siwan,Nautan_1,4,5
,,,,,,,,,,,,,,,,,,,,,Saran,Siwan,Mairwa_2,4,5
,,,,,,,,,,,,,,,,,,,,,Saran,Siwan,Ziradei_3,5,5
,,,,,,,,,,,,,,,,,,,,,Saran,Siwan,Ziradei_4,2,5
,,,,,,,,,,,,,,,,,,,,,Saran,Siwan,Guthani_5,4,5
,,,,,,,,,,,,,,,,,,,,,Saran,Siwan,Guthani_6,2,5
,,,,,,,,,,,,,,,,,,,,,Saran,Siwan,Darauli_7,4,5
,,,,,,,,,,,,,,,,,,,,,Saran,Siwan,Darauli_8,2,5
,,,,,,,,,,,,,,,,,,,,,Saran,Siwan,Andar_9,3,5
,,,,,,,,,,,,,,,,,,,,,Saran,Siwan,Andar_10,2,5
,,,,,,,,,,,,,,,,,,,,,Saran,Siwan,Hussainganj_11,3,5
,,,,,,,,,,,,,,,,,,,,,Saran,Siwan,Hussainganj_12,5,5
,,,,,,,,,,,,,,,,,,,,,Saran,Siwan,Hasan Pura_13,5,5
,,,,,,,,,,,,,,,,,,,,,Saran,Siwan,Hasan Pura_14,2,5
,,,,,,,,,,,,,,,,,,,,,Saran,Siwan,Siwan_15,1,5
,,,,,,,,,,,,,,,,,,,,,Saran,Siwan,Siwan_16,3,5
,,,,,,,,,,,,,,,,,,,,,Saran,Siwan,Barharia_17,3,5
,,,,,,,,,,,,,,,,,,,,,Saran,Siwan,Barharia_18,2,5
,,,,,,,,,,,,,,,,,,,,,Saran,Siwan,Barharia_19,2,5
,,,,,,,,,,,,,,,,,,,,,Saran,Siwan,Barharia_20,2,5
,,,,,,,,,,,,,,,,,,,,,Saran,Siwan,Pachrukhi_21,3,5
,,,,,,,,,,,,,,,,,,,,,Saran,Siwan,Pachrukhi_22,3,5
,,,,,,,,,,,,,,,,,,,,,Saran,Siwan,Pachrukhi_23,4,5
,,,,,,,,,,,,,,,,,,,,,Saran,Siwan,Raghunathpur_24,3,5
,,,,,,,,,,,,,,,,,,,,,Saran,Siwan,Raghunathpur_25,2,5
,,,,,,,,,,,,,,,,,,,,,Saran,Siwan,Siswan_26,2,5
,,,,,,,,,,,,,,,,,,,,,Saran,Siwan,Siswan_27,2,5
,,,,,,,,,,,,,,,,,,,,,Saran,Siwan,Daraundha_28,2,5
,,,,,,,,,,,,,,,,,,,,,Saran,Siwan,Daraundha_29,3,5
,,,,,,,,,,,,,,,,,,,,,Saran,Siwan,Daraundha_30,2,5
,,,,,,,,,,,,,,,,,,,,,Saran,Siwan,Maharajganj_31,2,5
,,,,,,,,,,,,,,,,,,,,,Saran,Siwan,Maharajganj_32,2,5
,,,,,,,,,,,,,,,,,,,,,Saran,Siwan,Goriakothi_33,2,5
,,,,,,,,,,,,,,,,,,,,,Saran,Siwan,Goriakothi_34,3,5
,,,,,,,,,,,,,,,,,,,,,Saran,Siwan,Goriakothi_35,2,5
,,,,,,,,,,,,,,,,,,,,,Saran,Siwan,Lakri Nabiganj_36,2,5
,,,,,,,,,,,,,,,,,,,,,Saran,Siwan,Lakri Nabiganj_37,2,5
,,,,,,,,,,,,,,,,,,,,,Saran,Siwan,Basantpur_38,3,5
,,,,,,,,,,,,,,,,,,,,,Saran,Siwan,Bhagwanpur Hat_39,2,5
,,,,,,,,,,,,,,,,,,,,,Saran,Siwan,Bhagwanpur Hat_40,3,5
,,,,,,,,,,,,,,,,,,,,,Saran,Siwan,Bhagwanpur Hat_41,2,5
,,,,,,,,,,,,,,,,,,,,,Saran,Gopalganj,Kataiya_1,3,5
,,,,,,,,,,,,,,,,,,,,,Saran,Gopalganj,Kataiya_2,3,5
,,,,,,,,,,,,,,,,,,,,,Saran,Gopalganj,Panchdeori_3,5,5
,,,,,,,,,,,,,,,,,,,,,Saran,Gopalganj,Panchdeori_4,1,1
,,,,,,,,,,,,,,,,,,,,,Saran,Gopalganj,Bijaipur_4,3,5
,,,,,,,,,,,,,,,,,,,,,Saran,Gopalganj,Bijaipur_5,3,5
,,,,,,,,,,,,,,,,,,,,,Saran,Gopalganj,Bhorey_6,5,5
,,,,,,,,,,,,,,,,,,,,,Saran,Gopalganj,Bhorey_7,3,5
,,,,,,,,,,,,,,,,,,,,,Saran,Gopalganj,Phulwariya_8,3,5
,,,,,,,,,,,,,,,,,,,,,Saran,Gopalganj,Phulwariya_9,3,5
,,,,,,,,,,,,,,,,,,,,,Saran,Gopalganj,Kuchaikote_10,3,5
,,,,,,,,,,,,,,,,,,,,,Saran,Gopalganj,Kuchaikote_11,2,5
,,,,,,,,,,,,,,,,,,,,,Saran,Gopalganj,Kuchaikote_12,3,5
,,,,,,,,,,,,,,,,,,,,,Saran,Gopalganj,Uchkagaon_14,3,5
,,,,,,,,,,,,,,,,,,,,,Saran,Gopalganj,Kuchaikote_13,2,5
,,,,,,,,,,,,,,,,,,,,,Saran,Gopalganj,Uchkagaon_15,3,5
,,,,,,,,,,,,,,,,,,,,,Saran,Gopalganj,Hathua_16,3,5
,,,,,,,,,,,,,,,,,,,,,Saran,Gopalganj,Hathua_17,2,5
,,,,,,,,,,,,,,,,,,,,,Saran,Gopalganj,Hathua_18,3,5
,,,,,,,,,,,,,,,,,,,,,Saran,Gopalganj,Thawe_19,3,5
,,,,,,,,,,,,,,,,,,,,,Saran,Gopalganj,Gopalganj_20,5,5
,,,,,,,,,,,,,,,,,,,,,Saran,Gopalganj,Gopalganj_21,3,5
,,,,,,,,,,,,,,,,,,,,,Saran,Gopalganj,Manjha_22,4,5
,,,,,,,,,,,,,,,,,,,,,Saran,Gopalganj,Manjha_23,3,5
,,,,,,,,,,,,,,,,,,,,,Saran,Gopalganj,Manjha_24,3,5
,,,,,,,,,,,,,,,,,,,,,Saran,Gopalganj,Barauli_25,4,5
,,,,,,,,,,,,,,,,,,,,,Saran,Gopalganj,Barauli_26,4,5
,,,,,,,,,,,,,,,,,,,,,Saran,Gopalganj,Barauli_27,3,5
,,,,,,,,,,,,,,,,,,,,,Saran,Gopalganj,Sidhwaliya_28,4,5
,,,,,,,,,,,,,,,,,,,,,Saran,Gopalganj,Sidhwaliya_29,4,5
,,,,,,,,,,,,,,,,,,,,,Saran,Gopalganj,Baikunthpur_30,4,5
,,,,,,,,,,,,,,,,,,,,,Saran,Gopalganj,Baikunthpur_31,3,5
,,,,,,,,,,,,,,,,,,,,,Saran,Gopalganj,Baikunthpur_32,3,5
,,,,,,,,,,,,,,,,,,,,,Sahabad,Buxar,Chausa_1,5,5
,,,,,,,,,,,,,,,,,,,,,Sahabad,Buxar,Rajpur_2,5,5
,,,,,,,,,,,,,,,,,,,,,Sahabad,Buxar,Rajpur_3,4,5
,,,,,,,,,,,,,,,,,,,,,Sahabad,Buxar,Rajpur_4,5,5
,,,,,,,,,,,,,,,,,,,,,#N/A,#N/A,,0,0
,,,,,,,,,,,,,,,,,,,,,Sahabad,Buxar,Itarhi_5,7,7
,,,,,,,,,,,,,,,,,,,,,Sahabad,Buxar,Itarhi_6,9,9
,,,,,,,,,,,,,,,,,,,,,Sahabad,Buxar,Buxar_7,4,5
,,,,,,,,,,,,,,,,,,,,,Sahabad,Buxar,Buxar_8,11,11
,,,,,,,,,,,,,,,,,,,,,Sahabad,Buxar,Simri_9,2,5
,,,,,,,,,,,,,,,,,,,,,Sahabad,Buxar,Simri_10,5,5
,,,,,,,,,,,,,,,,,,,,,Sahabad,Buxar,Simri_11,4,5
,,,,,,,,,,,,,,,,,,,,,Sahabad,Buxar,Chakki_12,2,5
,,,,,,,,,,,,,,,,,,,,,Sahabad,Buxar,Brahmpur_13,4,5
,,,,,,,,,,,,,,,,,,,,,Sahabad,Buxar,Brahmpur_14,5,5
,,,,,,,,,,,,,,,,,,,,,Sahabad,Buxar,Chougain_15,1,5
,,,,,,,,,,,,,,,,,,,,,Sahabad,Buxar,Dumraon_16,4,5
,,,,,,,,,,,,,,,,,,,,,Sahabad,Buxar,Dumraon_17,3,5
,,,,,,,,,,,,,,,,,,,,,Sahabad,Buxar,Nawanagar_18,4,5
,,,,,,,,,,,,,,,,,,,,,Sahabad,Buxar,Kesath_19,2,5
,,,,,,,,,,,,,,,,,,,,,Sahabad,Buxar,Nawanagar_20,3,5
,,,,,,,,,,,,,,,,,,,,,Sahabad,Rohtas,Dawath_1,2,5
,,,,,,,,,,,,,,,,,,,,,Sahabad,Rohtas,Surajpura_2,3,5
,,,,,,,,,,,,,,,,,,,,,Sahabad,Rohtas,Dinara_3,5,5
,,,,,,,,,,,,,,,,,,,,,Sahabad,Rohtas,Dinara_4,4,5
,,,,,,,,,,,,,,,,,,,,,Sahabad,Rohtas,Dinara_5,3,5
,,,,,,,,,,,,,,,,,,,,,Sahabad,Rohtas,Kochas_6,4,5
,,,,,,,,,,,,,,,,,,,,,Sahabad,Rohtas,Kochas_7,3,5
,,,,,,,,,,,,,,,,,,,,,Sahabad,Rohtas,Kargahar_8,3,5
,,,,,,,,,,,,,,,,,,,,,Sahabad,Rohtas,Kargahar_9,4,5
,,,,,,,,,,,,,,,,,,,,,Sahabad,Rohtas,Kargahar_10,3,5
,,,,,,,,,,,,,,,,,,,,,Sahabad,Rohtas,Sheosagar_11,5,5
,,,,,,,,,,,,,,,,,,,,,Sahabad,Rohtas,Sheosagar_12,5,6
,,,,,,,,,,,,,,,,,,,,,Sahabad,Rohtas,Chenari_13,5,5
,,,,,,,,,,,,,,,,,,,,,Sahabad,Rohtas,Chenari_14,5,5
,,,,,,,,,,,,,,,,,,,,,Sahabad,Rohtas,Sasaram_15,3,5
,,,,,,,,,,,,,,,,,,,,,Sahabad,Rohtas,Sasaram_16,4,5
,,,,,,,,,,,,,,,,,,,,,Sahabad,Rohtas,Nokha_17,2,5
,,,,,,,,,,,,,,,,,,,,,Sahabad,Rohtas,Nokha_18,2,5
,,,,,,,,,,,,,,,,,,,,,Sahabad,Rohtas,Sanjhouli_19,2,5
,,,,,,,,,,,,,,,,,,,,,Sahabad,Rohtas,Bikramganj_20,4,5
,,,,,,,,,,,,,,,,,,,,,Sahabad,Rohtas,Bikramganj_21,2,5
,,,,,,,,,,,,,,,,,,,,,Sahabad,Rohtas,Karakat_22,2,5
,,,,,,,,,,,,,,,,,,,,,Sahabad,Rohtas,Karakat_23,2,5
,,,,,,,,,,,,,,,,,,,,,Sahabad,Rohtas,Karakat_24,3,5
,,,,,,,,,,,,,,,,,,,,,Sahabad,Rohtas,Nasriganj_25,2,5
,,,,,,,,,,,,,,,,,,,,,Sahabad,Rohtas,Nasriganj_26,1,5
,,,,,,,,,,,,,,,,,,,,,Sahabad,Rohtas,Rajpur_27,2,5
,,,,,,,,,,,,,,,,,,,,,Sahabad,Rohtas,Akorhigola_28,1,5
,,,,,,,,,,,,,,,,,,,,,Sahabad,Rohtas,Dehri_29,4,5
,,,,,,,,,,,,,,,,,,,,,Sahabad,Rohtas,Dehri_30,3,5
,,,,,,,,,,,,,,,,,,,,,Sahabad,Rohtas,Tilouthu_31,4,5
,,,,,,,,,,,,,,,,,,,,,Sahabad,Rohtas,Rohtas_32,4,5
,,,,,,,,,,,,,,,,,,,,,Sahabad,Rohtas,Nauhatta_33,4,5
,,,,,,,,,,,,,,,,,,,,,Sahabad,Kaimur (Bhabhua),Durgawati_1,6,6
,,,,,,,,,,,,,,,,,,,,,Sahabad,Kaimur (Bhabhua),Durgawati_2,4,5
,,,,,,,,,,,,,,,,,,,,,Sahabad,Kaimur (Bhabhua),Ramgarh_3,2,5
,,,,,,,,,,,,,,,,,,,,,Sahabad,Kaimur (Bhabhua),Nuaon_4,3,5
,,,,,,,,,,,,,,,,,,,,,Sahabad,Kaimur (Bhabhua),Kudra_5,3,5
,,,,,,,,,,,,,,,,,,,,,Sahabad,Kaimur (Bhabhua),Kudra_6,4,5
,,,,,,,,,,,,,,,,,,,,,Sahabad,Kaimur (Bhabhua),Mohania_7,3,5
,,,,,,,,,,,,,,,,,,,,,Sahabad,Kaimur (Bhabhua),Mohania_8,5,5
,,,,,,,,,,,,,,,,,,,,,Sahabad,Kaimur (Bhabhua),Mohania_9,4,5
,,,,,,,,,,,,,,,,,,,,,Sahabad,Kaimur (Bhabhua),Bhabua_10,6,6
,,,,,,,,,,,,,,,,,,,,,Sahabad,Kaimur (Bhabhua),Bhabua_11,2,5
,,,,,,,,,,,,,,,,,,,,,Sahabad,Kaimur (Bhabhua),Bhabua_12,6,6
,,,,,,,,,,,,,,,,,,,,,Sahabad,Kaimur (Bhabhua),Chainpur_13,6,6
,,,,,,,,,,,,,,,,,,,,,Sahabad,Kaimur (Bhabhua),Chainpur_14,6,6
,,,,,,,,,,,,,,,,,,,,,Sahabad,Kaimur (Bhabhua),Chand_15,4,5
,,,,,,,,,,,,,,,,,,,,,Sahabad,Kaimur (Bhabhua),Chand_16,4,5
,,,,,,,,,,,,,,,,,,,,,Sahabad,Kaimur (Bhabhua),Adhaura_17,2,5
,,,,,,,,,,,,,,,,,,,,,Sahabad,Kaimur (Bhabhua),Bhagwanpur_18,4,5
,,,,,,,,,,,,,,,,,,,,,Sahabad,Kaimur (Bhabhua),Rampur_19,4,5
,,,,,,,,,,,,,,,,,,,,,Sahabad,Bhojpur,Shahpur_1,4,5
,,,,,,,,,,,,,,,,,,,,,Sahabad,Bhojpur,Shahpur_2,3,5
,,,,,,,,,,,,,,,,,,,,,Sahabad,Bhojpur,Shahpur_3,4,5
,,,,,,,,,,,,,,,,,,,,,Sahabad,Bhojpur,Bihiya_4,6,6
,,,,,,,,,,,,,,,,,,,,,Sahabad,Bhojpur,Bihiya_5,2,5
,,,,,,,,,,,,,,,,,,,,,Sahabad,Bhojpur,Jagdishpur_6,3,5
,,,,,,,,,,,,,,,,,,,,,Sahabad,Bhojpur,Jagdishpur_7,3,5
,,,,,,,,,,,,,,,,,,,,,Sahabad,Bhojpur,Jagdishpur_8,3,5
,,,,,,,,,,,,,,,,,,,,,Sahabad,Bhojpur,Garhani_9,2,5
,,,,,,,,,,,,,,,,,,,,,Sahabad,Bhojpur,Charpokhari_10,3,5
,,,,,,,,,,,,,,,,,,,,,Sahabad,Bhojpur,Piro_11,4,5
,,,,,,,,,,,,,,,,,,,,,Sahabad,Bhojpur,Piro_12,2,5
,,,,,,,,,,,,,,,,,,,,,Sahabad,Bhojpur,Piro_13,2,5
,,,,,,,,,,,,,,,,,,,,,Sahabad,Bhojpur,Tarari_14,5,5
,,,,,,,,,,,,,,,,,,,,,Sahabad,Bhojpur,Tarari_15,3,5
,,,,,,,,,,,,,,,,,,,,,Sahabad,Bhojpur,Tarari_16,1,5
,,,,,,,,,,,,,,,,,,,,,Sahabad,Bhojpur,Sahar_17,2,5
,,,,,,,,,,,,,,,,,,,,,Sahabad,Bhojpur,Sahar_18,4,5
,,,,,,,,,,,,,,,,,,,,,Sahabad,Bhojpur,Agiaon_19,2,5
,,,,,,,,,,,,,,,,,,,,,Sahabad,Bhojpur,Agiaon_20,2,5
,,,,,,,,,,,,,,,,,,,,,Sahabad,Bhojpur,Udwantnagar_21,5,5
,,,,,,,,,,,,,,,,,,,,,Sahabad,Bhojpur,Udwantnagar_22,3,5
,,,,,,,,,,,,,,,,,,,,,Sahabad,Bhojpur,Ara_23,2,5
,,,,,,,,,,,,,,,,,,,,,Sahabad,Bhojpur,Ara_24,5,5
,,,,,,,,,,,,,,,,,,,,,Sahabad,Bhojpur,Ara_25,3,5
,,,,,,,,,,,,,,,,,,,,,Sahabad,Bhojpur,Barhara_26,5,5
,,,,,,,,,,,,,,,,,,,,,Sahabad,Bhojpur,Barhara_27,4,5
,,,,,,,,,,,,,,,,,,,,,Sahabad,Bhojpur,Barhara_28,2,5
,,,,,,,,,,,,,,,,,,,,,Sahabad,Bhojpur,Koilwar_29,4,5
,,,,,,,,,,,,,,,,,,,,,Sahabad,Bhojpur,Koilwar_30,3,
,,,,,,,,,,,,,,,,,,,,,Total,,Sandesh_31,9,
