संसदीय क्षेत्र चुनाव प्रभारी द्वारा अनुशंसित जिला परिषद चुनाव हेतु इच्छुक उम्मीदवारों की सूची,,,,,,,,,,,
लोक सभा क्षेत्र -                                                                           विधान सभा क्षेत्र -                                                                         दिनांक-                                                           ,,,,,,,,,,,
क्रम संख्या ,जिला ,प्रखण्ड ,पंचायत,क्षेत्र संख्या,नाम ,पिता का नाम ,मोबाईल नं.,सामाजिक वर्ग ,उम्र ,राजनीतिक परिचय ,
1.0,,,,,,,,,,,
2.0,,,,,,,,,,,
3.0,,,,,,,,,,,
4.0,,,,,,,,,,,
5.0,,,,,,,,,,,
6.0,,,,,,,,,,,
7.0,,,,,,,,,,,
8.0,,,,,,,,,,,
9.0,,,,,,,,,,,
"                                                                                                                                      

                            
                                                                                                                                  हस्ताक्षर
                                                                                                                               ( संसदीय क्षेत्र चुनाव प्रभारी )",,,,,,,,,,,
,,,,,,,,,,,
