Probable ZP Candidates - Rohtas,,,,,,,,,,,,
Zone,District,PC,AC,Block,ZP Seat Number,Seat Reservation Status,Probable ZP Candidate Name,Contact No,Category,Caste,Age,Brief Profile
Sahabad,Rohtas,33. Buxar,210. Dinara,Dawath,Dawath_1,Unreserved (Mahila),Shri Sunil Kumar Soni alias Sanju Soni,9955116120.0,OBC,Sonar,45.0,Jewellery shop. social worker
Sahabad,Rohtas,33. Buxar,210. Dinara,Dawath,Dawath_1,Unreserved (Mahila),Manti Maurya,7488146604.0,OBC,Kushwaha,32.0,she is a former JDU Pradesh Sachiv. She is a runner up at 2022 Zila Parishad Election.
Sahabad,Rohtas,33. Buxar,210. Dinara,Surajpura,Surajpura_2,Unreserved (Mahila),Vikash Kr Yadav,9955006009.0,OBC,Yadav,50.0,"Zila Parishad from 2011-16
Runner up at 2021.
Member of RJD"
Sahabad,Rohtas,33. Buxar,210. Dinara,Surajpura,Surajpura_2,Unreserved (Mahila),Urmila Devi / Ashok Yadav,7654448049.0,OBC,Yadav,52.0,"-ZP Contest 2021 (2844 votes, 4th Position)
-Independent (not associated with any party)
-Wife, Former Pramukh 2016
-Father, Former Pramukh 2011"
Sahabad,Rohtas,33. Buxar,210. Dinara,Surajpura,Surajpura_2,Unreserved (Mahila),Mohammad Shamim,9576787664.0,EBC,Muslim,45.0,"Md Shamim | 45 | Male | Minority | Muslim
 -Incumbent Sarpanch Sangh Block Adhyaksh, 2021
 - Two terms Sarpanch, 2016 & 2021 - ZP runner up in 2011, secured 2000 votes
 - Up Mukhiya 2006
 - Rohtas Zila Sarpanch Sangh Legal Advisor (2021-2024)
 -Former Congress OBC Zila Adhyaksh, OBC cell from 2006-2011
 - Father was in Bihar Police"
Sahabad,Rohtas,33. Buxar,210. Dinara,Dinara,Dinara_3,Backward Class (Others),Dr. Ashok Kumar Singh / Rupesh Kumar Singh,6206085911/ 9572135911,,Rajput,75/48,"Dr Ashok Kumar Singh | Male | 75 | General | Rajput

- MLA Contestent karakat Constituency (1985, 1990)
- General Physician (1981- Present)
- IMA member (2001- 2004)
- Owns Hospital in Nasriganj. his son will fight the elction"
Sahabad,Rohtas,33. Buxar,210. Dinara,Dinara,Dinara_3,Backward Class (Others),Janardan Kumar Chaudhary,9334040523.0,EBC,Nonia,36.0,"Runner up at 2021 election. lost by 500-600. Graduate, runs local clinic at panchayat."
Sahabad,Rohtas,33. Buxar,210. Dinara,Dinara,Dinara_3,Backward Class (Others),Ravi ranjan Singh,9801513036.0,General,Rajput,42.0,"Ravi Ranjan Singh | Male | 40 | General | Rajput | PACS Contestant

-Former PACS Contestant, 2014 Got 400 Votes
-Former ASA Party, Rashtriya Mahasachiv, 2024 To 2025
-Former JDU Pradesh Mahasachiv, 2005 To 2022"
Sahabad,Rohtas,33. Buxar,210. Dinara,Dinara,Dinara_3,Backward Class (Others),Janardhan Paswan,7870441517.0,SC,Dusadh,42.0,"Manoj Kumar Paswan | 44 | Male | SC | Dusadh

- Runner up ZP of Dinara in 2016 got 2700 votes
- Former LJP Dalit Sena District Vice President, Block (2000-2003)
- Former Ambedkar Kalyan Hostel Bikramganj Block President (2000-2003)"
Sahabad,Rohtas,33. Buxar,210. Dinara,Dinara,Dinara_3,Backward Class (Others),Santosh Kumar Kushwaha,9060012867.0,OBC,Kushwaha,48.0,"Santosh Kumar Kushwaha | 48 | Male | OBC | Kushwaha

- ZP runner up (2021)
- District working committee member- INC (2015- 20)"
Sahabad,Rohtas,33. Buxar,210. Dinara,Dinara,Dinara_4,SC (Other),Shri Kanhaiya Sharma,8084655201.0,EBC,Nai,65.0,"""Kanhaiya Sharma|Male| 65|Nai|
 
Former RJD EBC Cell State Secretary
Former Dalit sena Adhyaksh (Rohtas)
Former JDU District secretary
20 Sutri adhyaksh (Dinara) 
Independent MLA Contestant in 1990 (Got 3000 Vote)
ZP Contestant 2016 and 2021 (Got 3000 And 6500 Vote)"""
Sahabad,Rohtas,33. Buxar,210. Dinara,Dinara,Dinara_4,SC (Other),Gautam Kumar,6202476399.0,SC,Ravidas,29.0,"-ZP Contest 2021 (2533 votes, 5th position). PG in Economics from Veer Kumhar Singh University.
-Independent"
Sahabad,Rohtas,33. Buxar,210. Dinara,Dinara,Dinara_4,SC (Other),Vikash Pandey/ Kriti Pandey,9006340078.0,General,Brahmin,45.0,"Current BDC
JSP anumandal Adhyaksh
Lost Mukhiya Election 2021"
Sahabad,Rohtas,33. Buxar,210. Dinara,Dinara,Dinara_4,SC (Other),Ajay Kumar Ravi,9122017951.0,SC,Ravidas,49.0,"-ZP Contest 2021 (3086 votes, 4th Position)
-Presently in CPI ML"
Sahabad,Rohtas,33. Buxar,210. Dinara,Dinara,Dinara_5,SC (Other),Virendra Kumar,9973228016.0,SC,Ravidas,56.0,"Runner up for Mukhiya in 2001
Mukhiya in 2006
Runner up in 2016, 2021. lost the elections by 500 votes."
Sahabad,Rohtas,33. Buxar,210. Dinara,Dinara,Dinara_5,SC (Other),Mintesh Kumar,6201438542.0,SC,Paswan,40.0,"-ZP Contest 2021, got 5327 votes (4th Position)
-Independent"
Sahabad,Rohtas,33. Buxar,210. Dinara,Dinara,Dinara_5,SC (Other),Bimla Devi,9939306954.0,EBC,Nonia,55.0,"Bimla Devi | Female | 55 | EBC | Noniya - 3 term ZP runner up-2006, 2011, 2016"
Sahabad,Rohtas,34. Sasaram (SC),209. Kargahar,Kochas,Kochas_6,Backward Class (Others),Ashutosh Tiwari,9801670293.0,General,Brahmin ,40.0,"Ashutosh Kumar Tiwari | Male | 40 | General | Brahmin 

- BJP Kisan Mandal Adhyaksha (2016-2019)
- BJP Mandal Adhyaksha (2013-2016)
"" Conducted 600 Sabha During Vistar Campaigh
Zila Chunav Prabhari
Online Registration"""
Sahabad,Rohtas,34. Sasaram (SC),209. Kargahar,Kochas,Kochas_6,Backward Class (Others),Vinay Kumar Pal,9123107434.0,EBC,Pal,48.0,Incumbent Zila Parshad
Sahabad,Rohtas,34. Sasaram (SC),209. Kargahar,Kochas,Kochas_6,Backward Class (Others),Naseem Ahmed,9931270039.0,Minority,Muslim,35.0,"-ZP Runner up 2021 (11696 votes)
-Brother of Shamim Ahmed JS Senior Leader
-Brother's wife, Incumbent Nagar Panchayat Adhyaksh"
Sahabad,Rohtas,34. Sasaram (SC),209. Kargahar,Kochas,Kochas_6,Backward Class (Others),Gulshan Kumar / Punam Devi,6287108180.0,OBC,Baniya,28.0,"-ZP Contest 2021 (4289 votes, 4th position)
-Mother Punam Devi Former ZP Upadhyaksh (2 times ZP, 2006-2016)"
Sahabad,Rohtas,34. Sasaram (SC),209. Kargahar,Kochas,Kochas_7,Unreserved (Mahila),Jag Mohan Singh/ Sushama Devi,9955624045.0,OBC,yadav,63/31,"he was Mukhiya in 2001-06
his father was also a Mukhiya.
fought last 2 ZP election, was runner up both the time."
Sahabad,Rohtas,34. Sasaram (SC),209. Kargahar,Kochas,Kochas_7,Unreserved (Mahila),Vivek kr Kushwaha,6205378944.0,OBC,Kushwaha,35.0,"Runner up ZP Election 2021,
secured 5th rank, got 5000 votes
He is a contractor"
Sahabad,Rohtas,34. Sasaram (SC),209. Kargahar,Kochas,Kochas_7,Unreserved (Mahila),Manoj Kumar,9334313561.0,SC,Chamar,44.0,Mukhiya Runner up in 2016 and 2021
Sahabad,Rohtas,34. Sasaram (SC),209. Kargahar,Kargahar,Kargahar_8,SC (Mahila),Sanjay Baitha/ Hevanti Devi,9110173732.0,SC,Dhobi,50/46,he fought the Zila Parishad election in 2021 for the first time secures 2nd position with 10000 votes
Sahabad,Rohtas,34. Sasaram (SC),209. Kargahar,Kargahar,Kargahar_8,SC (Mahila),Indu Devi / Jaiprakash Paswan,8757583983.0,SC,Paswan,30.0,"-ZP Contest 2021 (3546 votes, 4th position)
-Independent"
Sahabad,Rohtas,34. Sasaram (SC),209. Kargahar,Kargahar,Kargahar_8,SC (Mahila),Surendra Tiwari,6204452013.0,General,Brahmin,55.0," Surendra Tiwari | Male | 55 | General |  Brahmin

- ZP Runner up 2021, 2016, 2011
- Dainik Jagaran Reporter since 2000 
- Brahman Ekta Manch Pradesh Adhyaksh since 2022
- Upadhyaksh International Patrakar Union of India-Nepal Kala Sanskriti Manch
- He was running a School (1998-2002) in Kochas Block
- Provided free education for 4 years in Prathamik Vidyalaya
"
Sahabad,Rohtas,34. Sasaram (SC),209. Kargahar,Kargahar,Kargahar_9,Backward Class (Others),Gufran Raain,9523286597.0,EBC,Muslim,30.0,"-ZP Contest 2021 got 4046 votes (3rd Position)
-Aligned with JS
-Former JS Anumandal Yuva Sachiv 2025"
Sahabad,Rohtas,34. Sasaram (SC),209. Kargahar,Kargahar,Kargahar_9,Backward Class (Others),Mahabir Sah,9006199207.0,EBC,Halwai,49.0,Incumbent ZP
Sahabad,Rohtas,34. Sasaram (SC),209. Kargahar,Kargahar,Kargahar_9,Backward Class (Others),Arjun Prasad Gupta,8084831084.0,EBC,Halwai,55.0,"Arjun Prasad Gupta | Male | 55 | EBC | Halwai | 

- LJP Atipichda Prakosth Zila Adhayaksha - 2012-16
- LJP Prakhand Adhayaksha 2002-12
- Vaisya Samaj Prakhand Adhayaksha 2004- Present 
- Kanu Haluwai Samaj Sangathan Adhayaksha 2004- Present
- Sarpanch Runnerup 2021
"
Sahabad,Rohtas,34. Sasaram (SC),209. Kargahar,Kargahar,Kargahar_9,Backward Class (Others),Dev Vansh Ram,8292278868.0,SC,Chamar,,
Sahabad,Rohtas,34. Sasaram (SC),209. Kargahar,Kargahar,Kargahar_10,Unreserved (Mahila),Satyam Pandey,8340153663.0,General,Brahmin,27.0,"-Jan Suraaj Zila Yuva Adhyaksh 2025
 -Former Congress Yuva Zila Karyakari Adhyaksh (2022 To 2025); 
Former Congress Zila Upadhyaksh (2019 To 2022); 
Former NSUI Sachiv (2018 To 2019); 
Former Student Union President S.N College NSUI (2018 To 2019);"
Sahabad,Rohtas,34. Sasaram (SC),209. Kargahar,Kargahar,Kargahar_10,Unreserved (Mahila),Reena Devi,7870171306.0,General,Rajput,38.0,"Runner up at Zila Parishad in 2021(secured more than 5500 vote and at 4th position, the margin between her and the winner is 1500 votes)
Owns Beauty Parlour
Mahilla Prakosth Zila Adhyaksh of LJP.
Husband is contractor at Electricity board"
Sahabad,Rohtas,34. Sasaram (SC),209. Kargahar,Kargahar,Kargahar_10,Unreserved (Mahila),Md Zaved Alam alias Jugnoo alam,9905526203.0,EBC,Muslim,28.0,"Md Zaved Alam alias Jugnoo alam | Male | 28 | Minority | Muslim | 9905526203|

ZP election contestants 2021  Got 5248 Votes
Businessman ( Fish Supplier)
Education Intermediate"
Sahabad,Rohtas,34. Sasaram (SC),207. Chenari,Sheosagar,Sheosagar_11,Backward Class (Mahila),Shri Dhananjay Sharma,9430229612.0,EBC,Nai,54.0,"Runner up in Mukhiya election 2006
winner of Panchayat Smiti in 2011 & 2016.
Lost the Sarpanch Election in 2021"
Sahabad,Rohtas,34. Sasaram (SC),207. Chenari,Sheosagar,Sheosagar_11,Backward Class (Mahila),Sangeeta Devi / Manoj Kumar,8809622326.0,EBC,Chandravanshi,42.0,"-ZP Contest 2021 (2999 votes, Last position)
-Mukhiya Contest 2011
-Active in Caste Politics"
Sahabad,Rohtas,34. Sasaram (SC),207. Chenari,Sheosagar,Sheosagar_11,Backward Class (Mahila),Rohit Pandey,6202379502.0,General,Brahmin,35.0,Sangh Parivar member from 2010-2020. BJP Mahamantri from 2017 to 2018. Joined Jansuraj on 2 october 2022. also joined baat bihar ki. kshetriya yuva prabhari in 2025. currently sangharsh vahini pradesh upadhyaksh.
Sahabad,Rohtas,34. Sasaram (SC),207. Chenari,Sheosagar,Sheosagar_11,Backward Class (Mahila),Vinay Singh,8757556181.0,General,Singh,50.0,"-Incumbent Up Pramukh (2021 To Till date)
-Incumbent Panchayat Samiti Sadasya(2021 To Till date)
-Former RJD Pradesh Mahasachiv(2017 to 2021)
-Foremr RJD Pradesh Samiti Sadasya(2016 to 2017)
-Former Rohtas Truck Operator sangh Zila Adhyaksh(2008 To Till date)
-Jan Suraaj Pradesh Karya Samiti Sadasya"
Sahabad,Rohtas,34. Sasaram (SC),207. Chenari,Sheosagar,Sheosagar_11,Backward Class (Mahila),Raghubir Rai,8539018895.0,ST,Rajwad,40.0,"Raghubir Rai|Male|40|ST|Rajwad
-Zila Ward Sachiv 
-former LJP DSC Member."
Sahabad,Rohtas,34. Sasaram (SC),207. Chenari,Sheosagar,Sheosagar_12,SC (Mahila),Kavita Devi/ Ramayan Ram,6207535126.0,SC,Ravidas,47.0,"BDC 2006-11
2 times mukhiya runners ups.
Runner up at 2021 Zila Parishad.
Kavita Devi was Panchayat smiti Adhyaksh from 2006-11.
he was MLA representative from 2005-10.
he is currently MP pratinidhi of Manoj Ram."
Sahabad,Rohtas,34. Sasaram (SC),207. Chenari,Sheosagar,Sheosagar_12,SC (Mahila),Vinay Kumar Singh,917903068256.0,General,Rajput,52.0,"- Incumbent Block Parmukh 
Won the Truck union election in 2007
Panchayat Smiti 2021(uppramukh)
Transport Business."
Sahabad,Rohtas,34. Sasaram (SC),207. Chenari,Sheosagar,Sheosagar_12,SC (Mahila),Raju Baitha,9153148868.0,SC,Dhobi,39.0,"Raju Baitha | Male | 39 | SC | Dhobi | Incumbent Defacto BDC

-Incumbentt Defacto BDC, 2021 to Till Date
-Former Mukhiya Contestant(2010), Got 980 Votes
-Former Congress Member(2010 to 2024)
-Former CPI Zila Sachiv(2000 to 2010)
-Iincumbent Member of Rohtas Truck Association
-Jan Suraaj State Working Committee Member
-Jan Suraaj Anumandal Upadhyaksh"
Sahabad,Rohtas,34. Sasaram (SC),207. Chenari,Sheosagar,Sheosagar_12,SC (Mahila),Sanjay pandey,7369975232.0,General,Brahmin,55.0,"Former Panchyat adakshya BJP(1999-2001)
-Former Zila maha sachiv LJP(R)..
3 times runner up at Panchayat Smiti"
Sahabad,Rohtas,34. Sasaram (SC),207. Chenari,Chenari,Chenari_13,Unreserved (Mahila),Ritesh Bahadur Ram,9905882277.0,SC,Ravidas,28.0,"-ZP Contestant, 2021, Runner Up
-Former BJP SC Cell Block President
-Social Worker"
Sahabad,Rohtas,34. Sasaram (SC),207. Chenari,Chenari,Chenari_13,Unreserved (Mahila),Dhirendra Chaubey,9801513391.0,General,Brahmin,53.0,"ZP Contestant, 2021, 5th runner up
Mukhiya runner up by 35 votes in 2011
he is a business man, owns two rice mills.
also in Construction business, professionaly a contractor"
Sahabad,Rohtas,34. Sasaram (SC),207. Chenari,Chenari,Chenari_13,Unreserved (Mahila),Sunil Rajak,7979817896.0,SC,Dhobi,50.0," Sunil Rajak | Male | 50 | SC | Dhobi | Former ZP 

-Former ZP , 2006 To 2011
-Former ASA Party, Rashtriya Upadhyaksh, 2024 To 2025
- Former BJP Zila  Parbhari, SC Cell, 2022 To 2024
-Former JDU Chenari Vidhansabha Prabhari, 2020 To 2021
-Former JDU Rajya Parishad Sadasya , 2015 To 2017
-Former JDU Zila Mahasachiv, 2013 To 2014
-Former JDU Pradhan Mahasachiv, SC Cell, 2010 To 2013
-Incumbent All India Dhobi Mahasangh Upadhyaksh, 2020 To Till Date"
Sahabad,Rohtas,34. Sasaram (SC),207. Chenari,Chenari,Chenari_13,Unreserved (Mahila),Suryadev Paal,9934979584.0,EBC,Pal,53.0,"Runner up at ZP election in 2021. got 2200 votes, 1500 less votes than winner."
Sahabad,Rohtas,34. Sasaram (SC),207. Chenari,Chenari,Chenari_13,Unreserved (Mahila),Sarwan Kumar,7079587593.0,OBC,Kalwar,33.0,"Sarwan Kumar | Male | 33 | OBC | Jaiswal | 7079587593 | Mukhiya Runner Up 

-Mukhiya runner Up 2021
- Incumbent Yuva Club Adhyaksh Telari
- Bussinessman
- Politically Active With Leaders
- Youth Leader
"
Sahabad,Rohtas,34. Sasaram (SC),207. Chenari,Chenari,Chenari_14,Unreserved (Other),"Vijay Kumar 
Sharma",9905357092.0,EBC,Nai,60.0,"Vijay Kumar Sharma | Male | 60 | EBC | Nai 

- Incumbent ZP South Chenari (2021)- by 1000 votes
- Zila Adhyaksh (HAM)- 2013-14

"
Sahabad,Rohtas,34. Sasaram (SC),207. Chenari,Chenari,Chenari_14,Unreserved (Other),Inderjeet Singh,8271148737.0,OBC,Kushwaha,58.0,"Inderjeet Singh | 58 | Male | OBC | Kushwaha

- Former Zp 2016-2021
-Zp Runner Up-2021 Got -2700 votes""        
        ZP Runner Up"
Sahabad,Rohtas,34. Sasaram (SC),207. Chenari,Chenari,Chenari_14,Unreserved (Other),Dr. Shivmuni Prasad,9123149529.0,SC,Chamar,55.0,"Dr. Shivmuni Prasad || 55 || Male || Chamar || Doctor
 |9123149529 |
 - ZP Winner 2011-2016
 - BSP Prades Sachiv 2011-2012
 - BSP Distrct G.Secratary 2006-2007
 - BSP Prakhand Adhyaksh (Sheosagar) 1998-2000- Owns a Petrol Pump and a General Physician Clinic."
Sahabad,Rohtas,34. Sasaram (SC),207. Chenari,Chenari,Chenari_14,Unreserved (Other),Bhola Prasad Chaudhary,9955085452.0,SC,Pasi,54.0,"Bhola Prasad Chaudhary | Male | 54 | SC | Pasi | Incumbent Defacto Mukhiya

-Incumbent 4 Terms Defacto Mukhiya, 2006 To till Date
-Former BDC , 2001 To 2006"
Sahabad,Rohtas,34. Sasaram (SC),207. Chenari,Chenari,Chenari_14,Unreserved (Other),Prithvi Singh,6203140048.0,General,Rajput,37.0,"PACs Winner 2016
PACs Runnerup 2021"
Sahabad,Rohtas,34. Sasaram (SC),208. Sasaram,Sasaram,Sasaram_15,SC (Mahila),Shri Pappu Nataraj,7061199644.0,SC,Nat,52.0,
Sahabad,Rohtas,34. Sasaram (SC),208. Sasaram,Sasaram,Sasaram_15,SC (Mahila),Neha Kumari (Natraz),9334000498.0,SC,Nat,27.0,"-JS Candidate Chenari AC 2025
-Incumbent 2 Consecutive Terms ZP, 2016 To Till Date
-Former JDU Zila Mahila Adhyaksh, 2022 To 2024
-Social Worker"
Sahabad,Rohtas,34. Sasaram (SC),208. Sasaram,Sasaram,Sasaram_15,SC (Mahila),Rajesh Kumar,8540855070.0,General,Brahmin,48.0,"""Rajesh Kumar | male | 48 | Gen | Brahmin 
-Former Defacto Mukhiya 2016
- JSP Anumandal Adhyaksh 
Jansuraaj Padyatri """
Sahabad,Rohtas,34. Sasaram (SC),208. Sasaram,Sasaram,Sasaram_16,Unreserved (Mahila),Ravindra Singh / Mamta Devi,8507210556.0,General,Rajput,52.0,"-Incumbent ZP 2021
-Former ZP Runner-up 2011
-Former ZP Winner 2006
-Active in Panchayat Politics, Ward, Panch, Mukhiya Election
--Active in politics since 2001

-Former Zila Upadhyaksh 2025
-aligned with JS since 2023"
Sahabad,Rohtas,34. Sasaram (SC),208. Sasaram,Sasaram,Sasaram_16,Unreserved (Mahila),Chandravati Devi,7488484032.0,OBC,Yadav,55.0,Lost the mukhiya election
Sahabad,Rohtas,34. Sasaram (SC),208. Sasaram,Sasaram,Sasaram_16,Unreserved (Mahila),Thakur Prasad Gupta/ Vikash Kumar,9934504261.0,EBC,Kanu,68/32,"Thakur Prasad Gupta| Male | 68| EBC | Kanu | MLA Contestant

-Jansuraaj State Executive Member
-BSP State Secretary EBC Cell (2002)
-JDU State Secretary EBC Cell (2011- 15)
-MLA Contested on BSP ticket Got 15000 Votes ( 2000)
-ZP Runner Up got 3800 votes ( 2011)
"
Sahabad,Rohtas,34. Sasaram (SC),208. Sasaram,Sasaram,Sasaram_16,Unreserved (Mahila),Laxman Ram,9431843804.0,SC,Chamaar,55.0,"Laxman Ram | Male | 55 | SC | Chamar 

- Two term Former Mukhiya (2011,2006)
- ZP runner up got 4500 vote. (2021)
- 2nd  Mukhiya Runner Up on General Seat (2016)
- Active member of BJP (Till 2021)
"
Sahabad,Rohtas,35. Karakat,211. Nokha,Nokha,Nokha_17,Unreserved (Other),Baljeet Kumar Singh Yadav,7079793790.0,OBC,yadav,,
Sahabad,Rohtas,35. Karakat,211. Nokha,Nokha,Nokha_17,Unreserved (Other),Krishna Murari Mishra,8340745166.0,General,Brahmin,40.0,"-Incumbent ZP 2021
-Currently in JS (Joined JS in 2024)
-JS Vidhansabha Prabhari 2025 Nokha AC and Probable ACC
"
Sahabad,Rohtas,35. Karakat,211. Nokha,Nokha,Nokha_18,Unreserved (Other),Sikandra Kumar,8340518491.0,EBC,Nonia,30.0,"-Defecto PACS Adhyaksh 2014 till now 
- He is a famous YouTuber
-First Time Candidate in 2026"
Sahabad,Rohtas,35. Karakat,211. Nokha,Nokha,Nokha_18,Unreserved (Other),Vishal Kumar,9136194132.0,General,Rajput,32.0,"Persuing Ph.D. in Public Administration from Veer Kumbar Singh University.
Runner up at 2021 ZP election. 
Contractor and owns a private limited company(Sevarth Security Services and Managment Private Limited)
co-convenor in Delhi Pradesh Assembly Election
Pradesh Sah Prabhari BJYM in Chattisgarh"
Sahabad,Rohtas,35. Karakat,213. Karakat,Sanjhouli,Sanjhouli_19,Unreserved (Other),Surendra Singh Yadav,8540040421.0,OBC,Yadav,51.0,"-ZP contestant in 2021 (3666 votes, 3rd Position)"
Sahabad,Rohtas,35. Karakat,213. Karakat,Sanjhouli,Sanjhouli_19,Unreserved (Other),Anil Kumar,7909026044.0,SC,Ravidas,52.0,-ZP contested in 2021 and secured 3066 votes (4th Position)
Sahabad,Rohtas,35. Karakat,213. Karakat,Bikramganj,Bikramganj_20,Unreserved (Other),Prabhash Chandra Singh,7352308320.0,General,Rajput,45.0,"""Incumbent Zila Parshad
secured 11000 votes, won by more than 1000 votes.
Runner up in 2016 ZP election buy 1500 votes.
Joined JS in 2024"""
Sahabad,Rohtas,35. Karakat,213. Karakat,Bikramganj,Bikramganj_20,Unreserved (Other),Abhishek Kumar,8789230904.0,General,Brahmin,28.0,"-ZP Contest 2021 (2999 votes, 3rd Position)"
Sahabad,Rohtas,35. Karakat,213. Karakat,Bikramganj,Bikramganj_20,Unreserved (Other),Ritesh Ranjan Tiwari,7011902577.0,General,Brahmin,32.0,"--ZP Contest 2021 (4th Position, 2770 votes)
-Currently in the LJP District Vice President"
Sahabad,Rohtas,35. Karakat,213. Karakat,Bikramganj,Bikramganj_20,Unreserved (Other),Chandan Kumar,6205905536.0,General,Brahmin,32.0,"Chandan Kumar | Male | 32 | General | Brahmin | ZP Contestant

-Former ZP Contestant, 2021, got 14581 votes
-Father Deomuni Mishra Contested Loksabha, Bikramganj  in 1992, Independent, Got 311 Votes
-Teacher at a Private School."
Sahabad,Rohtas,35. Karakat,213. Karakat,Bikramganj,Bikramganj_21,Unreserved (Other),Pinky Kumari / Bablu Kumar,7463996181.0,SC,Paswan,42.0,"-ZP Contest 2021 (3706 Votes, 4th Position)
-ZP Contest 2016 (lost by 500 votes)
-Presently Member of CPI ML (Former District Committee Member)
-Former RYA inqlab Sabha Rohtas Head"
Sahabad,Rohtas,35. Karakat,213. Karakat,Bikramganj,Bikramganj_21,Unreserved (Other),Asha Devi / Umesh Yadav,7488105365.0,OBC,Yadav,36.0,"-ZP Contest 2021, Secured 3304 Votes (4th Position)
-Presently independent"
Sahabad,Rohtas,35. Karakat,213. Karakat,Karakat,Karakat_22,Unreserved (Other),Alok Ashwarya (Alok Singh),8709348646.0,General,Rajput,35.0,"-Joined JS in 2024 (very active in the AC election for JS)
-Advocate by profession
- Social worker & RTI activist 
-Grandfather was a judge in the Patna High Court "
Sahabad,Rohtas,35. Karakat,213. Karakat,Karakat,Karakat_22,Unreserved (Other),Sudheer Kumar,9123184674.0,General,Rajput,31.0,"runner up in 2021 ZP election, secures 4th position.
Business of Transport.
also do sell and purchase of Old Vehicles.
also organises Cricket tournament all across Bihar"
Sahabad,Rohtas,35. Karakat,213. Karakat,Karakat,Karakat_23,Unreserved (Other),Brijesh kr Singh urf Raju Singh,9835087843.0,General,Rajput,59.0,"Former JDU Member. 
Runner Up At ZP election in 2021 by 150 votes.
Electronic Scooty and E-rickshaw showroom"
Sahabad,Rohtas,35. Karakat,213. Karakat,Karakat,Karakat_23,Unreserved (Other),Raghav Singh,9060298181.0,General,Rajput,27.0,"- BJP Prakhand Yuva President 
- 2021 BDC Runner Up Got -245 Votes 
Brother fought ZP election in 2021, 3rd runner up, got 4600 votes.
His dummy man is also Mukhiya
MBA from Amity University
"
Sahabad,Rohtas,35. Karakat,213. Karakat,Karakat,Karakat_24,Unreserved (Other),Ritesh kumar Singh,9934896598.0,General,Rajput,44.0,"-Incumbent ZP 2021
-Veterinary Doctor by Profession"
Sahabad,Rohtas,35. Karakat,213. Karakat,Karakat,Karakat_24,Unreserved (Other),Sarbjit Kumar,8863812589.0,OBC,Yadav,37.0,"Former ZIla Parishad in 2011.
member of BJP 2012-13
Her wife also fought the last ZP election from Nasriganj Seat securing 3500 votes.
he lost last ZP election."
Sahabad,Rohtas,35. Karakat,213. Karakat,Karakat,Karakat_24,Unreserved (Other),Roshan kumar Singh,+917004905783,,,,"Privet Job
Grandfather was a ZP winner from 2001 to 2021; he won't be competing anymore—someone else from the family will take his place."
Sahabad,Rohtas,35. Karakat,211. Nokha,Nasriganj,Nasriganj_25,Unreserved (Mahila),Kaanti Devi/ Mahesh Chaudhary,7033655060.0,SC,Pasi,51/47,"BDC 2006-16
2016 ZP Runner up
2021 ZP Runner up
Prakhand Adhyaksh LJP 1994-2025
 Sachiv of AS College Student Union Vikramganj. "
Sahabad,Rohtas,35. Karakat,211. Nokha,Nasriganj,Nasriganj_25,Unreserved (Mahila),Seema Devi/Amit Kumar,9572287294.0,OBC,Yadav,41/38,"Runner up at 2021 ZP election.
his Uncle was Vaypar Mandal Adhyaksh.( Chandra Deep Singh)"
Sahabad,Rohtas,35. Karakat,211. Nokha,Nasriganj,Nasriganj_26,Unreserved (Mahila),Rita Kumari,8863812589.0,OBC,Yadav,34.0,"her husband is a former ZP in 2011.
Runner up at 2021 ZP election."
Sahabad,Rohtas,33. Buxar,202. Rajpur,Rajpur,Rajpur_27,Unreserved (Other),Ajay Kumar Dubey,9006095862.0,General,Brahmin,45.0,"-Two Times ZP Contested 
-2021, 4th Position (2499 votes)
-2016 Lost by 100 votes (Runner-up)

-Presently in INC, but he wants to join JS"
Sahabad,Rohtas,33. Buxar,202. Rajpur,Rajpur,Rajpur_27,Unreserved (Other),Shri Hareram Paswan,8252405673.0,SC,Pasi,40.0,he is present committe member of panchayat samiti sadasya
Sahabad,Rohtas,35. Karakat,212. Dehri,Akorhigola,Akorhigola_28,Unreserved (Mahila),Sanjay Singh,8539018079.0,General,Rajput,55.0,"Fought Mukhiya Election in 2001.(lost)
Fought MLA Electio independently from Dehri in 2010
Social Worker.
Double MA from BHU"
Sahabad,Rohtas,35. Karakat,212. Dehri,Dehri,Dehri_29,SC (Other),Anil Kumar Vishwash,8789338012.0,SC,Paswan,45.0,-ZP runner-up in 2021 and secured 11847 votes
Sahabad,Rohtas,35. Karakat,212. Dehri,Dehri,Dehri_29,SC (Other),Dr. Indreshwar Kumar/ Ranju Devi,9939765617.0,SC,Chamar,54.0,"His wife Ranju Devi was chairperson Zila Parishad from 2011-16.
Has done Ph.D from Patna University.
NSUI Presdient of Patna University during his college time.
owns a gas agency.
"
Sahabad,Rohtas,35. Karakat,212. Dehri,Dehri,Dehri_29,SC (Other),Vinit kumar,917082153046.0,OBC ,Yadav ,32.0,
Sahabad,Rohtas,35. Karakat,212. Dehri,Dehri,Dehri_29,SC (Other),Sindhu Kumari,7633829470.0,EBC,Chandravanshi,35.0,"Sindhu Kumari | 34 |EBC(Kahar) 
Contested Ward Election (2021, 1st Runner-up)
Graduate in History, RK Singh College
PGDCA – Magla University, Delhi
Diploma in Library SCience – Subharti University, Delhi
Prakhand Coordinator, KYP (2020–2023)
Panchayat Prerak, Adult Education (2011–2018)
Worked in Survey Project (TB Awareness)
ICT Instructor, Rama Rani +2 (Dec 2023–Jun 2024)"
Sahabad,Rohtas,35. Karakat,212. Dehri,Dehri,Dehri_30,Unreserved (Other),Dhananjay Kumar Singh,9934238967.0,OBC,Yadav,45.0,"-Incumbent PACS President 2021
-ZP Runner up 2021
-Former ZP 2016-21
-Wife Former ZP 2011-16
-Presently in JS (Joined in 2025)"
Sahabad,Rohtas,35. Karakat,212. Dehri,Dehri,Dehri_30,Unreserved (Other),डॉ शैलेश कुमार सागर,917070066396.0,SC,Rajwar,46.0,
Sahabad,Rohtas,35. Karakat,212. Dehri,Dehri,Dehri_30,Unreserved (Other),Jaya Kumar Singh,9199900788.0,General,Rajput,,"His wife Mrs Anuradha Devi is Mukhiya from Rasoolpur Panchayat
Financially & Publically Bold"
Sahabad,Rohtas,34. Sasaram (SC),208. Sasaram,Tilouthu,Tilouthu_31,Backward Class (Mahila),Shri Shyamlal Paswan,9546114018.0,SC,pasi,69.0,"Mukhiya (2006-11)
Dianara Prakhand Mukhiya Sangh Adhyaksh(2006-11)
Matasya Adhyaksh(from last 10 years)
also fought MLC election in 2010 "
Sahabad,Rohtas,34. Sasaram (SC),208. Sasaram,Tilouthu,Tilouthu_31,Backward Class (Mahila),Kumar Ravi Ranjan,9934060241.0,General,Rajput ,50.0,"Kumar Ravi Ranjan | Male | 50 | General | Rajput
- Incumbent PACS Adhyaksh (2021- present)
- Largest Katla Fish producer of the district.
- Founder of 'Panchvan Vikas Morcha', 2012
- Filed more than 100 RTI till date"
Sahabad,Rohtas,34. Sasaram (SC),208. Sasaram,Tilouthu,Tilouthu_31,Backward Class (Mahila),Doma Sah,9939490822.0,EBC,Teli,70.0,"Doma Sah | Male | 65 | EBC | Teli

- Incumbent Defacto ZP (2021)
- First ZP Runner Up (2016)
- Grandfather was Mukhiya (1978 to 2001)"
Sahabad,Rohtas,34. Sasaram (SC),208. Sasaram,Tilouthu,Tilouthu_31,Backward Class (Mahila),Archana Kumari,9006052568.0,EBC,Teli,39.0,"Archana Kumari | Female | 39 | EBC | Tanti | Former Mukhiya

-Former Mukhiya, 2016 To 2021
-Former Mukhiya Contestant, 2021, Got 1056 Votes, Runner Up
-Former Defacto Mukhiya Contestant, 2006 & 2011
-Social Worker"
Sahabad,Rohtas,34. Sasaram (SC),207. Chenari,Rohtas,Rohtas_32,Backward Class (Mahila),Balram Singh,7979994576.0,General,Rajput,48.0,"-Brother PACS President 2024
-Former PACS President Contest 2019
-Wants to contest for the first time in ZP in 2026 

-Currently in JS (Probable Prakhand Adyaksh)
-Joined JS in 2023
-Former BJP Mandal Mahamantri 2011-2016"
Sahabad,Rohtas,34. Sasaram (SC),207. Chenari,Rohtas,Rohtas_32,Backward Class (Mahila),Sanoj Kumar Singh,8651492864.0,EBC,Chandravanshi,34.0,"Sanoj Kumar Singh| Male | 35 | Male | EBC | Chandravanshi Incumbent defacto ZP (Wife - Kanchan Singh)(2021-Till Now).
 - Ex ZP contestent 2016
 - Ex Sarpanch (2011-16).
 Independent Lok Sabha nomination 2024- Karakat seat- nomination rejected."
Sahabad,Rohtas,34. Sasaram (SC),207. Chenari,Rohtas,Rohtas_32,Backward Class (Mahila),Ram Lakhan Paswan,9934411699.0,SC,Dusadh,56.0,"Ram Lakhan Paswan | 56 | Male | SC | Dusadh
 - Former ZP (2011-16) - District committee member CPI (ML)(2009-24)
 - Prakhand Sachiv Rohtas CPI (ML) 2014-19
 - Patthar Katti Sangh Zila Sachiv (1999-2004) - Labour Union leader Rihand Project- 19"
Sahabad,Rohtas,34. Sasaram (SC),207. Chenari,Rohtas,Rohtas_32,Backward Class (Mahila),Vijay Bahadur,9507998257.0,SC,Ravidas,54.0,"Vijay Bahadur | Male | 53 | SC | Ravidas | ZP Contestant

-Former ZP Contestant, 2021, Runner Up
-Former BJP SC Cell Block President
-Social Worker"
Sahabad,Rohtas,Rohtas,Rohtas,Nauhatta,Nauhatta_33,SC (Other),Ram Prasad bind,9708824334.0,EBC,Bind,50.0,"-JSP Block Prabhari 2025
-Former ZP 2011-2016
-Former Mukhiya 2001-2006
-RJD former Zila Mahasachiv"
Sahabad,Rohtas,Rohtas,Rohtas,Nauhatta,Nauhatta_33,SC (Other),Ram Pravesh Paswan,9006644787.0,SC,Paswan,51.0,"Ram Pravesh Paswan | Male | 51 | SC | Paswan 

- Incumbent Block Sarpanch Sangh Adhyaksh
- Incumbent first term Sarpanch (2021-now) margin- 904 votes.
- Sansad Pratinidhi (Sasaram)
- ZP runner-up (2001-06)
-Son is in (IFS),Posted in Rajgir"
Sahabad,Rohtas,Rohtas,Rohtas,Nauhatta,Nauhatta_33,SC (Other),Shri Nagendra Prasad Patel,9546485720.0,,,,
Sahabad,Rohtas,Rohtas,Rohtas,Nauhatta,Nauhatta_33,SC (Other),Ganesh Paswan,9060797665.0,SC,Paswan,50.0,"Ganesh Paswan | 50 | Paswan | Male

- Contested for MLA election- Rashtra Sewa Dal- Chenari- 2020 secured 629 votes.
- Contested for ZP- Nawhatta seat- 2011 & 2021 secured 3000 votes both the time."
