Demography,,ZP Identification Snapshot,,,,,,,,,ZP Candidates Bifurcation ,,,Sangathan  Pool Snapshot ,,,,Zonal,,,,District,,,,,
Zone,District,Number of ZP Seats,Unique Candidates Identified  (Atleast One Candidates),Seats with 2 or more Candidates Identified,Seats with 3 or more Candidates Identified,Total Candidate Identified,Gap (Seat Wise Atleast One Candidates not Identified ),Gap (Seat Wise Two Candidates not Identified ),Gap - Three,% Candidate Identified ,Incumbent ZP,Sangathan Leaders ,Onboarded Last ZP,Total Sangathan Pool ,Total Connected ,Total Sangathan Leaders Interested ,Unique with Zp Area Name ,State Committee ( SWG / vice President ),Sangathan Zonals ,Frontal Zonal ,Total Zonals , District Sangathan Single PH ,DSC Members ,District Upadhyaksh ,District Sachiv ,Total District PH ,
Champaran,East Champaran,57,57,57,52,199,0,0,5,1,14,67,21,133,106,25,,0,7,,,3.0,10,2.0,2.0,17,
Champaran,Bagaha,15,15,15,10,47,0,0,5,1,4,21,8,114,78,18,,0,2,,,5.0,9,1.0,0.0,15,
Champaran,Bettiah,26,26,26,21,82,0,0,5,1,11,20,12,132,95,12,,0,3,,,3.0,6,0.0,1.0,10,
Saran,Saran,47,47,41,22,123,0,6,25,0.9361702128,14,42,27,144,127,42,,6,5,,,8.0,12,2.0,4.0,26,
Saran,Siwan,41,41,40,19,111,0,1,22,0.987804878,2,35,26,134,118,29,,2,5,,,12.0,7,2.0,1.0,22,
Saran,Gopalganj,33,33,32,29,106,0,1,4,0.9848484848,3,46,17,118,101,26,,1,5,,,6.0,5,3.0,5.0,19,
Sahabad,Buxar,20,20,19,16,88,0,1,4,0.975,6,19,2,28,24,8,,0,3,,,6.0,0,0.0,0.0,6,
Sahabad,Rohtas,33,33,31,22,104,0,2,11,0.9696969697,1,15,13,36,28,12,,4,7,,,9.0,0,0.0,0.0,9,
Sahabad,Kaimur (Bhabhua),19,19,19,16,78,0,0,3,1,4,12,11,25,22,12,,0,0,,,9.0,0,0.0,0.0,9,
Sahabad,Bhojpur,31,30,29,20,100,1,2,11,0.9516129032,1,14,9,32,28,4,,3,4,,,6.0,0,0.0,0.0,6,
Total,,322,321,309,227,1038,1,13,95,0.9805133449,60,291,146,896,727,188,0,16,41,0,0,67,49,10,13,139,
,,,,,546,,,,,,,,,,,,,,,,,,,,,,
