Probable ZP Candidates - Bhojpur,,,,,,,,,,,,
Zone,District,PC,AC,Block,ZP Seat Number,Seat Reservation Status,Probable ZP Candidate Name,Contact No,Category,Caste,Age,Brief Profile
Sahabad,Bhojpur,32. Arrah,198. Shahpur,Shahpur,Shahpur_1,Unreserved (Mahila),Shri Shyamnandan Ojha,9572075150.0,General,Brahmin,,"Shri Shyamnandan Ojha | Male | 65 | General | Brahmin | Salahkar Samiti

 ZP Contestant, 2021 — 4,900 votes
 Two-time De-facto ZP Runner-Up, Shahpur Paschimi
 Trustee, KOB College, Sahjouli
 Member, Rajya Karya Samiti, Bihar Madhyamik Shikshak Sangh, 2009–2015
 District Karya Samiti, Shikshak Sangh, 2000–2009
 Anumandal Sachiv, Shikshak Sangh, 1990–2000
 Block Sachiv, Madhyamik Shiksha Sangh, 1980–1990
 District Mahamantri, Youth Congress Committee, 1980s
Retired High School Teacher"
Sahabad,Bhojpur,32. Arrah,198. Shahpur,Shahpur,Shahpur_1,Unreserved (Mahila),Krishna Devi / Pramod Kumar Ojha,9955430605.0,General,Brahmin,40.0,"Krishna Devi | Female | 40 | General | Brahmin | Incumbent ZP Member

- Incumbent ZP Member, 2021: Secured 6,544 votes
- Former ZP Member, 2016 : Secured 3,369 votes
- BJP District Committee Member
- Husband: Pramod Kumar Ojha
"
Sahabad,Bhojpur,32. Arrah,198. Shahpur,Shahpur,Shahpur_1,Unreserved (Mahila),Kavita Mishra / Vinay Mishra,8825173391.0,General,Brahmin,40.0,"Kavita Mishra | Female | 40 | General | Brahmin | ZP Runner-Up

- ZP Runner-Up, 2021: Secured 2,241 votes
- Retired from CRPF
- Husband: Vinay Mishra
"
Sahabad,Bhojpur,32. Arrah,198. Shahpur,Shahpur,Shahpur_1,Unreserved (Mahila),Sarita Ojhaa / Praveen Kumar Ojha,7739367166/7759853146,General,Brahmin,45.0,"Sarita Ojhaa | Female | 45 | General | Brahmin | ZP Contestant

 ZP Contestant, 2021: Secured 4,900 votes, 3rd Position
 Associated with Jan Suraaj (JS)
Husband: Praveen Kumar Ojha
"
Sahabad,Bhojpur,32. Arrah,198. Shahpur,Shahpur,Shahpur_2,Unreserved (Mahila),"Kiran Tiwari  
Pankaj Tiwari (Dever)",9304232026.0,General,Brahmin,35.0,"Kiran Tiwari | Female | 35 | General | Brahmin | ZP Runner-Up

- ZP Runner-Up, 2021: Secured 8,172 votes
- Independent (not associated with any party)
- Dever: Pankaj Tiwari
"
Sahabad,Bhojpur,32. Arrah,198. Shahpur,Shahpur,Shahpur_2,Unreserved (Mahila),"Baby Tripathi
Saroj Tripathi",7004793716.0,General,Brahmin,35.0,"Baby Tripathi | Female | 35 | General | Brahmin | ZP Contestant

- ZP Contestant, 2021: Secured 8,800 votes
- Social Worker
- Husband: Saroj Tripathi"
Sahabad,Bhojpur,32. Arrah,198. Shahpur,Shahpur,Shahpur_2,Unreserved (Mahila),"Meena Devi
Shivji Yadav",6200881447.0,OBC ,Yadav ,,"Four time ZP Member 2001, 2006, 2016, 2021
Incumbent Zp 2021-Onwards : Secured 8570 Votes
Former ZP 2016-21 : Secured 7709 Votes"
Sahabad,Bhojpur,32. Arrah,198. Shahpur,Shahpur,Shahpur_3,Unreserved (Other),Devakinandan Yadav,9801623431.0,OBC,Yadav,35.0,"-ZP Contest in 2021 (3757 votes, 4th position)
-First-time Candidate in 2021"
Sahabad,Bhojpur,32. Arrah,198. Shahpur,Shahpur,Shahpur_3,Unreserved (Other),Kaushal Kumar Singh,8578957501.0,General,Rajput,40.0,"-Former BJP Prakhand Mahamantri (2021-2024)
-Former ZP Runner up got 5943 votes in 2021
-Distributor of Seed and fertilizer in Bhojpur district"""
Sahabad,Bhojpur,32. Arrah,198. Shahpur,Shahpur,Shahpur_3,Unreserved (Other),Krisna Kumar Singh,9241157617.0,General,Rajput,38.0,"- Incumbent Defacto(Mother-Shushila Devi) ZP Member(2021)
-Father 2 Terms Mukhiya(2001 to 2011)
-Jan Suraaj Yuva Pradesh Mahasachiv
"""
Sahabad,Bhojpur,32. Arrah,198. Shahpur,Bihiya,Bihiya_4,Unreserved (Mahila),Rekha Devi / Kishun Kumar Yadav,9934624354.0,OBC,Yadav,40.0,"-ZP Contest 2021 (2404 Votes, 4th Position)
-Presently in the JJD District President 2025"
Sahabad,Bhojpur,32. Arrah,198. Shahpur,Bihiya,Bihiya_4,Unreserved (Mahila),Nidhi Ojha,9473081598.0,General,Brahmin,,
Sahabad,Bhojpur,32. Arrah,198. Shahpur,Bihiya,Bihiya_4,Unreserved (Mahila),Nand Kumar Ojha,7004170080.0,General,Brahmin,58.0,"""-Ex-ZP (2011-16) - 2 term PACS President (1998-2004)
 -ZP Runner-up(2021) 6700 votes
 - Agricultural allied business"""
Sahabad,Bhojpur,32. Arrah,198. Shahpur,Bihiya,Bihiya_4,Unreserved (Mahila),Chandan Thakur,+917070639659,OBC ,Nai ,26.0,Social Worker 
Sahabad,Bhojpur,32. Arrah,198. Shahpur,Bihiya,Bihiya_4,Unreserved (Mahila),Utpal None,919523491385.0,General,Brahmin,40.0,"-Contrator
-Engineer"
Sahabad,Bhojpur,32. Arrah,198. Shahpur,Bihiya,Bihiya_5,SC (Other),Paras Yadav,8809552477.0,OBC ,Yadav ,60.0,"Current profile - he is a Zila Parishad  Contestant from area no 5 in Behea block.

Socio Political - He did his matriculation. he aligned with CPI ML. In 2006 he contested for ZP, 1100 votes secured, 3rd position. In 2011 he contested for ZP, 1200 votes secured, 3rd position

Community Impact - He stayed Osai Panchayat. He was retired Army from the post of Nayak Subedar. Good vote bank in Behea block.

Financial - He is a retired Army.

Criminal Activities - NA

"""
Sahabad,Bhojpur,32. Arrah,198. Shahpur,Bihiya,Bihiya_5,SC (Other),Vinay Sharma,7091649565.0,EBC ,Nai,,
Sahabad,Bhojpur,32. Arrah,197. Jagdishpur,Jagdishpur,Jagdishpur_6,Backward Class (Others),Narender Pratap Singh,8986142865.0,OBC,Yadav ,40.0,"""Contestent Independent M.L.A election from Jagdispur(2020)
- Up-Mukhiya 2016-21 
- Incumbent Ward Sangh Adhyaksh of Bhojpur District : 2016- Onwards"""
Sahabad,Bhojpur,32. Arrah,197. Jagdishpur,Jagdishpur,Jagdishpur_6,Backward Class (Others),Maya Kumari,8252197753.0,OBC,Yadav ,38.0,"-Teacher
-Business"
Sahabad,Bhojpur,32. Arrah,197. Jagdishpur,Jagdishpur,Jagdishpur_6,Backward Class (Others),Mohammad Rahimuddin Warsi,8873951766.0,Minority,Muslim,60.0,"Secured : 3460
- JDU Minority Cell State Vice President "
Sahabad,Bhojpur,32. Arrah,197. Jagdishpur,Jagdishpur,Jagdishpur_7,Unreserved (Mahila),Hirajharo Devi,9939899453.0,,,,
Sahabad,Bhojpur,32. Arrah,197. Jagdishpur,Jagdishpur,Jagdishpur_7,Unreserved (Mahila),Krishna Kumar,8709514862.0,EBC,TELI,40.0,"Krishna Kumar| Male | 40| EBC | Teli
- 2 term Incumbent defacto BDC (2021-till now)
-Businessman (Refined oil distributor)"
Sahabad,Bhojpur,32. Arrah,197. Jagdishpur,Jagdishpur,Jagdishpur_7,Unreserved (Mahila),Nandji Singh,9341484249.0,OBC,Yadav,62.0,"Nandji Singh | Male | 62| OBC| Yadav
- Former CPI(ML) District Secretary (1990 to 1995)
Ex Zila Parishad Vice Chairman(2006 to 2008)
Ex Zila Parishad 2006 to 2011
Ex RJD District Pradhan Mahasachiv(2004 to 2007)
Member of Shanti Shamiti "
Sahabad,Bhojpur,32. Arrah,197. Jagdishpur,Jagdishpur,Jagdishpur_8,Backward Class (Others),"Aashaa Kumari
Virendra Samarat ",7004572942.0,OBC ,Yadav,52.0,"- ZP Runner Up 2021: Secured 3000 Vote
- Mukhiya Runner Up  
- Runs a Hospital named Samarat Hospital 
- Education - BMS "
Sahabad,Bhojpur,32. Arrah,197. Jagdishpur,Jagdishpur,Jagdishpur_8,Backward Class (Others),Nagarseth Kumar Singh,9110126522.0,EBC,Chandravanshi,46.0,"2021 ZP Runner Up Secured 4653
2016 Mukhiya Runner Up
Former JDU EBC Prakhand Adhyash "
Sahabad,Bhojpur,32. Arrah,197. Jagdishpur,Jagdishpur,Jagdishpur_8,Backward Class (Others),Amit Choubey,7761880338.0,General ,Brahmin,42.0,"Amit Choubey| Male | 42 | General | Brahmin 

- Zila Prabhari AAP 2015-2021
-Actively involved in District Politics"
Sahabad,Bhojpur,32. Arrah,195. Agiaon,Garhani,Garhani_9,Unreserved (Mahila),Rajkumari Devi,7319654841.0,EBC ,Kumhara ,49.0,"
- Ex ZP from Garhani Block in 2009 by-election 
- ZP Runner up from Garhani Block in 2016
- RLSP Zila Mahila Adhyaksh (2014-2017)
- JDU Zila Sacheev (2006-2012)"
Sahabad,Bhojpur,32. Arrah,195. Agiaon,Garhani,Garhani_9,Unreserved (Mahila),Vimal Singh,919955133357.0,OBC ,Yadav ,34.0,"-Former Prakhand Pramukh (2021-May 2024)
- Incumbent BDC (2021-till now)
-Owns a poultry farm."
Sahabad,Bhojpur,32. Arrah,195. Agiaon,Charpokhari,Charpokhari_10,SC (Mahila),Shri Kamleshwar Mishra,8789593736.0,General,Brahmin,,"-Former Mukhiya 2011-2011, Koyal Panchayat
- Former PACS 2009"
Sahabad,Bhojpur,32. Arrah,195. Agiaon,Charpokhari,Charpokhari_10,SC (Mahila),Sweety Mishra ,9155217543.0,General,Brahmin,,"
- Incumbent PACS member -Former seceratory of student union in 2005 at Jag Jivan College Ara
-Her sister in law was former ward sadasya from Nagri panchayat"
Sahabad,Bhojpur,32. Arrah,195. Agiaon,Charpokhari,Charpokhari_10,SC (Mahila),Bishnu shanker पाण्डेय,+919835250562,General,Brahmin,57.0,"-Senior Advocate
-Ex Sarpanch"
Sahabad,Bhojpur,32. Arrah,194. Arrah,Piro,Piro_11,Unreserved (Mahila),"Shoshila Devi 
 Munna Ram ",8579911578.0,SC,Ravidas,48.0,"ZP Contested in 2021 got 2694 Votes
Former Mukhiya 2016
CPI ML Prakhand Sachiv "
Sahabad,Bhojpur,32. Arrah,194. Arrah,Piro,Piro_11,Unreserved (Mahila),Bevi Devi / Sunil Singh,6200782854.0,General,Rajput,43.0,"Former ZP 2016-21
ZP Runner Up 2021 Secured 7178 
- Former Defacto Mukhiya  2011-16
Former JDU Dist Vice President 2022-2025
Incumbent 20 Sutri"
Sahabad,Bhojpur,32. Arrah,194. Arrah,Piro,Piro_11,Unreserved (Mahila),Arvind Singh,8709041613.0,General,Rajput,48.0,"Current Profile- He is Incumbent PACs President from Tar Panchayat (2009- till now).
Socio-political- Has an educational background of Graduation. He is three times PACS President from Tar Panchayat. He first time contested for the PACS President election in 2009 and won it. He again contested and won the PACS president both in 2014 and 2019 respectively. His father Late, Baleswar Rai was Mukhiya from Tar Gram panchayat for 23 years from 1978 to 2000, and again from 2001 to 2003. His sister-in-law Baby Devi was Mukhiya from 2006-2016 and ZP from 2016-2021.
Financial Activity-He is a landlord owning land and runs poultry farm.
Area Impact: He comes from a very respectable family and has a hold at the block level politics."
Sahabad,Bhojpur,32. Arrah,194. Arrah,Piro,Piro_11,Unreserved (Mahila),Upendar Rahi Choudhary,6299664133.0,EBC,Mallah,46.0,"Upendar Rahi Choudhary | EBC | Mallah | 46 | EX Zila Parishad | 9155340359 

- Ex ZP 2011-16; 14,000 votes. 
  -LJP Prakhand adhiyaksha then LJP Zila Upadhiyaksh in 2008, 
-LJP Zila adhiyaksh in (2013-2018) (Youth Wing).
-Organize state level (cricket,volleyball and football) tournaments and matches.
- Own a big fish farm in Sandesh Block
"
Sahabad,Bhojpur,32. Arrah,194. Arrah,Piro,Piro_12,Unreserved (Mahila),Sarita Devi / Munna Paswan,8809245320.0,SC,Paswan,45.0,"ZP Runner Up 2021: Secured 1196
- Former Defacto mukhiya 2006-11
-associated with JS
- BSC Member 

"
Sahabad,Bhojpur,32. Arrah,194. Arrah,Piro,Piro_12,Unreserved (Mahila),Madan Singh,9006636891.0,OBC,Yadav,54.0,"1. - Current profile:- Defacto ZP Runner Up Zone No. - 12 & Ex ZP
 2. -Socio-political Brief:- He first contested election of Mukhiya in 2011 from  Kothua Panchayat & was 1st runnerup. Again in 2016, his wife Asha Devi contested election of Z.P. from Zone No. - 12 & won the same. In 2021 again his wife contested for Z.P. from Zone No. - 12 & was 1st Runner up. He was also R.J.D. Block Chairperson from 2009-11. He is also Election In-charge of RJD Tarari Assembly. Also having own land property at HasanBazar on which he is running RJD office.
3. -Educational profile:- Inter
 4. -Financial strength:- Strong
5. -Crime history:-nil
 6. -Area/community influence:- District"
Sahabad,Bhojpur,32. Arrah,194. Arrah,Piro,Piro_13,Backward Class (Mahila),"Manmati Devi / Ram Sanjiwan Chaudhary
(Sasur)",9507228792.0,EBC,Nonia,61.0,"Current Profile: He is Zila Parishad 2nd runner up from area no. 13
Socio-political: He has educational background of BA. He first time contested for BDC election from Katar panchayat in 2001 and won the same. Then, he contested for Mukhiya election from Katar panchayat in 2006. He then contested for PACS election in 2009 & won the same. In 2016, her daughter in law Manmati Devi contested for Zila Parishad but she lost it. In 2021, she contested again for zila parishad and came as 2nd runner up with total 6987 votes. He has good political acumen and greatly respected in his community.
Financial Activity: He is small businessman and farmer. 
Area Impact: He has hold at the block level and very respectable person in whole block.
"
Sahabad,Bhojpur,32. Arrah,194. Arrah,Piro,Piro_13,Backward Class (Mahila),Shiv Sagar Kushwaha,9708875287.0,Piro,,,"Shiv Sagar Singh | 61 | Male | OBC | Kushwaha

- District President of Ward Sangh, Bhojpur (2016- Present)
-Former District Secretary at Koiri Mahasangh
-Up Mukhiya (2016-Present)
 - AIINA NEWS - Editorial board (2018-2023)"
Sahabad,Bhojpur,32. Arrah,196. Tarari,Tarari,Tarari_14,Unreserved (Other),Reeta Devi / Sanjay Kumar Sharma,9308834034.0,General,Bhumihar,50.0,"-ZP Contest 2021 (3158 Votes, 3rd Position)
-ZP Contest 2016
-Currently in JDU (Advisory Committee)"
Sahabad,Bhojpur,32. Arrah,196. Tarari,Tarari,Tarari_14,Unreserved (Other),Kunwar Bahadur Singh,9572166621.0,General,Rajput,62.0,"Kunwar Bahadur Singh | Male| 63| GEN| Rajput
- Incumbent Sarpanch (2021-till now) 
- Ex-BDC (2011-2016).  
- ZP Runner-Up, 2016  "
Sahabad,Bhojpur,32. Arrah,196. Tarari,Tarari,Tarari_14,Unreserved (Other),Satyanarayan Shah,9801404641.0,OBC ,Teli,56.0,"
Current Profile- He is a Social worker from Jethwar panchayat. 

Socio-Political- In 1989, he started local politics with Janata Dal. He contested the BDC election for the first time in 2001(Defacto) which he won. In 2016, he contested the Mukhiya election in which he was runner-up. In 2021, he contested the Mukhiya election in which he got 420 votes and stood 4th. He was RJD Block General Secretary from 2013 to 2016. He was RJD Block President from 2016 to 2019. He is preparing to contest the ZP election.

Education Profile- He has graduated from Jain College Ara. 

Financial strength- He is economically average and does farming. 


Crime History- NA 

Area/Community Influence- He has a good hold in the Vaishya community at the block level."
Sahabad,Bhojpur,32. Arrah,196. Tarari,Tarari,Tarari_14,Unreserved (Other),Dadan Paswan,7256995332.0,SC,Dushad ,45.0,"Current Profile- He is a political activist from Bihta Panchayat. 

Socio-Political- He is associated with CPI-ML. He contested the ZP election from West in 2011 in which he got 3700 votes and lost by 137 votes. His economic condition is average. 

Financial strength- He does farming and is involved in the sand business. 

Crime History- A murder case is going on against him. 

Education Profile- He is literate. 

Area/ Community influence- He has influence on the lower castes even outside the Panchayat."
Sahabad,Bhojpur,32. Arrah,196. Tarari,Tarari,Tarari_14,Unreserved (Other),Anand ji singh Yadav,7488547001.0,OBC ,Yadav ,54.0,"Anand Singh Yadav | Male | 54 | OBC | Yadav

-RJD block president 1995-2013
-2001 Mukhiya Runnerup"
Sahabad,Bhojpur,32. Arrah,196. Tarari,Tarari,Tarari_15,Unreserved (Other),Jamaluddin Ansari,6299899632.0,Minority,Muslim,52.0,"-ZP Contest 2021 (4071 Votes, 4th Position)
- 
-CPI ML State Committee Member 2018- onwards
- Trari prakhand Akhil bhartiya kisan mahasabha secretry 
- Zila Vice- secretary "
Sahabad,Bhojpur,32. Arrah,196. Tarari,Tarari,Tarari_15,Unreserved (Other),Shyam Bihari Ram,8651726742.0,SC,Dushad,51.0,"- 3 term Incumbent Sarpanch (2011-till now).
- LJP Kisan Prakosht Block Adhyaksh (2016-2019).
- Contested ZP election, 2011 "
Sahabad,Bhojpur,32. Arrah,196. Tarari,Tarari,Tarari_15,Unreserved (Other),Ajit Yadav,9508605276.0,OBC ,Yadav ,40.0,"Ajit Yadav | male | 40 | OBC | Yadav |
- former defecto ZP 
- former RJD DSC member 
land lord "
Sahabad,Bhojpur,32. Arrah,196. Tarari,Tarari,Tarari_16,Unreserved (Other),Rajendra Rai,8709019228.0,General,,,
Sahabad,Bhojpur,32. Arrah,196. Tarari,Sahar,Sahar_17,Unreserved (Other),"Vimal kishore
Mawaur",7903862145.0,General,Bhumihar,44.0,"1.Current Profile:  Ex De facto Pramukh from Sahar Block and  ZP Runner up seat no 17.


2.Socio Political: His mother contested the BDC election in 2016 and emerged victorious. In 2018, he contested the Pramukh election following a motion of no confidence against the incumbent Pramukh, and he won. He contested the ZP election twice, in 2016 and 2021, but unfortunately, he lost both times. In the 2021 ZP election, he secured 5026 votes, securing the second position.

3.Educational :Graduation 

4.Financial Strenght : He runs a medical and stationery shop in Sahar market.

5.Area Cummunity Influence: Panchayat and Block| 

6.Criminal Case (If Any):NA

7.Reason For Recomendation:He is a very active leader at the block level and is highly popular among all communities in the block."
Sahabad,Bhojpur,32. Arrah,196. Tarari,Sahar,Sahar_17,Unreserved (Other),Ritesh kumar,918676042928.0,General,Bhumihar,32.0,"- Worked in Tarari Bypoll
- Former BJP Yuva Morcha Ahdyaksh 2009-12
- BJP Yuva Prakhad Morcha 2013-17
- RK SIngh Pratinidhi Sahar Block 
"
Sahabad,Bhojpur,32. Arrah,196. Tarari,Sahar,Sahar_18,Unreserved (Other),Meena Kumari / Ghanshyam ,"9572010262/
9709696118",General,Bhumihar,56.0,"
Ghanshyam Roy | Male | 56 | General | Bhumihar | Defacto ZP 

-Incumbent ZP Member (2021 to till Date)
-Former ZP Member(2011 To 2016)
-Former ZP Contestant(2001), Got 5600 Votes
-Former BJP Sanyajok ZP Prakosht(2020 To 2023)
-Former BJP Member(2000 to 2024)
-Jan Suraaj State Core Committee Member"
Sahabad,Bhojpur,32. Arrah,196. Tarari,Sahar,Sahar_18,Unreserved (Other),Mahendra Prasad,9708841380.0,EBC ,Teli,51.0,"1.Current Profile : He is an  Incumbent Mukhiya and Ex de-facto ZP

2.Socio Political Brief : He has been involved in politics since 1990.
-His wife contested and won the Zila Parishad election in Sahar in 2006.
-He  contested  Mukhiya  Election 2021 and won 
-In 1994, he served as the Janta Dal Yuva president of Bhojpur.
-In 1998, he was the block spokesperson of the Rashtriya Janata Dal (RJD).

3.Educational Background: He holds a graduate degree from Magadh University, Patna.

4.Financial Strenght :His financial strength is considered average, as he owns a hardware shop located at Khera Chowk.

5.Area Cummunity Influence: Panchayat and as well as Block| his influenced on Teli community as well as 

6.Criminal Case (If Any):NIL

7.Reason for Recommendation: Although he currently aligns with RJD as a block spokesperson, he expresses a keen interest in supporting Jan Suraaj to the best of his ability."
Sahabad,Bhojpur,32. Arrah,196. Tarari,Sahar,Sahar_18,Unreserved (Other),Deepak kumar,7667040551.0,General,Bhumihar,36.0,"1.CURRENT PROFILE :  He is de facto Runner-up BDC of Baruhi  Panchyat 
                                                                                                                                                                                                                                                                                                                      2.SOCIO POLITICAL : He has been active in politics since 2011. He contested the election in 2021 as a BDC and secured 636 votes, placing in the second position. In 2016, he contested the ZP election and received 3800 votes, being defeated by only 250 votes. In 2011, he also contested the BDC election and was the runner-up at that time. .

3. EDUCATION :Intermediate 
                                                                                                                                                                                                                                                                                                                                                   4.FINANCIAL STRENGTH : He is involve in sand mining business.
                                                                                                                                                                                                                                                                                                                                                                                                                                                                                                                                                                                                                                    5.CRIMINAL CASE :  NA

6. REASON FOR RECOMENDATION- He is interested in jan suraaj and interested to meet Pk."
Sahabad,Bhojpur,32. Arrah,196. Tarari,Sahar,Sahar_18,Unreserved (Other),Satish Sharma,9708000924.0,OBC ,Badhai,38.0,"1. CURRENT PROFILE: He is an Ex-Mukhiya of Perhap Panchayat and Director of Krishna Global School.

 2. SOCIO-POLITICAL BRIEF:He has been active in politics since2011. He contested the election for Mukhiya in 2016 and he won the election after that he contested for ZP in 2021 and he secured 3700 votes.He was PACS member in 2014. He is running  a Krishna Global School.

3. HIGHEST EDUCATION: Graduation
4.FINANCIAL STRENGTH :Good

 6. AREA OF INFLUENCE- 
 7. REASON FOR RECOMENDATION:He want to meet PK ."
Sahabad,Bhojpur,32. Arrah,195. Agiaon,Agiaon,Agiaon_19,Unreserved (Other),Anil Kumar Singh,9661401494 / 9135844554,OBC ,Yadav,50.0,"3 term ZP Runnerup (2011- 6700 votes)(2016 - 9400 votes)(2021- 11547 votes)
-Incumbent District Dairy Sangh Adgyaksh Ara
-Former Army Subedar
"
Sahabad,Bhojpur,32. Arrah,195. Agiaon,Agiaon,Agiaon_19,Unreserved (Other),Priyanka Kumari ,,,,,
Sahabad,Bhojpur,32. Arrah,195. Agiaon,Agiaon,Agiaon_20,Backward Class (Others),Vishnu Mohan,6201593120.0,EBC,Kahar,55.0,"Current profile:- He is Panchayat Sachiv Pawar 

2-Socio-political Brief:- He contested for BDC election in 2016 and won by 748 votes. He then contested for Zila Parishad election in 2021 and was 1st runner-up by receiving 9168 votes. He is an active commrade of CPI(ML) from 1989. He is Zila Khet Majdoor Sangathan member and he is also a Block Committee member.
 3-Educational profile:- He completed his matriculation in 1986.
 4-Financial strength:- (weak) He has a shoe shop and his children are involved in small business 
5-Crime history:-NA 
6-Area/community influence:-He has good influence in his block because he is associated with CPI(ML) from the past 25 years
 7-Reason for recommendation:- He is committed to CPI(ML) but he want his son to join Jan Suraj"""
Sahabad,Bhojpur,32. Arrah,195. Agiaon,Agiaon,Agiaon_20,Backward Class (Others),"Manju Kumari Gupta
Nandji Sah",9708106285.0,EBC ,Teli,57.0,"- Incumbent ZP (2016- till now)
- Jeevika CM. - Actively works for women's hygiene
- His husband is a government School teacher teaches 100 students as a tution teacher free of cost"
Sahabad,Bhojpur,32. Arrah,192. Sandesh,Udwantnagar,Udwantnagar_21,SC (Mahila),Rekha Kumari / Ritesh Kumar,7903149306.0,SC,Paswan,32.0,"-ZP Runner-Up 2021 got 6259 votes
-Co-owner (Sanchalak) of Jagriti Hospital, Ara 
-She organises free medical camps quarterly in Bhojpur district"
Sahabad,Bhojpur,32. Arrah,192. Sandesh,Udwantnagar,Udwantnagar_21,SC (Mahila),Devanti Devi / NandJi Kumar,6201156214.0,SC,Paswan,46.0,"-ZP Contest 2021
-ZP Contest 2016
-ZP Contest 2001

-Advocate in Civil Court Ara"
Sahabad,Bhojpur,32. Arrah,192. Sandesh,Udwantnagar,Udwantnagar_21,SC (Mahila),Saraswati Devi / Sanjay Paswan,9304303472.0,SC,Paswan,38.0,"-ZP Contest 2021
-ZP Contest 2016

-JS Member"
Sahabad,Bhojpur,32. Arrah,192. Sandesh,Udwantnagar,Udwantnagar_21,SC (Mahila),Langath Nath Pandey,8789049224.0,General,Brahmin,45.0,"-District Coordinator, Dost Education (2022–Present)
-State Master Trainer, ARC (2011–Present)
-Father contested MP (1984, 19,876 votes) & MLA (1985, 8,000 votes)
-District Program Coordinator, Going to SChool (Bihar Govt.), Bhojpur (2013–2016)
-Shahabad Regional Coordinator, PHAI Foundation (2018)"
Sahabad,Bhojpur,32. Arrah,192. Sandesh,Udwantnagar,Udwantnagar_21,SC (Mahila),Pratirodh Kumar,8340737504.0,SC,Ravidas,35.0,"Pratirodh Kumar | Male | 35 | SC | Ravidas
- Block Pramukh Runner-up, 2021 (Toss)
- Incumbent BDC (2021-till now)
- His father was an Ex-ZP (2001-2006)
- Freedom Employability Facilitator (NGO)
-Runs free computer training centres in Udwantnagar and Ara."
Sahabad,Bhojpur,32. Arrah,192. Sandesh,Udwantnagar,Udwantnagar_22,SC (Other),Ajay Kumar,9934900517.0,,,,
Sahabad,Bhojpur,32. Arrah,192. Sandesh,Udwantnagar,Udwantnagar_22,SC (Other),Mubarak Hussain,8709863891.0,Minority,Muslim,45.0,"-Former Zila parishad (2011-2016)
 -BJP Zila Adhyaksh Alpsankhyak Morcha (2012-2015)
 -Incumbent Sarpanch(2016 till date)
 -ZP Runner up 2006"
Sahabad,Bhojpur,32. Arrah,192. Sandesh,Udwantnagar,Udwantnagar_22,SC (Other),Radheshyam singh urf Shyam singh,+917542969750,General,Rajput,28.0,"-CONTRACTOR
-Business"
Sahabad,Bhojpur,32. Arrah,193. Barhara,Ara,Ara_23,Unreserved (Other),Harendra Tiwari,9334109975.0,General,Brahmin,41.0,"-ZP Contest 2021 (4000 votes)
-Associated with JS

-Thekedar"
Sahabad,Bhojpur,32. Arrah,193. Barhara,Ara,Ara_23,Unreserved (Other),Ritesh Kumar Singh,9162553889.0,,,,4900.0
Sahabad,Bhojpur,32. Arrah,193. Barhara,Ara,Ara_24,Unreserved (Mahila),Chote Pandey,9162904421.0,General,Brahmin,45.0,"Chote Pandey | 45 | Male  |General | Brahmin

- Incumbent Sarpanch Sangh Prakhand Sacheev for consecutive 2 terms 2016 till date 
- Up Mukhiya 2011-2016
-PACS  2009 -2014"
Sahabad,Bhojpur,32. Arrah,193. Barhara,Ara,Ara_24,Unreserved (Mahila),Usha Kumari / Ranjay Kumar,7461013285/9576465788,OBC,Yadav,32.0,"-ZP Contest 2021 (5027 Votes, 3rd Position)
-Associated with RJD"
Sahabad,Bhojpur,32. Arrah,193. Barhara,Ara,Ara_24,Unreserved (Mahila),Nitu Kumari / Chandan Pandey ,8409444831.0,General,Brahmin,35.0,"
-ZP Contest 2021 (4725 votes, 4th position) 
-General Sec. National Sports Authority (Working in Nagpur)
-Former BJYM Adhyaksh ARA
"
Sahabad,Bhojpur,32. Arrah,193. Barhara,Ara,Ara_24,Unreserved (Mahila),Anju Devi / Raghupati Singh,9801165707.0,General,Rajput,43.0,"-ZP Contest 2021
-Former ZP 2021

-Not associated with any party"
Sahabad,Bhojpur,32. Arrah,193. Barhara,Ara,Ara_24,Unreserved (Mahila),Abhay Singh ,9304170116.0,General,Rajput,53.0,"
- 2 term Incumbent Mukhiya (2016 - Present)
- Former BJP Pradesh Karya Samiti Sadasya (2013-2021).
-District Mukhiya Sangh Secretary (2016-till now) 
-Awarded as Best Performing Mukhiya by CM Nitish Kumar in 2017.
-Ex Minning engineer (L&T)
- Runs ITI College, a plastic factory and a hotel."
Sahabad,Bhojpur,32. Arrah,193. Barhara,Ara,Ara_25,Unreserved (Other),Pramod Kumar Singh,9304902546.0,OBC,Kushwaha,55.0,"-ZP Contest 2021 (4103 Votes, 5th Position)
-ZP Contest 2016 (lost by 46 Votes)
-Independent (Not associated with any Party)"
Sahabad,Bhojpur,32. Arrah,193. Barhara,Ara,Ara_25,Unreserved (Other),Anil Kumar Ram,7323920517.0,SC,Ravidas,56.0,"- 2 term defacto BDC (2011-2016)
- Ex-ZP Runner-up (2016) (Lost by 32 votes)
- Dalit Sena Vice-President (2020-2022)"
Sahabad,Bhojpur,32. Arrah,193. Barhara,Ara,Ara_25,Unreserved (Other),Binod Kumar Sharma ,9801678852.0,OBC,,62.0,"- Social work 
- Active in religious event 
-  Former SHO Thana Prabhari Dhanbad : Retr 2023"
Sahabad,Bhojpur,32. Arrah,193. Barhara,Barhara,Barhara_26,Unreserved (Mahila),Nisha Devi / Rajesh Yadav,9572720093.0,OBC,Yadav,35.0,"-ZP Runner up 2021 (13222 votes) 
-Former ZP 2016
-Aligned with JS in 2024 and also Probable ACC of JS"
Sahabad,Bhojpur,32. Arrah,193. Barhara,Barhara,Barhara_26,Unreserved (Mahila),Sugriv Sah,9060657407.0,EBC,Teli,52.0,"""1-Current profile:- ex mukhiya of Kavaspur 2011-2016 
2-Socio-political Brief:- Sugriv Shah has been active in panchayat politics since 2001 when he was a part of movement for pipa bridge construction. He actively participated and led the movement in khavaspur. This translated to 2006 ZP representation from his side and people voted for him but could not win. . In 2011 he fought for Mukhiya and won. 
3-Educational profile:- Non Matric
4-Financial strength:- average
5-Crime history:-nil
6-Area/community influence:-Khavaspur
7-Reason for recommendation:- """
Sahabad,Bhojpur,32. Arrah,193. Barhara,Barhara,Barhara_26,Unreserved (Mahila),Vijay Pandey ,9431006473.0,General,Brahmin,58.0,"-  Former two times Mukhiya 2001-06 , 2016-21"
Sahabad,Bhojpur,32. Arrah,193. Barhara,Barhara,Barhara_26,Unreserved (Mahila),Chhotelal Gupta,+918697176971,EBC,Kanu,59.0,-Fashion Designer
Sahabad,Bhojpur,32. Arrah,193. Barhara,Barhara,Barhara_26,Unreserved (Mahila),Sunny Kr Singh,8083200840.0,General,Rajput,39.0,"Sunny Kr Singh | Male | 39| GEN| Rajput
-Incumbent Defacto Mukhiya (2021-Till)
- Former Mukhiya 2011-2015 (2016-2021)
- Member of NYK"
Sahabad,Bhojpur,32. Arrah,193. Barhara,Barhara,Barhara_27,Backward Class (Mahila),"Ajay Narayan Yadav 
Malti Devi ",9905319038.0,OBC,Yadav,53.0,-Ex MLA contestant 2015 from BSP party (2531)votes. -Former Zp 2016
Sahabad,Bhojpur,32. Arrah,193. Barhara,Barhara,Barhara_27,Backward Class (Mahila),Rajkumar Sah,9631726132.0,EBC,Teli,58.0,"Current Profile: De- facto Ex- ZP (wife), 2016. 
Socio-political profile- Contested in the 2021 
ZP elections from seat number 27 of Barhara but lost
Profession: Owner of a medical store in Simeriya Bazaar.
Criminal Case: NA
Reason For Recommendation: He comes from a small community
which needs representation."
Sahabad,Bhojpur,32. Arrah,193. Barhara,Barhara,Barhara_27,Backward Class (Mahila),Sanjeet Sah ,7903589005.0,EBC ,Tatma ,32.0,Socially Active 
Sahabad,Bhojpur,32. Arrah,193. Barhara,Barhara,Barhara_27,Backward Class (Mahila),Jai Shankar Prasad Rai,6205596964.0,OBC,Yadav,42.0,"Jai Shankar Prasad Rai | Male | 42| OBC| Yadav
- 2 term Ex-Mukhiya (2011-2021)
- Mukhiya Runner-up (2021)
-Played a pivotal role in the 2015 general election and helped RJD win Barhara."
Sahabad,Bhojpur,32. Arrah,193. Barhara,Barhara,Barhara_28,Unreserved (Other),Ameet Kumar Tiwari,8804049015.0,General,Brahmin,,"Ameet Kumar Tiwari | Male | General | Brahmin | ZP Contestant

 ZP Contestant, 2021 — 2,923 votes, 5th Position
"
Sahabad,Bhojpur,32. Arrah,193. Barhara,Barhara,Barhara_28,Unreserved (Other),Nirmal Singh Sakarvar,6299381426.0,General,Rajput ,57.0,"Nirmal Singh Sakarvar | Male | 57 | General | Rajput | BSC Member

 Former ZP Runner-Up, 2001
Uncle: Former Mukhiya, 1998–2004
 Agricultural Allied Business
 Former JDU Bihar Pradesh Rajnitik Salahkar
 Rashtriya Kunwar Sena Sangathan: Rashtriya Adhyaksh, 2013–Onwards
"
Sahabad,Bhojpur,32. Arrah,192. Sandesh,Koilwar,Koilwar_29,SC (Other),Ammon Shakti,7494087612.0,SC,Ravidas,45.0,"Ammon Shakti | Male | 45 | SC | Ravidas | ZP Contestant

 ZP Contestant, 2021 — 2,769 votes, 5th Position
 Mukhiya Election Contestant, 2016
 Associated with Jan Suraaj (JS), 2024
 Chef at a local café
"
Sahabad,Bhojpur,32. Arrah,192. Sandesh,Koilwar,Koilwar_29,SC (Other),Kaushlendra kumar singh,919939405995.0,General,Rajput ,38.0,"Kaushlendra Kumar Singh | Male | 38 | General | Rajput | Sangathan Zila Upadhyaksh / Vidhan Sabha Prabhari

 Sangathan Zila Upadhyaksh
 Vidhan Sabha Prabhari
 Co-founder of Farmer for Forest (NGO)
 Ex-Project Manager, J-PAL
 HR Assistant Manager, Rural Shores Business Pvt. Ltd.
"
Sahabad,Bhojpur,32. Arrah,192. Sandesh,Koilwar,Koilwar_29,SC (Other),SanGram Singh,8936810889.0,General,Rajput ,51.0,"- Incumbient BDC (2021- present)
- Active jdu member block (2005)
- Family relation with pawan singh."
Sahabad,Bhojpur,32. Arrah,192. Sandesh,Koilwar,Koilwar_29,SC (Other),Anju Devi,8850040015.0,General,Rajput ,42.0,"Anju Devi  | Feale| 42 | GEN | Brahmin
- Incumbent BDC (2021-till now)
- Actively works on women's empowerment and hygiene.
(weekly distribute Sanitary pads in nearby panchayats)
- She is a very vocal lady and does her politics all by herself."
Sahabad,Bhojpur,32. Arrah,192. Sandesh,Koilwar,Koilwar_30,Backward Class (Mahila),Anwari Begum / Md Shanawaj (Son),8084881525.0,Minority,Muslim,65 / 30,"Anwari Begum | Female | 65 | Minority | Muslim | ZP Contestant
 ZP Contestant, 2021
 ZP Contestant, 2016
 Son: Md Shanawaj, 30
 Independent (not associated with any party)
"
Sahabad,Bhojpur,32. Arrah,192. Sandesh,Koilwar,Koilwar_30,Backward Class (Mahila),Paridhi Gupta,8210772092.0,EBC ,Teli ,29.0,"Paridhi Gupta | Female | 29 | EBC | Teli | Incumbent ZP Member

 Incumbent ZP Member, 2021 To Till Date
 Mother, Sheela Gupta, was ZP Member, 2016 To 2021
 Jan Suraaj State Committee Member
 Social Worker"
Sahabad,Bhojpur,32. Arrah,192. Sandesh,Koilwar,Koilwar_30,Backward Class (Mahila),Kundan kumar,917024290634,General ,Rajput,36.0,-Private job
Sahabad,Bhojpur,32. Arrah,192. Sandesh,Sandesh,Sandesh_31,Unreserved (Mahila),Samir Kumar Yadav ,6205096419.0,OBC,Yadav,30.0,"Samir Kumar Yadav | Male | 30 | OBC | Yadav | BSC Member

 ZP Contestant, 2021
 Former Sarpanch, 2016
 Independent (not associated with any party)
"
Sahabad,Bhojpur,32. Arrah,192. Sandesh,Sandesh,Sandesh_31,Unreserved (Mahila),Priyanka Devi / Sonu Gupta,9931021260.0,OBC,Sudhi,31.0,"Priyanka Devi | Female | 31 | OBC | Sudhi | BSC Member
 Former BSC Member
 ZP Contestant, 2021
 Husband: Kshetriya Prabhari, BJP (Vyapar Prakosth), 2026
 Pradesh Karyasamiti Member
"
Sahabad,Bhojpur,32. Arrah,192. Sandesh,Sandesh,Sandesh_31,Unreserved (Mahila),Vimla Devi / Adv Surendra Prasad Singh,9931224889.0,General,Rajput,50.0,"Vimla Devi | Female | 50 | General | Rajput | Former BSC Member

 Former BSC Member
 ZP Contestant, 2021 — 5,602 votes, 5th Position
 Independent (not associated with any party)
"
Sahabad,Bhojpur,32. Arrah,192. Sandesh,Sandesh,Sandesh_31,Unreserved (Mahila),Sonia Singh,9693010158.0,General,Rajput,36.0,"Soniya singh | Female | 36 | General | Rajput | Former Panchayat Samiti

-Former Panchayat Samiti, 2011 To 2016
-Former Mukhiya Contestant, 2021, Runner Up
-Businesswoman(Ladies Garments Shop)
-Social Worker"
