Zone,District,Number of ZP Seats,Unique Candidates Identified  (Atleast One Candidates),Total Candidate Identified,Mobile Number Missing,Category Missing,Caste Missing,Profile Missing,Two Candidates Identification per seat,Onboarded List,Sangathan,Incumbent ZP,Runnerup,Gap,Incumbent ZP,Onboarded List,Sangathan,,,,Zone,District,ZP Seat Number,Candidates Identified,
Magadh,Arwal,9,9,30,0,0,0,0,0,9,6,1,4,0,,,,,,,Munger,Banka,Shambhuganj_1,3,
Magadh,Aurangabad,28,28,110,0,0,0,0,0,12,61,1,7,0,,,,,,,Munger,Banka,Shambhuganj_2,2,
Magadh,Gaya,46,46,128,3,8,6,7,0,7,7,6,15,0,,,,,,,Munger,Banka,Amarpur_3,4,
Magadh,Jehanabad,13,13,50,0,3,3,2,0,3,29,1,8,0,,,,,,,Munger,Banka,Amarpur_4,2,
Munger,Banka,25,25,80,1,1,1,2,0,15,11,1,16,0,,,,,,,Munger,Banka,Amarpur_5,4,
Munger,Jamui,20,20,51,0,2,2,2,0,13,16,4,3,0,,,,,,,Munger,Banka,Rajaun_6,2,
Munger,Bhagalpur,24,24,64,0,0,0,0,0,16,27,1,1,0,,,,,,,Munger,Banka,Rajaun_7,4,
Munger,Naugachhiya,7,7,26,0,0,1,3,0,1,1,1,1,0,,,,,,,Munger,Banka,Rajaun_8,3,
Munger,Munger,14,14,33,1,1,1,3,0,2,1,1,2,0,,,,,,,Munger,Banka,Dhuraiya_9,3,
Nalanda,Lakhisarai,11,10,20,0,9,9,0,0,2,8,1,2,1,,,,,,,Munger,Banka,Dhuraiya_10,5,
Nalanda,Nalanda,34,34,92,0,0,0,0,0,8,22,6,7,0,,,,,,,Munger,Banka,Dhuraiya_11,2,
Nalanda,Sheikhpura,7,7,17,0,11,11,13,0,1,6,1,1,0,,,,,,,Munger,Banka,Barahat_12,4,
Nalanda,Nawada,25,25,66,0,7,7,3,0,4,14,1,1,0,,,,,,,Munger,Banka,Barahat_13,2,
Total,,263,262,767,5,42,41,35,0,93,209,26,68,1,0,0,0,,,,Munger,Banka,Banka_14,3,
,,,,,,,,,,,,,,,,,,,,,Munger,Banka,Banka_15,3,
,,,,,,,,,,,,,,,,,,,,,Munger,Banka,Fullidumar_16,2,
,,,,,,,,,,,,,,,,,,,,,Munger,Banka,Fullidumar_17,3,
,,,,,,,,,,,,,,,,,,,,,Munger,Banka,Belhar_18,4,
,,,,,,,,,,,,,,,,,,,,,Munger,Banka,Belhar_19,3,
,,,,,,,,,,,,,,,,,,,,,Munger,Banka,Chandan_20,2,
,,,,,,,,,,,,,,,,,,,,,Munger,Banka,Chandan_21,5,
,,,,,,,,,,,,,,,,,,,,,Munger,Banka,Katoria_22,5,
,,,,,,,,,,,,,,,,,,,,,Munger,Banka,Katoria_23,5,
,,,,,,,,,,,,,,,,,,,,,Munger,Banka,Bausi_24,3,
,,,,,,,,,,,,,,,,,,,,,Munger,Banka,Bausi_25,2,
,,,,,,,,,,,,,,,,,,,,,Munger,Jamui,Barhat_1,3,
,,,,,,,,,,,,,,,,,,,,,Munger,Jamui,Laxmipur_2,3,
,,,,,,,,,,,,,,,,,,,,,Munger,Jamui,Gidhor_3,3,
,,,,,,,,,,,,,,,,,,,,,Munger,Jamui,Jamui_4,1,
,,,,,,,,,,,,,,,,,,,,,Munger,Jamui,Jamui_5,2,
,,,,,,,,,,,,,,,,,,,,,Munger,Jamui,Sikandra_6,3,
,,,,,,,,,,,,,,,,,,,,,Munger,Jamui,Sikandra_7,2,
,,,,,,,,,,,,,,,,,,,,,Munger,Jamui,Islamnagar Aliganj_8,3,
,,,,,,,,,,,,,,,,,,,,,Munger,Jamui,Islamnagar Aliganj_9,3,
,,,,,,,,,,,,,,,,,,,,,Munger,Jamui,Khaira_10,4,
,,,,,,,,,,,,,,,,,,,,,Munger,Jamui,Khaira_11,2,
,,,,,,,,,,,,,,,,,,,,,Munger,Jamui,Khaira_12,4,
,,,,,,,,,,,,,,,,,,,,,Munger,Jamui,Jhajha_13,2,
,,,,,,,,,,,,,,,,,,,,,Munger,Jamui,Jhajha_14,2,
,,,,,,,,,,,,,,,,,,,,,Munger,Jamui,Sono_16,2,
,,,,,,,,,,,,,,,,,,,,,Munger,Jamui,Sono_17,3,
,,,,,,,,,,,,,,,,,,,,,Munger,Jamui,Chakai_18,3,
,,,,,,,,,,,,,,,,,,,,,Munger,Jamui,Chakai_19,2,
,,,,,,,,,,,,,,,,,,,,,Munger,Jamui,Chakai_20,2,
,,,,,,,,,,,,,,,,,,,,,Munger,Bhagalpur,Jagdishpur_16,3,
,,,,,,,,,,,,,,,,,,,,,Munger,Bhagalpur,Jagdishpur_17,3,
,,,,,,,,,,,,,,,,,,,,,Munger,Naugachhiya,Bihpur_2,4,
,,,,,,,,,,,,,,,,,,,,,Munger,Bhagalpur,Bihpur_1,2,
,,,,,,,,,,,,,,,,,,,,,Munger,Bhagalpur,Kahalgaon_22,2,
,,,,,,,,,,,,,,,,,,,,,Munger,Bhagalpur,Kahalgaon_23,2,
,,,,,,,,,,,,,,,,,,,,,Munger,Bhagalpur,Kahalgaon_24,3,
,,,,,,,,,,,,,,,,,,,,,Munger,Bhagalpur,Kahalgaon_25,2,
,,,,,,,,,,,,,,,,,,,,,Munger,Naugachhiya,Kharik_5,4,
,,,,,,,,,,,,,,,,,,,,,Munger,Bhagalpur,Kharik_4,2,
,,,,,,,,,,,,,,,,,,,,,Munger,Naugachhiya,Narayanpur_3,5,
,,,,,,,,,,,,,,,,,,,,,Munger,Naugachhiya,Gopalpur_8,5,
,,,,,,,,,,,,,,,,,,,,,Munger,Naugachhiya,Ismailpur_7,2,
,,,,,,,,,,,,,,,,,,,,,Munger,Naugachhiya,Naugachhia_6,2,
,,,,,,,,,,,,,,,,,,,,,Munger,Naugachhiya,Rangrachowk_9,4,
,,,,,,,,,,,,,,,,,,,,,Munger,Bhagalpur,Goradih_20,2,
,,,,,,,,,,,,,,,,,,,,,Munger,Bhagalpur,Goradih_21,2,
,,,,,,,,,,,,,,,,,,,,,Munger,Bhagalpur,Sonhaula_31,2,
,,,,,,,,,,,,,,,,,,,,,Munger,Bhagalpur,Sonhaula_30,2,
,,,,,,,,,,,,,,,,,,,,,Munger,Bhagalpur,Nathnagar_15,2,
,,,,,,,,,,,,,,,,,,,,,Munger,Bhagalpur,Nathnagar_14,2,
,,,,,,,,,,,,,,,,,,,,,Munger,Bhagalpur,Sabour_19,3,
,,,,,,,,,,,,,,,,,,,,,Munger,Bhagalpur,Sabour_18,3,
,,,,,,,,,,,,,,,,,,,,,Munger,Bhagalpur,Pirpainti_29,3,
,,,,,,,,,,,,,,,,,,,,,Munger,Bhagalpur,Pirpainti_26,3,
,,,,,,,,,,,,,,,,,,,,,Munger,Bhagalpur,Pirpainti_28,2,
,,,,,,,,,,,,,,,,,,,,,Munger,Bhagalpur,Pirpainti_27,3,
,,,,,,,,,,,,,,,,,,,,,Munger,Jamui,Jhajha_15,2,
,,,,,,,,,,,,,,,,,,,,,Munger,Bhagalpur,Shahkund_12,4,
,,,,,,,,,,,,,,,,,,,,,Munger,Bhagalpur,Shahkund_13,4,
,,,,,,,,,,,,,,,,,,,,,Munger,Bhagalpur,Sultanganj_10,4,
,,,,,,,,,,,,,,,,,,,,,Munger,Bhagalpur,Sultanganj_11,4,
,,,,,,,,,,,,,,,,,,,,,Munger,Munger,Munger Sadar_1,2,
,,,,,,,,,,,,,,,,,,,,,Munger,Munger,Munger Sadar_2,3,
,,,,,,,,,,,,,,,,,,,,,Munger,Munger,Jamalpur_3,2,
,,,,,,,,,,,,,,,,,,,,,Munger,Munger,Dharhara_4,3,
,,,,,,,,,,,,,,,,,,,,,Munger,Munger,Dharhara_5,2,
,,,,,,,,,,,,,,,,,,,,,Munger,Munger,Bariyarpur_6,3,
,,,,,,,,,,,,,,,,,,,,,Munger,Munger,Kharagpur_8,2,
,,,,,,,,,,,,,,,,,,,,,Munger,Munger,Kharagpur_9,3,
,,,,,,,,,,,,,,,,,,,,,Munger,Munger,Asarganj_10,2,
,,,,,,,,,,,,,,,,,,,,,Munger,Munger,Tarapur_11,3,
,,,,,,,,,,,,,,,,,,,,,Munger,Munger,Tarapur_12,2,
,,,,,,,,,,,,,,,,,,,,,Munger,Munger,Tetiabambar_13,2,
,,,,,,,,,,,,,,,,,,,,,Munger,Munger,Sangrampur_14,2,
,,,,,,,,,,,,,,,,,,,,,Munger,Munger,Bariyarpur_7,2,
,,,,,,,,,,,,,,,,,,,,,Magadh,Arwal,Arwal_2,3,
,,,,,,,,,,,,,,,,,,,,,Magadh,Arwal,Arwal_1,3,
,,,,,,,,,,,,,,,,,,,,,Magadh,Arwal,Kaler_3,3,
,,,,,,,,,,,,,,,,,,,,,Magadh,Arwal,Kaler_4,3,
,,,,,,,,,,,,,,,,,,,,,Magadh,Arwal,Karpi_5,4,
,,,,,,,,,,,,,,,,,,,,,Magadh,Arwal,Karpi_6,4,
,,,,,,,,,,,,,,,,,,,,,Magadh,Arwal,Kurtha_9,3,
,,,,,,,,,,,,,,,,,,,,,Magadh,Arwal,Kurtha_8,3,
,,,,,,,,,,,,,,,,,,,,,Magadh,Arwal,Sonbhadra-Bansi-Surajpur_7,4,
,,,,,,,,,,,,,,,,,,,,,Magadh,Aurangabad,Aurangabad_12,4,
,,,,,,,,,,,,,,,,,,,,,Magadh,Aurangabad,Aurangabad_18,5,
,,,,,,,,,,,,,,,,,,,,,Magadh,Aurangabad,Goh_6,3,
,,,,,,,,,,,,,,,,,,,,,Magadh,Aurangabad,Goh_7,4,
,,,,,,,,,,,,,,,,,,,,,Magadh,Aurangabad,Goh_5,4,
,,,,,,,,,,,,,,,,,,,,,Magadh,Aurangabad,Haspura_4,3,
,,,,,,,,,,,,,,,,,,,,,Magadh,Aurangabad,Haspura_3,4,
,,,,,,,,,,,,,,,,,,,,,Magadh,Aurangabad,Rafiganj_9,6,
,,,,,,,,,,,,,,,,,,,,,Magadh,Aurangabad,Rafiganj_8,5,
,,,,,,,,,,,,,,,,,,,,,Magadh,Aurangabad,Rafiganj_13,3,
,,,,,,,,,,,,,,,,,,,,,Magadh,Aurangabad,Deo_28,3,
,,,,,,,,,,,,,,,,,,,,,Magadh,Aurangabad,Deo_26,5,
,,,,,,,,,,,,,,,,,,,,,Magadh,Aurangabad,Kutumba_25,5,
,,,,,,,,,,,,,,,,,,,,,Magadh,Aurangabad,Kutumba_23,6,
,,,,,,,,,,,,,,,,,,,,,Magadh,Aurangabad,Kutumba_24,5,
,,,,,,,,,,,,,,,,,,,,,Magadh,Aurangabad,Barun_19,3,
,,,,,,,,,,,,,,,,,,,,,Magadh,Aurangabad,Barun_17,4,
,,,,,,,,,,,,,,,,,,,,,Magadh,Aurangabad,Nabinagar_20,2,
,,,,,,,,,,,,,,,,,,,,,Magadh,Aurangabad,Nabinagar_22,2,
,,,,,,,,,,,,,,,,,,,,,Magadh,Aurangabad,Nabinagar_21,5,
,,,,,,,,,,,,,,,,,,,,,Magadh,Aurangabad,Daudnagar_2,5,
,,,,,,,,,,,,,,,,,,,,,Magadh,Aurangabad,Daudnagar_1,6,
,,,,,,,,,,,,,,,,,,,,,Magadh,Aurangabad,Obra_16,3,
,,,,,,,,,,,,,,,,,,,,,Magadh,Aurangabad,Obra_15,2,
,,,,,,,,,,,,,,,,,,,,,Magadh,Aurangabad,Obra_14,3,
,,,,,,,,,,,,,,,,,,,,,Magadh,Aurangabad,Madanpur_10,4,
,,,,,,,,,,,,,,,,,,,,,Magadh,Aurangabad,Madanpur_11,4,
,,,,,,,,,,,,,,,,,,,,,Magadh,Aurangabad,Madanpur_27,2,
,,,,,,,,,,,,,,,,,,,,,Magadh,Gaya,Atri_12,3,
,,,,,,,,,,,,,,,,,,,,,Magadh,Gaya,Khizarsarai_10,4,
,,,,,,,,,,,,,,,,,,,,,Magadh,Gaya,Khizarsarai_9,3,
,,,,,,,,,,,,,,,,,,,,,Magadh,Gaya,Mohra_13,3,
,,,,,,,,,,,,,,,,,,,,,Magadh,Gaya,Neemchak Bathani_11,3,
,,,,,,,,,,,,,,,,,,,,,Magadh,Gaya,Barachatti_45,3,
,,,,,,,,,,,,,,,,,,,,,Magadh,Gaya,Barachatti_46,5,
,,,,,,,,,,,,,,,,,,,,,Magadh,Gaya,Bodhgaya_37,3,
,,,,,,,,,,,,,,,,,,,,,Magadh,Gaya,Bodhgaya_36,2,
,,,,,,,,,,,,,,,,,,,,,Magadh,Gaya,Mohanpur_44,2,
,,,,,,,,,,,,,,,,,,,,,Magadh,Gaya,Mohanpur_43,3,
,,,,,,,,,,,,,,,,,,,,,Magadh,Gaya,Belaganj_8,3,
,,,,,,,,,,,,,,,,,,,,,Magadh,Gaya,Belaganj_6,3,
,,,,,,,,,,,,,,,,,,,,,Magadh,Gaya,Belaganj_7,2,
,,,,,,,,,,,,,,,,,,,,,Magadh,Gaya,Fatehpur_40,2,
,,,,,,,,,,,,,,,,,,,,,Magadh,Gaya,Fatehpur_41,2,
,,,,,,,,,,,,,,,,,,,,,Magadh,Gaya,Fatehpur_42,2,
,,,,,,,,,,,,,,,,,,,,,Magadh,Gaya,Tankuppa_39,3,
,,,,,,,,,,,,,,,,,,,,,Magadh,Gaya,Tankuppa_38,3,
,,,,,,,,,,,,,,,,,,,,,Magadh,Gaya,Gaya Town_20,3,
,,,,,,,,,,,,,,,,,,,,,Magadh,Gaya,Gaya Town_19,3,
,,,,,,,,,,,,,,,,,,,,,Magadh,Gaya,Guraru_21,2,
,,,,,,,,,,,,,,,,,,,,,Magadh,Gaya,Guraru_22,2,
,,,,,,,,,,,,,,,,,,,,,Magadh,Gaya,Gurua_24,2,
,,,,,,,,,,,,,,,,,,,,,Magadh,Gaya,Gurua_25,1,
,,,,,,,,,,,,,,,,,,,,,Magadh,Gaya,Paraiya_23,3,
,,,,,,,,,,,,,,,,,,,,,Magadh,Gaya,Bankey Bazar_28,3,
,,,,,,,,,,,,,,,,,,,,,Magadh,Gaya,Bankey Bazar_27,2,
,,,,,,,,,,,,,,,,,,,,,Magadh,Gaya,Dumaria_31,4,
,,,,,,,,,,,,,,,,,,,,,Magadh,Gaya,Dumaria_32,2,
,,,,,,,,,,,,,,,,,,,,,Magadh,Gaya,Imamganj_30,4,
,,,,,,,,,,,,,,,,,,,,,Magadh,Gaya,Imamganj_29,2,
,,,,,,,,,,,,,,,,,,,,,Magadh,Gaya,Amas_26,3,
,,,,,,,,,,,,,,,,,,,,,Magadh,Gaya,Dobhi_34,3,
,,,,,,,,,,,,,,,,,,,,,Magadh,Gaya,Dobhi_35,3,
,,,,,,,,,,,,,,,,,,,,,Magadh,Gaya,Sherghatty_33,3,
,,,,,,,,,,,,,,,,,,,,,Magadh,Gaya,Konch_2,3,
,,,,,,,,,,,,,,,,,,,,,Magadh,Gaya,Konch_1,2,
,,,,,,,,,,,,,,,,,,,,,Magadh,Gaya,Tekari_4,3,
,,,,,,,,,,,,,,,,,,,,,Magadh,Gaya,Tekari_3,4,
,,,,,,,,,,,,,,,,,,,,,Magadh,Gaya,Tekari_5,5,
,,,,,,,,,,,,,,,,,,,,,Magadh,Gaya,Manpur_18,2,
,,,,,,,,,,,,,,,,,,,,,Magadh,Gaya,Manpur_17,3,
,,,,,,,,,,,,,,,,,,,,,Magadh,Gaya,Wazirganj_15,2,
,,,,,,,,,,,,,,,,,,,,,Magadh,Gaya,Wazirganj_14,2,
,,,,,,,,,,,,,,,,,,,,,Magadh,Gaya,Wazirganj_16,3,
,,,,,,,,,,,,,,,,,,,,,Magadh,Jehanabad,Ghoshi_11,4,
,,,,,,,,,,,,,,,,,,,,,Magadh,Jehanabad,Ghoshi_12,2,
,,,,,,,,,,,,,,,,,,,,,Magadh,Jehanabad,Hulasganj_13,4,
,,,,,,,,,,,,,,,,,,,,,Magadh,Jehanabad,Kako_6,4,
,,,,,,,,,,,,,,,,,,,,,Magadh,Jehanabad,Kako_5,4,
,,,,,,,,,,,,,,,,,,,,,Magadh,Jehanabad,Modanganj_10,4,
,,,,,,,,,,,,,,,,,,,,,Magadh,Jehanabad,Jehanabad_4,2,
,,,,,,,,,,,,,,,,,,,,,Magadh,Jehanabad,Jehanabad_3,4,
,,,,,,,,,,,,,,,,,,,,,Magadh,Jehanabad,Ratni Faridpur_1,2,
,,,,,,,,,,,,,,,,,,,,,Magadh,Jehanabad,Ratni Faridpur_2,7,
,,,,,,,,,,,,,,,,,,,,,Magadh,Jehanabad,Makhdumpur_7,4,
,,,,,,,,,,,,,,,,,,,,,Magadh,Jehanabad,Makhdumpur_9,2,
,,,,,,,,,,,,,,,,,,,,,Magadh,Jehanabad,Makhdumpur_8,7,
,,,,,,,,,,,,,,,,,,,,,Nalanda,Lakhisarai,Barahiya_1,3,
,,,,,,,,,,,,,,,,,,,,,Nalanda,Nalanda,Karai Parsurai_1,3,
,,,,,,,,,,,,,,,,,,,,,Nalanda,Sheikhpura,Barbigha_1,4,
,,,,,,,,,,,,,,,,,,,,,Nalanda,Lakhisarai,Pipariya_2,1,
,,,,,,,,,,,,,,,,,,,,,Nalanda,Nalanda,Nagar Nausa_2,5,
,,,,,,,,,,,,,,,,,,,,,Nalanda,Nawada,Nardiganj_1,3,
,,,,,,,,,,,,,,,,,,,,,Nalanda,Nawada,Nardiganj_2,3,
,,,,,,,,,,,,,,,,,,,,,Nalanda,Sheikhpura,Shekhopur Sarai_2,3,
,,,,,,,,,,,,,,,,,,,,,Nalanda,Lakhisarai,Surajgarha_3,3,
,,,,,,,,,,,,,,,,,,,,,Nalanda,Nalanda,Hilsa_3,2,
,,,,,,,,,,,,,,,,,,,,,Nalanda,Nawada,Hisua_3,2,
,,,,,,,,,,,,,,,,,,,,,Nalanda,Sheikhpura,Ghatkusumbha_3,2,
,,,,,,,,,,,,,,,,,,,,,Nalanda,Lakhisarai,Surajgarha_4,1,
,,,,,,,,,,,,,,,,,,,,,Nalanda,Nalanda,Hilsa_4,3,
,,,,,,,,,,,,,,,,,,,,,Nalanda,Nawada,Hisua_4,2,
,,,,,,,,,,,,,,,,,,,,,Nalanda,Sheikhpura,Sheikhpura_4,3,
,,,,,,,,,,,,,,,,,,,,,Nalanda,Lakhisarai,Surajgarha_5,2,
,,,,,,,,,,,,,,,,,,,,,Nalanda,Lakhisarai,Surajgarha_6,1,
,,,,,,,,,,,,,,,,,,,,,Nalanda,Nalanda,Ekangarsarai_5,4,
,,,,,,,,,,,,,,,,,,,,,Nalanda,Nawada,Narhat_5,2,
,,,,,,,,,,,,,,,,,,,,,Nalanda,Sheikhpura,Sheikhpura_5,1,
,,,,,,,,,,,,,,,,,,,,,Nalanda,Nalanda,Ekangarsarai_6,2,
,,,,,,,,,,,,,,,,,,,,,Nalanda,Nawada,Mescaur_6,3,
,,,,,,,,,,,,,,,,,,,,,Nalanda,Sheikhpura,Ariari_6,1,
,,,,,,,,,,,,,,,,,,,,,Nalanda,Lakhisarai,Lakhisarai_7,1,
,,,,,,,,,,,,,,,,,,,,,Nalanda,Nalanda,Islampur_7,2,
,,,,,,,,,,,,,,,,,,,,,Nalanda,Nawada,Sirdala_7,3,
,,,,,,,,,,,,,,,,,,,,,Nalanda,Sheikhpura,Chewara_7,3,
,,,,,,,,,,,,,,,,,,,,,Nalanda,Lakhisarai,Lakhisarai_8,2,
,,,,,,,,,,,,,,,,,,,,,Nalanda,Nalanda,Islampur_8,4,
,,,,,,,,,,,,,,,,,,,,,Nalanda,Nawada,Sirdala_8,2,
,,,,,,,,,,,,,,,,,,,,,Nalanda,Lakhisarai,Channan_9,2,
,,,,,,,,,,,,,,,,,,,,,Nalanda,Nalanda,Islampur_9,2,
,,,,,,,,,,,,,,,,,,,,,Nalanda,Nawada,Rajauli_9,2,
,,,,,,,,,,,,,,,,,,,,,Nalanda,Lakhisarai,Ramgarh Chowk_10,0,
,,,,,,,,,,,,,,,,,,,,,Nalanda,Nalanda,Rajgir_10,2,
,,,,,,,,,,,,,,,,,,,,,Nalanda,Nawada,Rajauli_10,2,
,,,,,,,,,,,,,,,,,,,,,Nalanda,Lakhisarai,Halsi_11,4,
,,,,,,,,,,,,,,,,,,,,,Nalanda,Nalanda,Silao_11,3,
,,,,,,,,,,,,,,,,,,,,,Nalanda,Nawada,Akbarpur_11,4,
,,,,,,,,,,,,,,,,,,,,,Nalanda,Nalanda,Silao_12,2,
,,,,,,,,,,,,,,,,,,,,,Nalanda,Nawada,Akbarpur_12,3,
,,,,,,,,,,,,,,,,,,,,,Nalanda,Nalanda,Ben_13,3,
,,,,,,,,,,,,,,,,,,,,,Nalanda,Nawada,Akbarpur_13,3,
,,,,,,,,,,,,,,,,,,,,,Nalanda,Nalanda,Noorsarai_14,3,
,,,,,,,,,,,,,,,,,,,,,Nalanda,Nawada,Nawada_14,3,
,,,,,,,,,,,,,,,,,,,,,Nalanda,Nalanda,Noorsarai_15,2,
,,,,,,,,,,,,,,,,,,,,,Nalanda,Nawada,Nawada_15,3,
,,,,,,,,,,,,,,,,,,,,,Nalanda,Nalanda,Parbalpur_16,2,
,,,,,,,,,,,,,,,,,,,,,Nalanda,Nawada,Warisaliganj_16,2,
,,,,,,,,,,,,,,,,,,,,,Nalanda,Nalanda,Tharthari_17,3,
,,,,,,,,,,,,,,,,,,,,,Nalanda,Nawada,Warisaliganj_17,2,
,,,,,,,,,,,,,,,,,,,,,Nalanda,Nalanda,Chandi_18,2,
,,,,,,,,,,,,,,,,,,,,,Nalanda,Nawada,Kashichak_18,4,
,,,,,,,,,,,,,,,,,,,,,Nalanda,Nalanda,Chandi_19,3,
,,,,,,,,,,,,,,,,,,,,,Nalanda,Nawada,Roh_19,2,
,,,,,,,,,,,,,,,,,,,,,Nalanda,Nalanda,Harnaut_20,3,
,,,,,,,,,,,,,,,,,,,,,Nalanda,Nawada,Roh_20,3,
,,,,,,,,,,,,,,,,,,,,,Nalanda,Nalanda,Harnaut_21,2,
,,,,,,,,,,,,,,,,,,,,,Nalanda,Nawada,Gobindpur_21,3,
,,,,,,,,,,,,,,,,,,,,,Nalanda,Nalanda,Rahui_22,3,
,,,,,,,,,,,,,,,,,,,,,Nalanda,Nawada,Pakri Barawan_22,2,
,,,,,,,,,,,,,,,,,,,,,Nalanda,Nalanda,Rahui_23,3,
,,,,,,,,,,,,,,,,,,,,,Nalanda,Nawada,Pakri Barawan_23,2,
,,,,,,,,,,,,,,,,,,,,,Nalanda,Nalanda,Bind_24,3,
,,,,,,,,,,,,,,,,,,,,,Nalanda,Nalanda,Sarmera_25,3,
,,,,,,,,,,,,,,,,,,,,,Nalanda,Nalanda,Sarmera_26,2,
,,,,,,,,,,,,,,,,,,,,,Nalanda,Nalanda,Asthawan_27,2,
,,,,,,,,,,,,,,,,,,,,,Nalanda,Nalanda,Asthawan_28,3,
,,,,,,,,,,,,,,,,,,,,,Nalanda,Nalanda,Asthawan_29,2,
,,,,,,,,,,,,,,,,,,,,,Nalanda,Nalanda,Biharsharif_30,2,
,,,,,,,,,,,,,,,,,,,,,Nalanda,Nalanda,Biharsharif_31,2,
,,,,,,,,,,,,,,,,,,,,,Nalanda,Nalanda,Biharsharif_32,3,
,,,,,,,,,,,,,,,,,,,,,Nalanda,Nalanda,Giriak_33,4,
,,,,,,,,,,,,,,,,,,,,,Nalanda,Nalanda,Katrisarai_34,3,
,,,,,,,,,,,,,,,,,,,,,Nalanda,Nawada,Kawakole_24,3,
,,,,,,,,,,,,,,,,,,,,,Nalanda,Nawada,Kawakole_25,3,
,,,,,,,,,,,,,,,,,,,,,Total,,,756,
,,,,,,,,,,,,,,,,,,,,,,,,,
,,,,,,,,,,,,,,,,,,,,,,,,,
,,,,,,,,,,,,,,,,,,,,,,,,,
,,,,,,,,,,,,,,,,,,,,,,,,,
,,,,,,,,,,,,,,,,,,,,,,,,,
,,,,,,,,,,,,,,,,,,,,,,,,,
,,,,,,,,,,,,,,,,,,,,,,,,,
,,,,,,,,,,,,,,,,,,,,,,,,,
,,,,,,,,,,,,,,,,,,,,,,,,,
,,,,,,,,,,,,,,,,,,,,,,,,,
,,,,,,,,,,,,,,,,,,,,,,,,,
,,,,,,,,,,,,,,,,,,,,,,,,,
,,,,,,,,,,,,,,,,,,,,,,,,,
,,,,,,,,,,,,,,,,,,,,,,,,,
,,,,,,,,,,,,,,,,,,,,,,,,,
,,,,,,,,,,,,,,,,,,,,,,,,,
,,,,,,,,,,,,,,,,,,,,,,,,,
,,,,,,,,,,,,,,,,,,,,,,,,,
,,,,,,,,,,,,,,,,,,,,,,,,,
,,,,,,,,,,,,,,,,,,,,,,,,,
,,,,,,,,,,,,,,,,,,,,,,,,,
,,,,,,,,,,,,,,,,,,,,,,,,,
,,,,,,,,,,,,,,,,,,,,,,,,,
,,,,,,,,,,,,,,,,,,,,,,,,,
,,,,,,,,,,,,,,,,,,,,,,,,,
,,,,,,,,,,,,,,,,,,,,,,,,,
,,,,,,,,,,,,,,,,,,,,,,,,,
,,,,,,,,,,,,,,,,,,,,,,,,,
,,,,,,,,,,,,,,,,,,,,,,,,,
,,,,,,,,,,,,,,,,,,,,,,,,,
,,,,,,,,,,,,,,,,,,,,,,,,,
,,,,,,,,,,,,,,,,,,,,,,,,,
,,,,,,,,,,,,,,,,,,,,,,,,,
,,,,,,,,,,,,,,,,,,,,,,,,,
,,,,,,,,,,,,,,,,,,,,,,,,,
,,,,,,,,,,,,,,,,,,,,,,,,,
,,,,,,,,,,,,,,,,,,,,,,,,,
,,,,,,,,,,,,,,,,,,,,,,,,,
,,,,,,,,,,,,,,,,,,,,,,,,,
,,,,,,,,,,,,,,,,,,,,,,,,,
,,,,,,,,,,,,,,,,,,,,,,,,,
,,,,,,,,,,,,,,,,,,,,,,,,,
,,,,,,,,,,,,,,,,,,,,,,,,,
,,,,,,,,,,,,,,,,,,,,,,,,,
,,,,,,,,,,,,,,,,,,,,,,,,,
,,,,,,,,,,,,,,,,,,,,,,,,,
,,,,,,,,,,,,,,,,,,,,,,,,,
,,,,,,,,,,,,,,,,,,,,,,,,,
,,,,,,,,,,,,,,,,,,,,,,,,,
,,,,,,,,,,,,,,,,,,,,,,,,,
,,,,,,,,,,,,,,,,,,,,,,,,,
,,,,,,,,,,,,,,,,,,,,,,,,,
,,,,,,,,,,,,,,,,,,,,,,,,,
,,,,,,,,,,,,,,,,,,,,,,,,,
,,,,,,,,,,,,,,,,,,,,,,,,,
,,,,,,,,,,,,,,,,,,,,,,,,,
,,,,,,,,,,,,,,,,,,,,,,,,,
,,,,,,,,,,,,,,,,,,,,,,,,,
,,,,,,,,,,,,,,,,,,,,,,,,,
,,,,,,,,,,,,,,,,,,,,,,,,,
,,,,,,,,,,,,,,,,,,,,,,,,,
,,,,,,,,,,,,,,,,,,,,,,,,,
,,,,,,,,,,,,,,,,,,,,,,,,,
,,,,,,,,,,,,,,,,,,,,,,,,,
,,,,,,,,,,,,,,,,,,,,,,,,,
,,,,,,,,,,,,,,,,,,,,,,,,,
,,,,,,,,,,,,,,,,,,,,,,,,,
,,,,,,,,,,,,,,,,,,,,,,,,,
,,,,,,,,,,,,,,,,,,,,,,,,,
,,,,,,,,,,,,,,,,,,,,,,,,,
,,,,,,,,,,,,,,,,,,,,,,,,,
,,,,,,,,,,,,,,,,,,,,,,,,,
,,,,,,,,,,,,,,,,,,,,,,,,,
,,,,,,,,,,,,,,,,,,,,,,,,,
,,,,,,,,,,,,,,,,,,,,,,,,,
,,,,,,,,,,,,,,,,,,,,,,,,,
,,,,,,,,,,,,,,,,,,,,,,,,,
,,,,,,,,,,,,,,,,,,,,,,,,,
,,,,,,,,,,,,,,,,,,,,,,,,,
,,,,,,,,,,,,,,,,,,,,,,,,,
,,,,,,,,,,,,,,,,,,,,,,,,,
,,,,,,,,,,,,,,,,,,,,,,,,,
,,,,,,,,,,,,,,,,,,,,,,,,,
,,,,,,,,,,,,,,,,,,,,,,,,,
,,,,,,,,,,,,,,,,,,,,,,,,,
,,,,,,,,,,,,,,,,,,,,,,,,,
,,,,,,,,,,,,,,,,,,,,,,,,,
,,,,,,,,,,,,,,,,,,,,,,,,,
,,,,,,,,,,,,,,,,,,,,,,,,,
,,,,,,,,,,,,,,,,,,,,,,,,,
,,,,,,,,,,,,,,,,,,,,,,,,,
,,,,,,,,,,,,,,,,,,,,,,,,,
,,,,,,,,,,,,,,,,,,,,,,,,,
,,,,,,,,,,,,,,,,,,,,,,,,,
,,,,,,,,,,,,,,,,,,,,,,,,,
,,,,,,,,,,,,,,,,,,,,,,,,,
,,,,,,,,,,,,,,,,,,,,,,,,,
,,,,,,,,,,,,,,,,,,,,,,,,,
,,,,,,,,,,,,,,,,,,,,,,,,,
,,,,,,,,,,,,,,,,,,,,,,,,,
,,,,,,,,,,,,,,,,,,,,,,,,,
,,,,,,,,,,,,,,,,,,,,,,,,,
,,,,,,,,,,,,,,,,,,,,,,,,,
,,,,,,,,,,,,,,,,,,,,,,,,,
,,,,,,,,,,,,,,,,,,,,,,,,,
,,,,,,,,,,,,,,,,,,,,,,,,,
,,,,,,,,,,,,,,,,,,,,,,,,,
,,,,,,,,,,,,,,,,,,,,,,,,,
,,,,,,,,,,,,,,,,,,,,,,,,,
,,,,,,,,,,,,,,,,,,,,,,,,,
,,,,,,,,,,,,,,,,,,,,,,,,,
,,,,,,,,,,,,,,,,,,,,,,,,,
,,,,,,,,,,,,,,,,,,,,,,,,,
,,,,,,,,,,,,,,,,,,,,,,,,,
,,,,,,,,,,,,,,,,,,,,,,,,,
,,,,,,,,,,,,,,,,,,,,,,,,,
,,,,,,,,,,,,,,,,,,,,,,,,,
,,,,,,,,,,,,,,,,,,,,,,,,,
,,,,,,,,,,,,,,,,,,,,,,,,,
,,,,,,,,,,,,,,,,,,,,,,,,,
,,,,,,,,,,,,,,,,,,,,,,,,,
,,,,,,,,,,,,,,,,,,,,,,,,,
,,,,,,,,,,,,,,,,,,,,,,,,,
,,,,,,,,,,,,,,,,,,,,,,,,,
,,,,,,,,,,,,,,,,,,,,,,,,,
,,,,,,,,,,,,,,,,,,,,,,,,,
,,,,,,,,,,,,,,,,,,,,,,,,,
,,,,,,,,,,,,,,,,,,,,,,,,,
,,,,,,,,,,,,,,,,,,,,,,,,,
,,,,,,,,,,,,,,,,,,,,,,,,,
,,,,,,,,,,,,,,,,,,,,,,,,,
,,,,,,,,,,,,,,,,,,,,,,,,,
,,,,,,,,,,,,,,,,,,,,,,,,,
,,,,,,,,,,,,,,,,,,,,,,,,,
,,,,,,,,,,,,,,,,,,,,,,,,,
,,,,,,,,,,,,,,,,,,,,,,,,,
,,,,,,,,,,,,,,,,,,,,,,,,,
,,,,,,,,,,,,,,,,,,,,,,,,,
,,,,,,,,,,,,,,,,,,,,,,,,,
,,,,,,,,,,,,,,,,,,,,,,,,,
,,,,,,,,,,,,,,,,,,,,,,,,,
,,,,,,,,,,,,,,,,,,,,,,,,,
,,,,,,,,,,,,,,,,,,,,,,,,,
,,,,,,,,,,,,,,,,,,,,,,,,,
,,,,,,,,,,,,,,,,,,,,,,,,,
,,,,,,,,,,,,,,,,,,,,,,,,,
,,,,,,,,,,,,,,,,,,,,,,,,,
,,,,,,,,,,,,,,,,,,,,,,,,,
,,,,,,,,,,,,,,,,,,,,,,,,,
,,,,,,,,,,,,,,,,,,,,,,,,,
,,,,,,,,,,,,,,,,,,,,,,,,,
,,,,,,,,,,,,,,,,,,,,,,,,,
,,,,,,,,,,,,,,,,,,,,,,,,,
,,,,,,,,,,,,,,,,,,,,,,,,,
,,,,,,,,,,,,,,,,,,,,,,,,,
,,,,,,,,,,,,,,,,,,,,,,,,,
,,,,,,,,,,,,,,,,,,,,,,,,,
,,,,,,,,,,,,,,,,,,,,,,,,,
,,,,,,,,,,,,,,,,,,,,,,,,,
,,,,,,,,,,,,,,,,,,,,,,,,,
,,,,,,,,,,,,,,,,,,,,,,,,,
,,,,,,,,,,,,,,,,,,,,,,,,,
,,,,,,,,,,,,,,,,,,,,,,,,,
,,,,,,,,,,,,,,,,,,,,,,,,,
,,,,,,,,,,,,,,,,,,,,,,,,,
,,,,,,,,,,,,,,,,,,,,,,,,,
,,,,,,,,,,,,,,,,,,,,,,,,,
,,,,,,,,,,,,,,,,,,,,,,,,,
,,,,,,,,,,,,,,,,,,,,,,,,,
,,,,,,,,,,,,,,,,,,,,,,,,,
,,,,,,,,,,,,,,,,,,,,,,,,,
,,,,,,,,,,,,,,,,,,,,,,,,,
,,,,,,,,,,,,,,,,,,,,,,,,,
,,,,,,,,,,,,,,,,,,,,,,,,,
,,,,,,,,,,,,,,,,,,,,,,,,,
,,,,,,,,,,,,,,,,,,,,,,,,,
,,,,,,,,,,,,,,,,,,,,,,,,,
,,,,,,,,,,,,,,,,,,,,,,,,,
,,,,,,,,,,,,,,,,,,,,,,,,,
,,,,,,,,,,,,,,,,,,,,,,,,,
,,,,,,,,,,,,,,,,,,,,,,,,,
,,,,,,,,,,,,,,,,,,,,,,,,,
,,,,,,,,,,,,,,,,,,,,,,,,,
,,,,,,,,,,,,,,,,,,,,,,,,,
,,,,,,,,,,,,,,,,,,,,,,,,,
,,,,,,,,,,,,,,,,,,,,,,,,,
,,,,,,,,,,,,,,,,,,,,,,,,,
,,,,,,,,,,,,,,,,,,,,,,,,,
,,,,,,,,,,,,,,,,,,,,,,,,,
,,,,,,,,,,,,,,,,,,,,,,,,,
,,,,,,,,,,,,,,,,,,,,,,,,,
,,,,,,,,,,,,,,,,,,,,,,,,,
,,,,,,,,,,,,,,,,,,,,,,,,,
,,,,,,,,,,,,,,,,,,,,,,,,,
,,,,,,,,,,,,,,,,,,,,,,,,,
,,,,,,,,,,,,,,,,,,,,,,,,,
,,,,,,,,,,,,,,,,,,,,,,,,,
,,,,,,,,,,,,,,,,,,,,,,,,,
,,,,,,,,,,,,,,,,,,,,,,,,,
,,,,,,,,,,,,,,,,,,,,,,,,,
,,,,,,,,,,,,,,,,,,,,,,,,,
,,,,,,,,,,,,,,,,,,,,,,,,,
,,,,,,,,,,,,,,,,,,,,,,,,,
,,,,,,,,,,,,,,,,,,,,,,,,,
,,,,,,,,,,,,,,,,,,,,,,,,,
,,,,,,,,,,,,,,,,,,,,,,,,,
,,,,,,,,,,,,,,,,,,,,,,,,,
,,,,,,,,,,,,,,,,,,,,,,,,,
,,,,,,,,,,,,,,,,,,,,,,,,,
,,,,,,,,,,,,,,,,,,,,,,,,,
,,,,,,,,,,,,,,,,,,,,,,,,,
,,,,,,,,,,,,,,,,,,,,,,,,,
,,,,,,,,,,,,,,,,,,,,,,,,,
,,,,,,,,,,,,,,,,,,,,,,,,,
,,,,,,,,,,,,,,,,,,,,,,,,,
,,,,,,,,,,,,,,,,,,,,,,,,,
,,,,,,,,,,,,,,,,,,,,,,,,,
,,,,,,,,,,,,,,,,,,,,,,,,,
,,,,,,,,,,,,,,,,,,,,,,,,,
,,,,,,,,,,,,,,,,,,,,,,,,,
,,,,,,,,,,,,,,,,,,,,,,,,,
,,,,,,,,,,,,,,,,,,,,,,,,,
,,,,,,,,,,,,,,,,,,,,,,,,,
,,,,,,,,,,,,,,,,,,,,,,,,,
,,,,,,,,,,,,,,,,,,,,,,,,,
,,,,,,,,,,,,,,,,,,,,,,,,,
,,,,,,,,,,,,,,,,,,,,,,,,,
,,,,,,,,,,,,,,,,,,,,,,,,,
,,,,,,,,,,,,,,,,,,,,,,,,,
,,,,,,,,,,,,,,,,,,,,,,,,,
,,,,,,,,,,,,,,,,,,,,,,,,,
,,,,,,,,,,,,,,,,,,,,,,,,,
,,,,,,,,,,,,,,,,,,,,,,,,,
,,,,,,,,,,,,,,,,,,,,,,,,,
,,,,,,,,,,,,,,,,,,,,,,,,,
,,,,,,,,,,,,,,,,,,,,,,,,,
,,,,,,,,,,,,,,,,,,,,,,,,,
,,,,,,,,,,,,,,,,,,,,,,,,,
,,,,,,,,,,,,,,,,,,,,,,,,,
,,,,,,,,,,,,,,,,,,,,,,,,,
,,,,,,,,,,,,,,,,,,,,,,,,,
,,,,,,,,,,,,,,,,,,,,,,,,,
,,,,,,,,,,,,,,,,,,,,,,,,,
,,,,,,,,,,,,,,,,,,,,,,,,,
,,,,,,,,,,,,,,,,,,,,,,,,,
,,,,,,,,,,,,,,,,,,,,,,,,,
,,,,,,,,,,,,,,,,,,,,,,,,,
,,,,,,,,,,,,,,,,,,,,,,,,,
,,,,,,,,,,,,,,,,,,,,,,,,,
,,,,,,,,,,,,,,,,,,,,,,,,,
,,,,,,,,,,,,,,,,,,,,,,,,,
,,,,,,,,,,,,,,,,,,,,,,,,,
,,,,,,,,,,,,,,,,,,,,,,,,,
,,,,,,,,,,,,,,,,,,,,,,,,,
,,,,,,,,,,,,,,,,,,,,,,,,,
,,,,,,,,,,,,,,,,,,,,,,,,,
,,,,,,,,,,,,,,,,,,,,,,,,,
,,,,,,,,,,,,,,,,,,,,,,,,,
,,,,,,,,,,,,,,,,,,,,,,,,,
,,,,,,,,,,,,,,,,,,,,,,,,,
,,,,,,,,,,,,,,,,,,,,,,,,,
,,,,,,,,,,,,,,,,,,,,,,,,,
,,,,,,,,,,,,,,,,,,,,,,,,,
,,,,,,,,,,,,,,,,,,,,,,,,,
,,,,,,,,,,,,,,,,,,,,,,,,,
,,,,,,,,,,,,,,,,,,,,,,,,,
,,,,,,,,,,,,,,,,,,,,,,,,,
,,,,,,,,,,,,,,,,,,,,,,,,,
,,,,,,,,,,,,,,,,,,,,,,,,,
,,,,,,,,,,,,,,,,,,,,,,,,,
,,,,,,,,,,,,,,,,,,,,,,,,,
,,,,,,,,,,,,,,,,,,,,,,,,,
,,,,,,,,,,,,,,,,,,,,,,,,,
,,,,,,,,,,,,,,,,,,,,,,,,,
,,,,,,,,,,,,,,,,,,,,,,,,,
,,,,,,,,,,,,,,,,,,,,,,,,,
,,,,,,,,,,,,,,,,,,,,,,,,,
,,,,,,,,,,,,,,,,,,,,,,,,,
,,,,,,,,,,,,,,,,,,,,,,,,,
,,,,,,,,,,,,,,,,,,,,,,,,,
,,,,,,,,,,,,,,,,,,,,,,,,,
,,,,,,,,,,,,,,,,,,,,,,,,,
,,,,,,,,,,,,,,,,,,,,,,,,,
,,,,,,,,,,,,,,,,,,,,,,,,,
,,,,,,,,,,,,,,,,,,,,,,,,,
,,,,,,,,,,,,,,,,,,,,,,,,,
,,,,,,,,,,,,,,,,,,,,,,,,,
,,,,,,,,,,,,,,,,,,,,,,,,,
,,,,,,,,,,,,,,,,,,,,,,,,,
,,,,,,,,,,,,,,,,,,,,,,,,,
,,,,,,,,,,,,,,,,,,,,,,,,,
,,,,,,,,,,,,,,,,,,,,,,,,,
,,,,,,,,,,,,,,,,,,,,,,,,,
,,,,,,,,,,,,,,,,,,,,,,,,,
,,,,,,,,,,,,,,,,,,,,,,,,,
,,,,,,,,,,,,,,,,,,,,,,,,,
,,,,,,,,,,,,,,,,,,,,,,,,,
,,,,,,,,,,,,,,,,,,,,,,,,,
,,,,,,,,,,,,,,,,,,,,,,,,,
,,,,,,,,,,,,,,,,,,,,,,,,,
,,,,,,,,,,,,,,,,,,,,,,,,,
,,,,,,,,,,,,,,,,,,,,,,,,,
,,,,,,,,,,,,,,,,,,,,,,,,,
,,,,,,,,,,,,,,,,,,,,,,,,,
,,,,,,,,,,,,,,,,,,,,,,,,,
,,,,,,,,,,,,,,,,,,,,,,,,,
,,,,,,,,,,,,,,,,,,,,,,,,,
,,,,,,,,,,,,,,,,,,,,,,,,,
,,,,,,,,,,,,,,,,,,,,,,,,,
,,,,,,,,,,,,,,,,,,,,,,,,,
,,,,,,,,,,,,,,,,,,,,,,,,,
,,,,,,,,,,,,,,,,,,,,,,,,,
,,,,,,,,,,,,,,,,,,,,,,,,,
,,,,,,,,,,,,,,,,,,,,,,,,,
,,,,,,,,,,,,,,,,,,,,,,,,,
,,,,,,,,,,,,,,,,,,,,,,,,,
,,,,,,,,,,,,,,,,,,,,,,,,,
,,,,,,,,,,,,,,,,,,,,,,,,,
,,,,,,,,,,,,,,,,,,,,,,,,,
,,,,,,,,,,,,,,,,,,,,,,,,,
,,,,,,,,,,,,,,,,,,,,,,,,,
,,,,,,,,,,,,,,,,,,,,,,,,,
,,,,,,,,,,,,,,,,,,,,,,,,,
,,,,,,,,,,,,,,,,,,,,,,,,,
,,,,,,,,,,,,,,,,,,,,,,,,,
,,,,,,,,,,,,,,,,,,,,,,,,,
,,,,,,,,,,,,,,,,,,,,,,,,,
,,,,,,,,,,,,,,,,,,,,,,,,,
,,,,,,,,,,,,,,,,,,,,,,,,,
,,,,,,,,,,,,,,,,,,,,,,,,,
,,,,,,,,,,,,,,,,,,,,,,,,,
,,,,,,,,,,,,,,,,,,,,,,,,,
,,,,,,,,,,,,,,,,,,,,,,,,,
,,,,,,,,,,,,,,,,,,,,,,,,,
,,,,,,,,,,,,,,,,,,,,,,,,,
,,,,,,,,,,,,,,,,,,,,,,,,,
,,,,,,,,,,,,,,,,,,,,,,,,,
,,,,,,,,,,,,,,,,,,,,,,,,,
,,,,,,,,,,,,,,,,,,,,,,,,,
,,,,,,,,,,,,,,,,,,,,,,,,,
,,,,,,,,,,,,,,,,,,,,,,,,,
,,,,,,,,,,,,,,,,,,,,,,,,,
,,,,,,,,,,,,,,,,,,,,,,,,,
,,,,,,,,,,,,,,,,,,,,,,,,,
,,,,,,,,,,,,,,,,,,,,,,,,,
,,,,,,,,,,,,,,,,,,,,,,,,,
,,,,,,,,,,,,,,,,,,,,,,,,,
,,,,,,,,,,,,,,,,,,,,,,,,,
,,,,,,,,,,,,,,,,,,,,,,,,,
,,,,,,,,,,,,,,,,,,,,,,,,,
,,,,,,,,,,,,,,,,,,,,,,,,,
,,,,,,,,,,,,,,,,,,,,,,,,,
,,,,,,,,,,,,,,,,,,,,,,,,,
,,,,,,,,,,,,,,,,,,,,,,,,,
,,,,,,,,,,,,,,,,,,,,,,,,,
,,,,,,,,,,,,,,,,,,,,,,,,,
,,,,,,,,,,,,,,,,,,,,,,,,,
,,,,,,,,,,,,,,,,,,,,,,,,,
,,,,,,,,,,,,,,,,,,,,,,,,,
,,,,,,,,,,,,,,,,,,,,,,,,,
,,,,,,,,,,,,,,,,,,,,,,,,,
,,,,,,,,,,,,,,,,,,,,,,,,,
,,,,,,,,,,,,,,,,,,,,,,,,,
,,,,,,,,,,,,,,,,,,,,,,,,,
,,,,,,,,,,,,,,,,,,,,,,,,,
,,,,,,,,,,,,,,,,,,,,,,,,,
,,,,,,,,,,,,,,,,,,,,,,,,,
,,,,,,,,,,,,,,,,,,,,,,,,,
,,,,,,,,,,,,,,,,,,,,,,,,,
,,,,,,,,,,,,,,,,,,,,,,,,,
,,,,,,,,,,,,,,,,,,,,,,,,,
,,,,,,,,,,,,,,,,,,,,,,,,,
,,,,,,,,,,,,,,,,,,,,,,,,,
,,,,,,,,,,,,,,,,,,,,,,,,,
,,,,,,,,,,,,,,,,,,,,,,,,,
,,,,,,,,,,,,,,,,,,,,,,,,,
,,,,,,,,,,,,,,,,,,,,,,,,,
,,,,,,,,,,,,,,,,,,,,,,,,,
,,,,,,,,,,,,,,,,,,,,,,,,,
,,,,,,,,,,,,,,,,,,,,,,,,,
,,,,,,,,,,,,,,,,,,,,,,,,,
,,,,,,,,,,,,,,,,,,,,,,,,,
,,,,,,,,,,,,,,,,,,,,,,,,,
,,,,,,,,,,,,,,,,,,,,,,,,,
,,,,,,,,,,,,,,,,,,,,,,,,,
,,,,,,,,,,,,,,,,,,,,,,,,,
,,,,,,,,,,,,,,,,,,,,,,,,,
,,,,,,,,,,,,,,,,,,,,,,,,,
,,,,,,,,,,,,,,,,,,,,,,,,,
,,,,,,,,,,,,,,,,,,,,,,,,,
,,,,,,,,,,,,,,,,,,,,,,,,,
,,,,,,,,,,,,,,,,,,,,,,,,,
,,,,,,,,,,,,,,,,,,,,,,,,,
,,,,,,,,,,,,,,,,,,,,,,,,,
,,,,,,,,,,,,,,,,,,,,,,,,,
,,,,,,,,,,,,,,,,,,,,,,,,,
,,,,,,,,,,,,,,,,,,,,,,,,,
,,,,,,,,,,,,,,,,,,,,,,,,,
,,,,,,,,,,,,,,,,,,,,,,,,,
,,,,,,,,,,,,,,,,,,,,,,,,,
,,,,,,,,,,,,,,,,,,,,,,,,,
,,,,,,,,,,,,,,,,,,,,,,,,,
,,,,,,,,,,,,,,,,,,,,,,,,,
,,,,,,,,,,,,,,,,,,,,,,,,,
,,,,,,,,,,,,,,,,,,,,,,,,,
,,,,,,,,,,,,,,,,,,,,,,,,,
,,,,,,,,,,,,,,,,,,,,,,,,,
,,,,,,,,,,,,,,,,,,,,,,,,,
,,,,,,,,,,,,,,,,,,,,,,,,,
,,,,,,,,,,,,,,,,,,,,,,,,,
,,,,,,,,,,,,,,,,,,,,,,,,,
,,,,,,,,,,,,,,,,,,,,,,,,,
,,,,,,,,,,,,,,,,,,,,,,,,,
,,,,,,,,,,,,,,,,,,,,,,,,,
,,,,,,,,,,,,,,,,,,,,,,,,,
,,,,,,,,,,,,,,,,,,,,,,,,,
,,,,,,,,,,,,,,,,,,,,,,,,,
,,,,,,,,,,,,,,,,,,,,,,,,,
,,,,,,,,,,,,,,,,,,,,,,,,,
,,,,,,,,,,,,,,,,,,,,,,,,,
,,,,,,,,,,,,,,,,,,,,,,,,,
,,,,,,,,,,,,,,,,,,,,,,,,,
,,,,,,,,,,,,,,,,,,,,,,,,,
,,,,,,,,,,,,,,,,,,,,,,,,,
,,,,,,,,,,,,,,,,,,,,,,,,,
,,,,,,,,,,,,,,,,,,,,,,,,,
,,,,,,,,,,,,,,,,,,,,,,,,,
,,,,,,,,,,,,,,,,,,,,,,,,,
,,,,,,,,,,,,,,,,,,,,,,,,,
,,,,,,,,,,,,,,,,,,,,,,,,,
,,,,,,,,,,,,,,,,,,,,,,,,,
,,,,,,,,,,,,,,,,,,,,,,,,,
,,,,,,,,,,,,,,,,,,,,,,,,,
,,,,,,,,,,,,,,,,,,,,,,,,,
,,,,,,,,,,,,,,,,,,,,,,,,,
,,,,,,,,,,,,,,,,,,,,,,,,,
,,,,,,,,,,,,,,,,,,,,,,,,,
,,,,,,,,,,,,,,,,,,,,,,,,,
,,,,,,,,,,,,,,,,,,,,,,,,,
,,,,,,,,,,,,,,,,,,,,,,,,,
,,,,,,,,,,,,,,,,,,,,,,,,,
,,,,,,,,,,,,,,,,,,,,,,,,,
,,,,,,,,,,,,,,,,,,,,,,,,,
,,,,,,,,,,,,,,,,,,,,,,,,,
,,,,,,,,,,,,,,,,,,,,,,,,,
,,,,,,,,,,,,,,,,,,,,,,,,,
,,,,,,,,,,,,,,,,,,,,,,,,,
,,,,,,,,,,,,,,,,,,,,,,,,,
,,,,,,,,,,,,,,,,,,,,,,,,,
,,,,,,,,,,,,,,,,,,,,,,,,,
,,,,,,,,,,,,,,,,,,,,,,,,,
,,,,,,,,,,,,,,,,,,,,,,,,,
,,,,,,,,,,,,,,,,,,,,,,,,,
,,,,,,,,,,,,,,,,,,,,,,,,,
,,,,,,,,,,,,,,,,,,,,,,,,,
,,,,,,,,,,,,,,,,,,,,,,,,,
,,,,,,,,,,,,,,,,,,,,,,,,,
,,,,,,,,,,,,,,,,,,,,,,,,,
,,,,,,,,,,,,,,,,,,,,,,,,,
,,,,,,,,,,,,,,,,,,,,,,,,,
,,,,,,,,,,,,,,,,,,,,,,,,,
,,,,,,,,,,,,,,,,,,,,,,,,,
,,,,,,,,,,,,,,,,,,,,,,,,,
,,,,,,,,,,,,,,,,,,,,,,,,,
,,,,,,,,,,,,,,,,,,,,,,,,,
,,,,,,,,,,,,,,,,,,,,,,,,,
,,,,,,,,,,,,,,,,,,,,,,,,,
,,,,,,,,,,,,,,,,,,,,,,,,,
,,,,,,,,,,,,,,,,,,,,,,,,,
,,,,,,,,,,,,,,,,,,,,,,,,,
,,,,,,,,,,,,,,,,,,,,,,,,,
,,,,,,,,,,,,,,,,,,,,,,,,,
,,,,,,,,,,,,,,,,,,,,,,,,,
,,,,,,,,,,,,,,,,,,,,,,,,,
,,,,,,,,,,,,,,,,,,,,,,,,,
,,,,,,,,,,,,,,,,,,,,,,,,,
,,,,,,,,,,,,,,,,,,,,,,,,,
,,,,,,,,,,,,,,,,,,,,,,,,,
,,,,,,,,,,,,,,,,,,,,,,,,,
,,,,,,,,,,,,,,,,,,,,,,,,,
,,,,,,,,,,,,,,,,,,,,,,,,,
,,,,,,,,,,,,,,,,,,,,,,,,,
,,,,,,,,,,,,,,,,,,,,,,,,,
,,,,,,,,,,,,,,,,,,,,,,,,,
,,,,,,,,,,,,,,,,,,,,,,,,,
,,,,,,,,,,,,,,,,,,,,,,,,,
,,,,,,,,,,,,,,,,,,,,,,,,,
,,,,,,,,,,,,,,,,,,,,,,,,,
,,,,,,,,,,,,,,,,,,,,,,,,,
,,,,,,,,,,,,,,,,,,,,,,,,,
,,,,,,,,,,,,,,,,,,,,,,,,,
,,,,,,,,,,,,,,,,,,,,,,,,,
,,,,,,,,,,,,,,,,,,,,,,,,,
,,,,,,,,,,,,,,,,,,,,,,,,,
,,,,,,,,,,,,,,,,,,,,,,,,,
,,,,,,,,,,,,,,,,,,,,,,,,,
,,,,,,,,,,,,,,,,,,,,,,,,,
,,,,,,,,,,,,,,,,,,,,,,,,,
,,,,,,,,,,,,,,,,,,,,,,,,,
,,,,,,,,,,,,,,,,,,,,,,,,,
,,,,,,,,,,,,,,,,,,,,,,,,,
,,,,,,,,,,,,,,,,,,,,,,,,,
,,,,,,,,,,,,,,,,,,,,,,,,,
,,,,,,,,,,,,,,,,,,,,,,,,,
,,,,,,,,,,,,,,,,,,,,,,,,,
,,,,,,,,,,,,,,,,,,,,,,,,,
,,,,,,,,,,,,,,,,,,,,,,,,,
,,,,,,,,,,,,,,,,,,,,,,,,,
,,,,,,,,,,,,,,,,,,,,,,,,,
,,,,,,,,,,,,,,,,,,,,,,,,,
,,,,,,,,,,,,,,,,,,,,,,,,,
,,,,,,,,,,,,,,,,,,,,,,,,,
,,,,,,,,,,,,,,,,,,,,,,,,,
,,,,,,,,,,,,,,,,,,,,,,,,,
,,,,,,,,,,,,,,,,,,,,,,,,,
,,,,,,,,,,,,,,,,,,,,,,,,,
,,,,,,,,,,,,,,,,,,,,,,,,,
,,,,,,,,,,,,,,,,,,,,,,,,,
,,,,,,,,,,,,,,,,,,,,,,,,,
,,,,,,,,,,,,,,,,,,,,,,,,,
,,,,,,,,,,,,,,,,,,,,,,,,,
,,,,,,,,,,,,,,,,,,,,,,,,,
,,,,,,,,,,,,,,,,,,,,,,,,,
,,,,,,,,,,,,,,,,,,,,,,,,,
,,,,,,,,,,,,,,,,,,,,,,,,,
,,,,,,,,,,,,,,,,,,,,,,,,,
,,,,,,,,,,,,,,,,,,,,,,,,,
,,,,,,,,,,,,,,,,,,,,,,,,,
,,,,,,,,,,,,,,,,,,,,,,,,,
,,,,,,,,,,,,,,,,,,,,,,,,,
,,,,,,,,,,,,,,,,,,,,,,,,,
,,,,,,,,,,,,,,,,,,,,,,,,,
,,,,,,,,,,,,,,,,,,,,,,,,,
,,,,,,,,,,,,,,,,,,,,,,,,,
,,,,,,,,,,,,,,,,,,,,,,,,,
,,,,,,,,,,,,,,,,,,,,,,,,,
,,,,,,,,,,,,,,,,,,,,,,,,,
,,,,,,,,,,,,,,,,,,,,,,,,,
,,,,,,,,,,,,,,,,,,,,,,,,,
,,,,,,,,,,,,,,,,,,,,,,,,,
,,,,,,,,,,,,,,,,,,,,,,,,,
,,,,,,,,,,,,,,,,,,,,,,,,,
,,,,,,,,,,,,,,,,,,,,,,,,,
,,,,,,,,,,,,,,,,,,,,,,,,,
,,,,,,,,,,,,,,,,,,,,,,,,,
,,,,,,,,,,,,,,,,,,,,,,,,,
,,,,,,,,,,,,,,,,,,,,,,,,,
,,,,,,,,,,,,,,,,,,,,,,,,,
,,,,,,,,,,,,,,,,,,,,,,,,,
,,,,,,,,,,,,,,,,,,,,,,,,,
,,,,,,,,,,,,,,,,,,,,,,,,,
,,,,,,,,,,,,,,,,,,,,,,,,,
,,,,,,,,,,,,,,,,,,,,,,,,,
,,,,,,,,,,,,,,,,,,,,,,,,,
,,,,,,,,,,,,,,,,,,,,,,,,,
,,,,,,,,,,,,,,,,,,,,,,,,,
,,,,,,,,,,,,,,,,,,,,,,,,,
,,,,,,,,,,,,,,,,,,,,,,,,,
,,,,,,,,,,,,,,,,,,,,,,,,,
,,,,,,,,,,,,,,,,,,,,,,,,,
,,,,,,,,,,,,,,,,,,,,,,,,,
,,,,,,,,,,,,,,,,,,,,,,,,,
,,,,,,,,,,,,,,,,,,,,,,,,,
,,,,,,,,,,,,,,,,,,,,,,,,,
,,,,,,,,,,,,,,,,,,,,,,,,,
,,,,,,,,,,,,,,,,,,,,,,,,,
,,,,,,,,,,,,,,,,,,,,,,,,,
,,,,,,,,,,,,,,,,,,,,,,,,,
,,,,,,,,,,,,,,,,,,,,,,,,,
,,,,,,,,,,,,,,,,,,,,,,,,,
,,,,,,,,,,,,,,,,,,,,,,,,,
,,,,,,,,,,,,,,,,,,,,,,,,,
,,,,,,,,,,,,,,,,,,,,,,,,,
,,,,,,,,,,,,,,,,,,,,,,,,,
,,,,,,,,,,,,,,,,,,,,,,,,,
,,,,,,,,,,,,,,,,,,,,,,,,,
,,,,,,,,,,,,,,,,,,,,,,,,,
,,,,,,,,,,,,,,,,,,,,,,,,,
,,,,,,,,,,,,,,,,,,,,,,,,,
,,,,,,,,,,,,,,,,,,,,,,,,,
,,,,,,,,,,,,,,,,,,,,,,,,,
,,,,,,,,,,,,,,,,,,,,,,,,,
,,,,,,,,,,,,,,,,,,,,,,,,,
,,,,,,,,,,,,,,,,,,,,,,,,,
,,,,,,,,,,,,,,,,,,,,,,,,,
,,,,,,,,,,,,,,,,,,,,,,,,,
,,,,,,,,,,,,,,,,,,,,,,,,,
,,,,,,,,,,,,,,,,,,,,,,,,,
,,,,,,,,,,,,,,,,,,,,,,,,,
,,,,,,,,,,,,,,,,,,,,,,,,,
,,,,,,,,,,,,,,,,,,,,,,,,,
,,,,,,,,,,,,,,,,,,,,,,,,,
,,,,,,,,,,,,,,,,,,,,,,,,,
,,,,,,,,,,,,,,,,,,,,,,,,,
,,,,,,,,,,,,,,,,,,,,,,,,,
,,,,,,,,,,,,,,,,,,,,,,,,,
,,,,,,,,,,,,,,,,,,,,,,,,,
,,,,,,,,,,,,,,,,,,,,,,,,,
,,,,,,,,,,,,,,,,,,,,,,,,,
,,,,,,,,,,,,,,,,,,,,,,,,,
,,,,,,,,,,,,,,,,,,,,,,,,,
,,,,,,,,,,,,,,,,,,,,,,,,,
,,,,,,,,,,,,,,,,,,,,,,,,,
,,,,,,,,,,,,,,,,,,,,,,,,,
,,,,,,,,,,,,,,,,,,,,,,,,,
,,,,,,,,,,,,,,,,,,,,,,,,,
,,,,,,,,,,,,,,,,,,,,,,,,,
,,,,,,,,,,,,,,,,,,,,,,,,,
,,,,,,,,,,,,,,,,,,,,,,,,,
,,,,,,,,,,,,,,,,,,,,,,,,,
,,,,,,,,,,,,,,,,,,,,,,,,,
,,,,,,,,,,,,,,,,,,,,,,,,,
,,,,,,,,,,,,,,,,,,,,,,,,,
,,,,,,,,,,,,,,,,,,,,,,,,,
,,,,,,,,,,,,,,,,,,,,,,,,,
,,,,,,,,,,,,,,,,,,,,,,,,,
,,,,,,,,,,,,,,,,,,,,,,,,,
,,,,,,,,,,,,,,,,,,,,,,,,,
,,,,,,,,,,,,,,,,,,,,,,,,,
,,,,,,,,,,,,,,,,,,,,,,,,,
,,,,,,,,,,,,,,,,,,,,,,,,,
,,,,,,,,,,,,,,,,,,,,,,,,,
,,,,,,,,,,,,,,,,,,,,,,,,,
,,,,,,,,,,,,,,,,,,,,,,,,,
,,,,,,,,,,,,,,,,,,,,,,,,,
,,,,,,,,,,,,,,,,,,,,,,,,,
,,,,,,,,,,,,,,,,,,,,,,,,,
,,,,,,,,,,,,,,,,,,,,,,,,,
,,,,,,,,,,,,,,,,,,,,,,,,,
,,,,,,,,,,,,,,,,,,,,,,,,,
,,,,,,,,,,,,,,,,,,,,,,,,,
,,,,,,,,,,,,,,,,,,,,,,,,,
,,,,,,,,,,,,,,,,,,,,,,,,,
,,,,,,,,,,,,,,,,,,,,,,,,,
,,,,,,,,,,,,,,,,,,,,,,,,,
,,,,,,,,,,,,,,,,,,,,,,,,,
,,,,,,,,,,,,,,,,,,,,,,,,,
,,,,,,,,,,,,,,,,,,,,,,,,,
,,,,,,,,,,,,,,,,,,,,,,,,,
,,,,,,,,,,,,,,,,,,,,,,,,,
,,,,,,,,,,,,,,,,,,,,,,,,,
,,,,,,,,,,,,,,,,,,,,,,,,,
,,,,,,,,,,,,,,,,,,,,,,,,,
,,,,,,,,,,,,,,,,,,,,,,,,,
,,,,,,,,,,,,,,,,,,,,,,,,,
,,,,,,,,,,,,,,,,,,,,,,,,,
,,,,,,,,,,,,,,,,,,,,,,,,,
,,,,,,,,,,,,,,,,,,,,,,,,,
,,,,,,,,,,,,,,,,,,,,,,,,,
,,,,,,,,,,,,,,,,,,,,,,,,,
,,,,,,,,,,,,,,,,,,,,,,,,,
,,,,,,,,,,,,,,,,,,,,,,,,,
,,,,,,,,,,,,,,,,,,,,,,,,,
,,,,,,,,,,,,,,,,,,,,,,,,,
,,,,,,,,,,,,,,,,,,,,,,,,,
,,,,,,,,,,,,,,,,,,,,,,,,,
,,,,,,,,,,,,,,,,,,,,,,,,,
,,,,,,,,,,,,,,,,,,,,,,,,,
,,,,,,,,,,,,,,,,,,,,,,,,,
,,,,,,,,,,,,,,,,,,,,,,,,,
,,,,,,,,,,,,,,,,,,,,,,,,,
,,,,,,,,,,,,,,,,,,,,,,,,,
,,,,,,,,,,,,,,,,,,,,,,,,,
,,,,,,,,,,,,,,,,,,,,,,,,,
,,,,,,,,,,,,,,,,,,,,,,,,,
,,,,,,,,,,,,,,,,,,,,,,,,,
,,,,,,,,,,,,,,,,,,,,,,,,,
,,,,,,,,,,,,,,,,,,,,,,,,,
,,,,,,,,,,,,,,,,,,,,,,,,,
,,,,,,,,,,,,,,,,,,,,,,,,,
,,,,,,,,,,,,,,,,,,,,,,,,,
,,,,,,,,,,,,,,,,,,,,,,,,,
,,,,,,,,,,,,,,,,,,,,,,,,,
,,,,,,,,,,,,,,,,,,,,,,,,,
,,,,,,,,,,,,,,,,,,,,,,,,,
,,,,,,,,,,,,,,,,,,,,,,,,,
,,,,,,,,,,,,,,,,,,,,,,,,,
,,,,,,,,,,,,,,,,,,,,,,,,,
,,,,,,,,,,,,,,,,,,,,,,,,,
,,,,,,,,,,,,,,,,,,,,,,,,,
,,,,,,,,,,,,,,,,,,,,,,,,,
,,,,,,,,,,,,,,,,,,,,,,,,,
,,,,,,,,,,,,,,,,,,,,,,,,,
,,,,,,,,,,,,,,,,,,,,,,,,,
,,,,,,,,,,,,,,,,,,,,,,,,,
,,,,,,,,,,,,,,,,,,,,,,,,,
,,,,,,,,,,,,,,,,,,,,,,,,,
,,,,,,,,,,,,,,,,,,,,,,,,,
,,,,,,,,,,,,,,,,,,,,,,,,,
,,,,,,,,,,,,,,,,,,,,,,,,,
,,,,,,,,,,,,,,,,,,,,,,,,,
,,,,,,,,,,,,,,,,,,,,,,,,,
,,,,,,,,,,,,,,,,,,,,,,,,,
,,,,,,,,,,,,,,,,,,,,,,,,,
,,,,,,,,,,,,,,,,,,,,,,,,,
,,,,,,,,,,,,,,,,,,,,,,,,,
,,,,,,,,,,,,,,,,,,,,,,,,,
,,,,,,,,,,,,,,,,,,,,,,,,,
,,,,,,,,,,,,,,,,,,,,,,,,,
,,,,,,,,,,,,,,,,,,,,,,,,,
,,,,,,,,,,,,,,,,,,,,,,,,,
,,,,,,,,,,,,,,,,,,,,,,,,,
,,,,,,,,,,,,,,,,,,,,,,,,,
,,,,,,,,,,,,,,,,,,,,,,,,,
,,,,,,,,,,,,,,,,,,,,,,,,,
,,,,,,,,,,,,,,,,,,,,,,,,,
,,,,,,,,,,,,,,,,,,,,,,,,,
,,,,,,,,,,,,,,,,,,,,,,,,,
,,,,,,,,,,,,,,,,,,,,,,,,,
,,,,,,,,,,,,,,,,,,,,,,,,,
,,,,,,,,,,,,,,,,,,,,,,,,,
,,,,,,,,,,,,,,,,,,,,,,,,,
,,,,,,,,,,,,,,,,,,,,,,,,,
,,,,,,,,,,,,,,,,,,,,,,,,,
,,,,,,,,,,,,,,,,,,,,,,,,,
,,,,,,,,,,,,,,,,,,,,,,,,,
,,,,,,,,,,,,,,,,,,,,,,,,,
,,,,,,,,,,,,,,,,,,,,,,,,,
,,,,,,,,,,,,,,,,,,,,,,,,,
,,,,,,,,,,,,,,,,,,,,,,,,,
,,,,,,,,,,,,,,,,,,,,,,,,,
,,,,,,,,,,,,,,,,,,,,,,,,,
,,,,,,,,,,,,,,,,,,,,,,,,,
,,,,,,,,,,,,,,,,,,,,,,,,,
,,,,,,,,,,,,,,,,,,,,,,,,,
,,,,,,,,,,,,,,,,,,,,,,,,,
,,,,,,,,,,,,,,,,,,,,,,,,,
,,,,,,,,,,,,,,,,,,,,,,,,,
,,,,,,,,,,,,,,,,,,,,,,,,,
,,,,,,,,,,,,,,,,,,,,,,,,,
,,,,,,,,,,,,,,,,,,,,,,,,,
,,,,,,,,,,,,,,,,,,,,,,,,,
,,,,,,,,,,,,,,,,,,,,,,,,,
,,,,,,,,,,,,,,,,,,,,,,,,,
,,,,,,,,,,,,,,,,,,,,,,,,,
,,,,,,,,,,,,,,,,,,,,,,,,,
,,,,,,,,,,,,,,,,,,,,,,,,,
