State ,,,,,,,,,,,,,,,,
Sr No ,PH Type,Zone,District,Post,Name,Mobile Number,Block,Profile,Final Candidature Status,,,,,,,
1.0,State,Saran,Siwan,State General Secretary,Hasmuddin Khan,6206976618.0,Daraundha,,Hasan Pura_14,,,,,,,
2.0,State,Saran,Saran,"State Mahila
Vice President",Amita Sahani,9006860992.0,Dighwara,"Amita Sahani|40|EBC|Mallah

- She is a Social Activist.
- Contested two times Mukhiya during 2016 & 2021 elections. - She has good influence in women of Sonepur Vidhan Sabha and adjacent blocks.",Dighwara_44,,,,,,,
3.0,State,Saran,Saran,State Ambedkar Manch Vice President,Satyandra Prasad,7903924374.0,Dighwara,"-LJP Bihar Pradesh Vice-president 2007-2009.
 -Former LJP Dalit Sena State Vice President. -Former Mukhya of Haraji panchayat 2016-2021.
 -Former LJP Prabhari of Gopalganj, Siwan, Saran""
 - Strong hold among Paswan caste of Saran district",Dighwara_44,,,,,,,
4.0,State,Saran,Saran,"Vyavsayik Prakoshth
State Vice President",Rajan Prasad,9123436336.0,Isuapur,"-Director of Swami Vivekanand Vidyapeeth School, -Bihar Pradesh Teli Sahu Sabha Upayukt, -General Secretary of Bihar Vaish Maha Samellan for 4 terms,
 - Ex JDU Mahasachiv and Vyasaye Prakosh Upadyaksh (2009-2017), -Ex ZP contestant 2006 and 2011, -1995 MLA contestant Janta Party",Lahladpur_1,,,,,,,
5.0,State,Saran,Siwan,State Kisan Vice President,Babban Tiwari,9931790179.0,Bhagwanpur Hat,"Babban Tiwari | 68 | Male | General | Bhumihar

-PACS Chairman(1992-Current)
-Vyapar Mandal Adhyaksh(2019-Current)
-Prominent Bhumihar face in Maharajganj Assembly.",Bhagwanpur Hat_40,,,,,,,
6.0,State,Saran,Saran,Minority Prakoshth State Vice President,Ashraf Raza Khan,7004667658.0,Lahladpur,"-Former CPIM Zila Sachiv in Saran District. 
-Started political career as a Student leader in SFI from Rajendra College.
-Former District President of SFI.
-Worked in Three Districts for Left Party Organizations. Contested BDC and ZP but lost",Lahladpur_1,,,,,,,
क्षेत्रीय संगठन ,,,,,,,,,,,,,,,,
Sr No ,PH Type,Zone,District,Post,Name,Mobile Number,Block,Profile,Final Candidature Status,,,,,,,
1.0,Advisory Committee,Saran,Gopalganj,राज्य सलाहकार समिति,ओम प्रकाश पंडित,9006670269.0,गोपालगंज,"Om Prakash Pandit | 64 | Male | EBC | Kumhar

- District Adhyaksh of Kumhar Sangh- Retd. Teacher",Gopalganj_20,,,,,,,
2.0,Advisory Committee,Saran,Siwan,राज्य सलाहकार समिति,सुनील राय,9199160591.0,महाराजगंज-112,"Sunil Ray | Male | 55 | General |  Bhumihar | MLA Contestant

-Former MLA Contestant, BSP, Maharajganj Constituency, 2010, Got 9012 Votes
-Incumbent 5 Consecutive Terms Mukhiya , 2001 To Till Date 
-Former BSP Member, 2010 To 2024
-Social Worker
-Owns a Gas Agency",Not Listed,,,,,,,
3.0,Advisory Committee,Saran,Saran,राज्य सलाहकार समिति,नवीन कुमार सिंह उर्फ़ अभय सिंह,9570756851.0,मढ़ौरा-117,"-In 2001 He contested the ZP election and lose by 123 votes.
-In 2006 seat gets reserved.  His wife contested for ZP and lose by 300 votes.

",Nagra_19,,,,,,,
4.0,Advisory Committee,Saran,Saran,राज्य सलाहकार समिति,राम पुकार मेहता,6299231250.0,,"-2 term Mukhiya from 2011-2021.
-Contested MLA election 2015(6600 votes), 2020(1500 votes).
-ZP contestant from Dariyapur seat no. 42 and got 3200 votes. 
-Former RJD EBC cell district president.",Maker_34,,,,,,,
5.0,Advisory Committee,Saran,Gopalganj,राज्य सलाहकार समिति,राधा रमण मिश्रा,9431217011.0,Gopalganj,"Radha Raman Mishra | 55 | Male | General | Brahmin

- 4 Terms Mukhiya
- Kisan Shri awardee
- Former INC Block President",Gopalganj_20,,,,,,,
6.0,Advisory Committee,Saran,Saran,राज्य सलाहकार समिति,राज नंदन प्रसाद यादव (पुलिस राय),9334764590.0,Nagra,"- Ex-Defacto three terms Mukhiya of Kuriyan GP (2001-16)
- Jitendra Kumar Rai Slo Yaduvanshi Rai , MLA Leader (6 times) is very close to him.",Nagra_19,,,,,,,
7.0,Zonal,Saran,Siwan,युवा प्रकोष्ठ प्रभारी,आनंद कुमार सिंह,7481990767.0,सिवान,"-Assembly Contested in 2020 got 3200 votes.
-His Mother was BDC Runner up in 2021.
-Zila Upadhyaksh of Yuva Morcha BJP in 2017-19
-Occupation: Ayurved Medicines Distributer
-Education: Intermediate",Mashrakh_28,,,,,,,
8.0,Zonal,Saran,Gopalganj,किसान प्रकोष्ठ प्रभारी,राजिंदर सिंह,9969020000.0,गोपालगंज,"Rajendra Singh | 55 | Male | General | Rajput

-Retired Senior Officer, MTNL Mumbai
-Director, Gopalganj Kishan Foundation Championing rural development, sustainable agriculture, and farmer empowerment.  
-Honored by the Cabinet Minister– Recognized for pioneering efforts in Rural Haat Development for grassroots economic upliftment.  
-Corona Apda Nayak Award Awarded by the State Government for exceptional leadership and public service during the COVID-19 crisis.  
-Awarded by Bihar Kisan Samman (2021) Felicitated by Hon’ble CM Nitish Kumar and Agriculture Minister for outstanding contribution to farmers’ welfare in Bihar.  """,Gopalganj_20,,,,,,,
9.0,Zonal,Saran,Saran,व्यवसायिक प्रकोष्ठ प्रभारी,सरोज गुप्ता,7667507771.0,सारण,"Saroj Gupta l 57 l OBC l Sonar

- Rashtiya mahasachiv LJP (P) (2017-2024)
- LJP Pradesh Sachiv (2012-17)
- Zila Adhyaksh Ati Pichhda Prakoshth LJP (2007-12)
- BJP Sanghatan Mantri - 1996- 2001
- Mukhiya contestant 2006",Sonepur_45,,,,,,,
10.0,Zonal,Saran,Saran,ओबीसी प्रकोष्ठ प्रभारी,जय राम राय,9572608555 / 6206844945,सारण,,Marhaurah_20,,,,,,,
11.0,Zonal,Saran,Gopalganj,अम्बेडकर मंच प्रभारी,राजू प्रसाद ऊर्फ राजू बैठा,9199320663.0,गोपालगंज,,Bhorey_6,,,,,,,
12.0,Zonal,Saran,Saran,अल्पसंख्यक प्रकोष्ठ प्रभारी,अब्दुल मन्नान खान,7543856648.0,सारण,,Baniapur_4,,,,,,,
13.0,Zonal,Saran,Gopalganj,मीडिया प्रभारी,फ़ैज़ अहमद,9113717009/9939454973,,,Isuapur_25,,,,,,,
14.0,Zonal Prabhari,Saran,Saran,OBC Prakoshth Zonal Prabhari,Jai Ram Rai,9572608555 / 6206844945,Marhaurah,,Marhaurah_20,,,,,,,
Gopalganj  District ,,,,,,,,,,,,,,,,
Sr No ,PH Type,Zone,District,Post,Name,Mobile Number,Block,Profile,Final Candidature Status,,,,,,,
1.0,District PH,Saran,Gopalganj,जिला सलाहकार समिति,मोहन प्रसाद साव,8961161741.0,सिधवलिया,"Mohan Prashad Saav | Male | 59 | EBC | Kanu

- 2 times Mukhiya 2006- 2016
- MLA Candidate 
- State General Secretary All India Kanu Mahasabha
- EBC leader.",Sidhwaliya_28,,,,,,,
2.0,District PH,Saran,Gopalganj,अध्यक्ष,श्री अजय प्रसाद,9939836094.0,बैकुंठपुर,"Ajay Prasad | Male | 52 | OBC | Kushwaha | Former Mukhiya

-Former 3 Terms Mukhiya (2001 To 2016)
-Former Mukhiya Sangh Adhyaksh(2006 To 2016)
-Former ZP Contestant, 2021, Got 4700 Votes
-Former JDU Member(2020 To 2024)
-Former Janta Dal Yuva Zila Adhyaksh(1995 To 1998)

",Not Listed,,,,,,,
3.0,District PH,Saran,Gopalganj,महामंत्री,श्री वीरेंद्र राय,8210252020.0,पंचदेवरी,"Virendra Kumar Rai | 50 | Male | General | Bhumihar


- Former Block President of JD(U) from 1997-2007. 
- Zila Mahamantri of the JD(U) Party from 2007-2011.  
- Former president of Zila 20 sootri Karyakaram of Gopalganj District.  ",Panchdeori_3,,,,,,,
4.0,District PH,Saran,Gopalganj,संसदीय क्षेत्र चुनाव प्रभारी ,अशफाक अहमद,9472011786.0,बैकुंठपुर,Incumbent ZP ,Not Listed,,,,,,,
5.0,Saran,Gopalganj,Gopalganj,ओबीसी प्रकोष्ठ अध्यक्ष,योगेन्द्र चौधरी,9771507458.0,बरौली,,Barauli_26,,,,,,,
6.0,Saran,Gopalganj,Gopalganj,युवा प्रकोष्ठ अध्यक्ष,Dr. Raza Hussain,8709243821/8002934710,Kuchaikote,"- Famous Minority Activist. He was very active against CAA-NRC in Gopalganj.
- He runs a Muslim welfare society in Gopalganj.
- He is a medical Practitioner and Social worker.",Not Listed,,,,,,,
7.0,District PH,Saran,Gopalganj,अम्बेडकर मंच अध्यक्ष,निर्गुण मांझी,9572237663.0,बरौली,,Barauli_26,,,,,,,
8.0,District PH,Saran,Gopalganj,कर्पूरी मंच अध्यक्ष,Lal Babu Prasad,6202221215/9708890933,Bhore,- Sarpanch 2016- till date Hussepur Panchyat - Defacto Mukhiya 2011- 2016 - State & District Adhyaksh Khatik Sangh 2015- till date - RJD district secretary EBC Cell 2004- 2007 - RJD Kisan Morcha District Adhyaksh 2017- 2018 - INC District General Secretary 2013- 2014,Bhorey_7,,,,,,,
उपाध्यक्ष ,,,,,,,,,,,,,,,,
1.0,District PH,Saran,Gopalganj,जिला उपाध्यक्ष,श्रीमती गीता द्विवेदी,7893602498.0,कटेया,"-Hindi and Bhojpuri famous Poetess - Fought PACs Election 2024 got second position (236 votes) - AirForce family welfare association secretory (2012 to 2022) - Hosted President Pranab Mukherjee visit Airforce station TambChamar, Tamil Nadu as a airforce family welfare secretory - Hosted the Ram Jamutsav event at Tulsi Vatika Ayodhya (2024)",Kataiya_2,,,,,,,
2.0,District PH,Saran,Gopalganj,जिला उपाध्यक्ष,श्री ब्रजकिशोर दुबे,9939674137.0,पंचदेवरी,,Panchdeori_3,,,,,,,
3.0,District PH,Saran,Gopalganj,जिला उपाध्यक्ष,श्री जग नारायण सिंह,9934895809.0,गोपालगंज सदर,- Mukhiya Contestant 2001                                                                                              - 2010 MLA Candidate                                                                                                                                                                      - JDU block President Kisan Prakosht,Gopalganj_21,,,,,,,
सचिव ,,,,,,,,,,,,,,,,
1.0,District PH,Saran,Gopalganj,जिला सचिव,श्री अशोक सिंह,9006673304.0,सिधवलिया,"- Contested the Mukhiya elections in 2016,has a good influence in 8 panchayats in the Sidhwalia block.",Sidhwaliya_28,,,,,,,
2.0,District PH,Saran,Gopalganj,जिला सचिव,श्री रंजीत यादव,9801004513.0,मांझा,"Ranjeet Kr Yadav|32|Male|OBC| Yadav
- EX RJD Siwan sadar mahasachiv 2020-2024
- Defacto ZP contestant 2011 secured 1300 votes.
- He runs 5 SChools at Gopalgunj & Siwan dists.",Manjha_22,,,,,,,
3.0,District PH,Saran,Gopalganj,जिला सचिव,श्री विकास दुबे,9878642721.0,विजयीपुर,"Vikas Dubey | Male | 42 | General | Brahmin | Private Job

-Sales Manager at Automobile Industry
-Social Worker",Bijaipur_5,,,,,,,
4.0,District PH,Saran,Gopalganj,जिला सचिव,श्री जुल्फिकार अहमद,9939665819.0,थावे,He had been Pacs preseident for two times 2004-2014 and one time BDC 2006-2011 and Up mukhiya for one time from Inderabdullah panchayat.,Thawe_19,,,,,,,
5.0,District PH,Saran,Gopalganj,जिला सचिव,श्री धर्मेंद्र परित,8084192441.0,बरौली,"- ZP Member from Seat No.: 27
 - Politically active person and has won the 2021 election securing 9800 votes and winning by a margin of 3600 votes which is highest in the history of Barauli ZP election. - His wife also contested for BDC election in 2016 but lost. He was a BDC himself in 2011 and secured 1100 votes.",Not Listed,,,,,,,
Saran District ,,,,,,,,,,,,,,,,
Sr No ,PH Type,Zone,District,Post,Name,Mobile Number,Block,Profile,Final Candidature Status,,,,,,,
1.0,District PH,Saran,Saran,जिला सलाहकार समिति,नगनारायण प्रसाद,9931250368.0,एकमा,"Nag Narayan Prasad | 54| OBC| Kushwaha
-Former RLSP National GeneralSecretary Close aide of Upendra Kushwaha.
-Worked in many district for Party Organization. -Influential businessman of Janta Bazaar in Lahladpur Prakhand.
-Strong hold in Kushwaha Community.",Lahladpur_1,,,,,,,
2.0,District PH,Saran,Saran,अध्यक्ष,Anand Mohan Singh,6206667541.0,Taraiya,"Anand Mohan ""Guard Sahib""|61|General|Rajput

- Current BDC Member - Retired railway serviceman",Taraiya_24,,,,,,,
3.0,LS Prabahri,Saran,Siwan,संसदीय क्षेत्र चुनाव प्रभारी,सुरेश कुमार साह,9199162090.0,महाराजगंज,"Suresh Sah | 43| EBC | Kanu | Ex Mukhiya

Jansuraaj state working Committee Member
-Former 2 term Mukhiya ( 2011-2021)
-Mukhiya Runner Up in 2021 got 1960 votes 
-Businessman ( Farmer, Rice Mill,& Flor Mill)",Maharajganj_31,,,,,,,
4.0,District PH,Saran,Saran,कर्पूरी मंच अध्यक्ष,सतेन्द्र साहनी,7352043944.0,तरैया,"- 2 Time MLA candidate & 1 Time MP candidate - JDU Jalshramik Prakosth State President; Sangathan Prabhari (Siwan District)
 - anti-PN Singh; was in jail for 6 years in a fake murder case - acquitted in appeal
 - Engineer from ISM Dhanbad",Taraiya_23,,,,,,,
5.0,District PH,Saran,Saran,अम्बेडकर मंच अध्यक्ष,विनोद मांझी,9097925005.0,तरैया,- Mukhiya Taraiya panchayat (2016-2021) - Runner-up Mukhiya (2021) Got 1685 votes and lose by 25 votes - Strong SC Face in block.,Taraiya_24,,,,,,,
6.0,Saran,Saran,Saran,किसान प्रकोष्ठ अध्यक्ष,अरुण मेहता,6206402874.0,दरियापुर,,Dariapur_42,,,,,,,
7.0,District PH,Saran,Saran,मुख्य प्रवक्ता,कुलदीप महासेठ,9472400777.0,अमनौर,"
Kuldeep Mahaseth |43| OBC | Suri

- ZP runner up in 2016
- ZP Runner up got 3853 votes in 2021
- Working in Parbhat Khabar from last 25 years as Editor , - Runs garment shop and owner of two Bank CSP",Amnour_31,,,,,,,
8.0,Zonal,Saran,Saran,कोषाध्यक्ष सह कार्यालय प्रभारी,Atul Pratap Singh,9113116168.0,Garkha,"-Founder and President JP Sangh(2019)
-Vice-president Rojgar Kranti Sangh-(Marhoura Sugar Mill).
-Famous for his work with Sugarcane producing farmers and their fight for Marhaura Sugar Mill.",Garkha_37,,,,,,,
जिला प्रकोष्ठ महामंत्री,,,,,,,,,,,,,,,,
9.0,District PH,Saran,Saran,जिला अंबेडकर मंच महामंत्री,Bachcha Ram,9973398615.0,Manjhi,"""-Former Mukhiya from 2016 to 2021.
-His Nephew and Daughter-in-law are Professor in JNU and his brother is retired from SI.
-One of the Most educated Schedule caste family in Saran District.""",Manjhi_11,,,,,,,
10.0,District PH,Saran,Saran,जिला युवा प्रकोष्ठ महामंत्री,Mukesh Sahni,6200775399.0,Dariyapur,,Not Listed,,,,,,,
11.0,District PH,Saran,Saran,जिला अल्पसंख्यक प्रकोष्ठ महामंत्री,Bhola Khan,9973917561.0,Taraiya,,Not Listed,,,,,,,
उपाध्यक्ष ,,,,,,,,,,,,,,,,
1.0,District PH,Saran,Saran,जिला उपाध्यक्ष,श्री राम बाबू राय,9473383871.0,सोनपुर,"- Former INC Prakhand Adhyaksh 2005-2010.
- Former RJD Member 2013-2021.",Dighwara_44,,,,,,,
2.0,District PH,Saran,Saran,जिला उपाध्यक्ष,श्री नीरज कुमार तिवारी,7370900837.0,लहलादपुर,"- Mukhiya Runner 
 up 2011, 2016
- Running Door to Door Campaign
 and activaly Pramote Jan Suraaj",Lahladpur_1,,,,,,,
सचिव ,,,,,,,,,,,,,,,,
1.0,District PH,Saran,Saran,जिला सचिव,श्री भरत सिंह,9006707449.0,सोनपुर,"-He was elected as Sarpanch in 2021
-He was elected as Sarpanch Sangha Adhyaksha in 2021
-He retired from the job of postmaster in 2017
-He has also taken part in JP Movement",Sonepur_46,,,,,,,
2.0,District PH,Saran,Saran,जिला सचिव,श्री राजेश गिरि,9955636530.0,एकमा,,Ekma_8,,,,,,,
3.0,District PH,Saran,Saran,जिला सचिव,श्री मिथलेश सिंह,9315492609.0,इसुआपुर,,Isuapur_26,,,,,,,
4.0,District PH,Saran,Saran,जिला सचिव,श्री रंजीत सिंह,7273009507.0,गरखा,"- he started his politics from student's life
- 1987-2000- RJD Member
- From 2014- 2015, District Member of BJP
- Founder Member and ex- District Secretary of Jantantrik Vikas Party
- former LJP District Secretary and Prakhand Adhyaksh -former JDU Prakhand Adhyaksh",Garkha_39,,,,,,,
Siwan District ,,,,,,,,,,,,,,,,
Sr No ,PH Type,Zone,District,Post,Name,Mobile Number,Block,Profile,Final Candidature Status,,,,,,,
1.0,District PH,Saran,Siwan,जिला सलाहकार समिति,पुण्यदेव प्रसाद,9801174963.0,पचरुखी,,Pachrukhi_23,,,,,,,
2.0,District PH,Saran,Siwan,जिला सलाहकार समिति,बब्बन तिवारी,9931790179.0,भगवानपुर हाट,"Babban Tiwari | 68 | Male | General | Bhumihar

-PACS Chairman(1992-Current)
-Vyapar Mandal Adhyaksh(2019-Current)
-Prominent Bhumihar face in Maharajganj Assembly.",Bhagwanpur Hat_40,,,,,,,
3.0,District PH,Saran,Siwan,जिला सलाहकार समिति,हरूनी महतो,7258881122.0,महाराजगंज,"- Two time ZP ( 2011-16) ( 2021- Present)
- Majdoor Union Adhyaksh 1996- 2008( Coal Mine Dhanbad)
- His son is Doctor at AIIMS Delhi.",Maharajganj_32,,,,,,,
4.0,District PH,Saran,Siwan,अध्यक्ष,Upendra Singh,9801042225.0,Daraundha,"Upendra singh | 52 | Male | General | Bhumihar

-Former Zp(2016- 2021 ) 
-Runnerup ZP(2021)
-Former Block Pramukh (2001-2006)- 
-Director of RK B.ed College",Bhagwanpur Hat_41,,,,,,,
5.0,District PH,Saran,Siwan,महामंत्री,Professor Dinesh Kumar Yadav,7004656426.0,Mairwa,"Dinesh Kumar Yadav | Male | 58 | OBC | Yadav | Teacher

-Principal MS College, Mairwa
-Provide Free Education To Poors Students",Mairwa_2,,,,,,,
6.0,Saran,Siwan,Siwan,युवा प्रकोष्ठ अध्यक्ष,मनीष तिवारी,9523777685.0,सिसवन,"Incumbent ward Panch
-Active in Pncahayat Politics - block coordinator of Siswan prakhand",Siswan_27,,,,,,,
7.0,District PH,Saran,Siwan,मुख्य प्रवक्ता,फिरदौस बानो,7004515045.0,गोरियाकोठी,,Not Listed,,,,,,,
8.0,District PH,Saran,Siwan,मुख्य प्रवक्ता,Vinod Singh,8292482316.0,Ziradei,"Vinod Kumar Singh | Male | 53 | General | Rajput | ZP Contestant

-Former ZP Contestant, 2011, Runner Up
-Former Mukhiya Contestant, 2006, Runner Up
-Former ASA Party Pradesh Parvakta and Pradesh Upadhyaksh
-Advocate at Civil Court , Siwan",Ziradei_3,,,,,,,
जिला  प्रकोष्ठ महामंत्री,,,,,,,,,,,,,,,,
1.0,District PH,Saran,Siwan,जिला युवा प्रकोष्ठ महामंत्री,Shekhar Singh,9264173317.0,Bhagwanpur Hat,,Bhagwanpur Hat_40,,,,,,,
2.0,District PH,Saran,Siwan,जिला किसान प्रकोष्ठ महामंत्री,Raghuvar Prasad Singh,8934917116.0,Basantpur,,Basantpur_38,,,,,,,
3.0,District PH,Saran,Siwan,जिला कर्पूरी मंच महामंत्री,Narsingh Chauhan,9973418800.0,Pacharukhi,"Narsingh Chauhan | 48 Male | EBC | Nonia

-De facto BDC since the last two terms, lost Pramukh elections by 2 votes in 2021
-Was Associated with LJP as EBC Prakoshth Zila Adhyaksh
-Prominent Noniya name.",Pachrukhi_21,,,,,,,
35.0,District PH,Saran,Siwan,जिला कर्पूरी मंच महामंत्री,Kishnath Paswan,9161948142.0,Nautan,,Nautan_1,,,,,,,
उपाध्यक्ष ,,,,,,,,,,,,,,,,
1.0,District PH,Saran,Siwan,जिला उपाध्यक्ष,श्री विजय गिरि,9661160014.0,दरौंदा,"-ZP runner-up 2021
-Tall leader of EBC Communities
-",Daraundha_29,,,,,,,
2.0,District PH,Saran,Siwan,जिला उपाध्यक्ष,श्री अजीत मिश्रा,7250256424.0,बसंतपुर,"-2 time Ex Panch 2011,2016
-Incubment Ward Member 2021",Basantpur_38,,,,,,,
जिला सचिव,,,,,,,,,,,,,,,,
1.0,District PH,Saran,Siwan,जिला सचिव,श्री अरबिन्द पांडे,8873869093.0,दारौली,"Arvind Pandey | 50 | Male | General | Brahmin

- De facto Mukhiya of Krishnapalli Panchayat (2021) 
Renowned Social worker of Darauli assembly
- Former MLC representative of Tunna Pandey",Darauli_8,,,,,,,
Vidhan Sabha Sanyojak,,,,,,,,,,,,,,,,
Sr No ,PH Type,Zone,District,Post,Name,Mobile Number,Block,Profile,Final Candidature Status,,,,,,,
1.0,Vidhan Sabha Sanyojak,Saran,Gopalganj,Vidhan Sabha Sanyojak,Dharmendra Kumar Pandit,"8084192441
9693726609",बरौली,,Barauli_27,,,,,,,
2.0,Vidhan Sabha Sanyojak,Saran,Gopalganj,Vidhan Sabha Sanyojak,Mukesh Choubey,8851413917.0,Kuchaikote,"Mukesh Choubey | 36 | Male | General | Brahmin

- Former District Vice President BJP (2021-2023)
-Prabhari Rastriya Mahasachiv Rastriya Narayanwadi Vikash Party
-Strong Hold at Youth Community
-Prominent Businessman",Kuchaikote_11,,,,,,,
3.0,Vidhan Sabha Sanyojak,Saran,Siwan,Vidhan Sabha Sanyojak,Ram Pratap Mahto,9534074275.0,Pacharukhi,2015 -2022 JDU vidhan sabha prabhari,Pachrukhi_22,,,,,,,
4.0,Vidhan Sabha Sanyojak,Saran,Siwan,Vidhan Sabha Sanyojak,Pinkesh Kumar,9939996246.0,Guthni,,Guthani_6,,,,,,,
5.0,Vidhan Sabha Sanyojak,Saran,Siwan,Vidhan Sabha Sanyojak,Ranjan Tiwari,9798987463.0,Goriyakothi,,Goriakothi_34,,,,,,,
6.0,Vidhan Sabha Sanyojak,Saran,Saran,Vidhan Sabha Sanyojak,Rajendra Singh,"9661647043
6200636848",Baniyapur,"""- Former ZP(2011-16) - ZP runner-up in 2016 & 21 - Incumbent PACS Adhyaksh (2009-current)
-Ex BJP District Secretary (2018-21)""",Baniapur_5,,,,,,,
7.0,Vidhan Sabha Sanyojak,Saran,Saran,Vidhan Sabha Sanyojak,Ali Asgar asarfi,9934434570.0,Isuapur,"Asgar Ali |55| Male| Muslim
 - District Member of NSUI 1980-1987
 - Ex- Block Yuva President JDU 1991-1996
 - three term RJD Block President 2019-2022
 - Zila Mahamantri, Minority Cell RJD (2 term)""",Isuapur_26,,,,,,,
8.0,Vidhan Sabha Sanyojak,Saran,Saran,Vidhan Sabha Sanyojak,Md Parwez,9973516109.0,Chhapra sadar,"-Deputy Mayor contestants 4000 votes 2022
-JDU District GeneralSecretary 2005-2008
-JDU Minoritywing Vice President. 2008- 2015
-Nagar Upadhyayksh Sah Prawakta. 2020-2023.""",Not Listed,,,,,,,
,,,,,,,,,,,,,,,,
,,,,,,,,,,,,,,,,
,,,,,,,,,,,,,,,,
,,,,,,,,,,,,,,,,
,,,,,,,,,,,,,,,,
,,,,,,,,,,,,,,,,
,,,,,,,,,,,,,,,,
,,,,,,,,,,,,,,,,
,,,,,,,,,,,,,,,,
,,,,,,,,,,,,,,,,
,,,,,,,,,,,,,,,,
,,,,,,,,,,,,,,,,
,,,,,,,,,,,,,,,,
,,,,,,,,,,,,,,,,
,,,,,,,,,,,,,,,,
,,,,,,,,,,,,,,,,
,,,,,,,,,,,,,,,,
,,,,,,,,,,,,,,,,
,,,,,,,,,,,,,,,,
,,,,,,,,,,,,,,,,
,,,,,,,,,,,,,,,,
,,,,,,,,,,,,,,,,
,,,,,,,,,,,,,,,,
,,,,,,,,,,,,,,,,
,,,,,,,,,,,,,,,,
,,,,,,,,,,,,,,,,
,,,,,,,,,,,,,,,,
,,,,,,,,,,,,,,,,
,,,,,,,,,,,,,,,,
,,,,,,,,,,,,,,,,
,,,,,,,,,,,,,,,,
,,,,,,,,,,,,,,,,
,,,,,,,,,,,,,,,,
,,,,,,,,,,,,,,,,
,,,,,,,,,,,,,,,,
,,,,,,,,,,,,,,,,
,,,,,,,,,,,,,,,,
,,,,,,,,,,,,,,,,
,,,,,,,,,,,,,,,,
,,,,,,,,,,,,,,,,
,,,,,,,,,,,,,,,,
,,,,,,,,,,,,,,,,
,,,,,,,,,,,,,,,,
,,,,,,,,,,,,,,,,
,,,,,,,,,,,,,,,,
,,,,,,,,,,,,,,,,
,,,,,,,,,,,,,,,,
,,,,,,,,,,,,,,,,
,,,,,,,,,,,,,,,,
,,,,,,,,,,,,,,,,
,,,,,,,,,,,,,,,,
,,,,,,,,,,,,,,,,
,,,,,,,,,,,,,,,,
,,,,,,,,,,,,,,,,
,,,,,,,,,,,,,,,,
,,,,,,,,,,,,,,,,
,,,,,,,,,,,,,,,,
,,,,,,,,,,,,,,,,
,,,,,,,,,,,,,,,,
,,,,,,,,,,,,,,,,
,,,,,,,,,,,,,,,,
,,,,,,,,,,,,,,,,
,,,,,,,,,,,,,,,,
,,,,,,,,,,,,,,,,
,,,,,,,,,,,,,,,,
,,,,,,,,,,,,,,,,
,,,,,,,,,,,,,,,,
,,,,,,,,,,,,,,,,
,,,,,,,,,,,,,,,,
,,,,,,,,,,,,,,,,
,,,,,,,,,,,,,,,,
,,,,,,,,,,,,,,,,
,,,,,,,,,,,,,,,,
,,,,,,,,,,,,,,,,
,,,,,,,,,,,,,,,,
,,,,,,,,,,,,,,,,
,,,,,,,,,,,,,,,,
,,,,,,,,,,,,,,,,
,,,,,,,,,,,,,,,,
,,,,,,,,,,,,,,,,
,,,,,,,,,,,,,,,,
,,,,,,,,,,,,,,,,
,,,,,,,,,,,,,,,,
,,,,,,,,,,,,,,,,
,,,,,,,,,,,,,,,,
,,,,,,,,,,,,,,,,
,,,,,,,,,,,,,,,,
,,,,,,,,,,,,,,,,
,,,,,,,,,,,,,,,,
,,,,,,,,,,,,,,,,
,,,,,,,,,,,,,,,,
,,,,,,,,,,,,,,,,
,,,,,,,,,,,,,,,,
,,,,,,,,,,,,,,,,
,,,,,,,,,,,,,,,,
,,,,,,,,,,,,,,,,
,,,,,,,,,,,,,,,,
,,,,,,,,,,,,,,,,
,,,,,,,,,,,,,,,,
,,,,,,,,,,,,,,,,
,,,,,,,,,,,,,,,,
,,,,,,,,,,,,,,,,
,,,,,,,,,,,,,,,,
,,,,,,,,,,,,,,,,
,,,,,,,,,,,,,,,,
,,,,,,,,,,,,,,,,
,,,,,,,,,,,,,,,,
,,,,,,,,,,,,,,,,
,,,,,,,,,,,,,,,,
,,,,,,,,,,,,,,,,
,,,,,,,,,,,,,,,,
,,,,,,,,,,,,,,,,
,,,,,,,,,,,,,,,,
,,,,,,,,,,,,,,,,
,,,,,,,,,,,,,,,,
,,,,,,,,,,,,,,,,
,,,,,,,,,,,,,,,,
,,,,,,,,,,,,,,,,
,,,,,,,,,,,,,,,,
,,,,,,,,,,,,,,,,
,,,,,,,,,,,,,,,,
,,,,,,,,,,,,,,,,
,,,,,,,,,,,,,,,,
,,,,,,,,,,,,,,,,
,,,,,,,,,,,,,,,,
,,,,,,,,,,,,,,,,
,,,,,,,,,,,,,,,,
,,,,,,,,,,,,,,,,
,,,,,,,,,,,,,,,,
,,,,,,,,,,,,,,,,
,,,,,,,,,,,,,,,,
,,,,,,,,,,,,,,,,
,,,,,,,,,,,,,,,,
,,,,,,,,,,,,,,,,
,,,,,,,,,,,,,,,,
,,,,,,,,,,,,,,,,
,,,,,,,,,,,,,,,,
,,,,,,,,,,,,,,,,
,,,,,,,,,,,,,,,,
,,,,,,,,,,,,,,,,
,,,,,,,,,,,,,,,,
,,,,,,,,,,,,,,,,
,,,,,,,,,,,,,,,,
,,,,,,,,,,,,,,,,
,,,,,,,,,,,,,,,,
,,,,,,,,,,,,,,,,
,,,,,,,,,,,,,,,,
,,,,,,,,,,,,,,,,
,,,,,,,,,,,,,,,,
,,,,,,,,,,,,,,,,
,,,,,,,,,,,,,,,,
,,,,,,,,,,,,,,,,
,,,,,,,,,,,,,,,,
,,,,,,,,,,,,,,,,
,,,,,,,,,,,,,,,,
,,,,,,,,,,,,,,,,
,,,,,,,,,,,,,,,,
,,,,,,,,,,,,,,,,
,,,,,,,,,,,,,,,,
,,,,,,,,,,,,,,,,
,,,,,,,,,,,,,,,,
,,,,,,,,,,,,,,,,
,,,,,,,,,,,,,,,,
,,,,,,,,,,,,,,,,
,,,,,,,,,,,,,,,,
,,,,,,,,,,,,,,,,
,,,,,,,,,,,,,,,,
,,,,,,,,,,,,,,,,
,,,,,,,,,,,,,,,,
,,,,,,,,,,,,,,,,
,,,,,,,,,,,,,,,,
,,,,,,,,,,,,,,,,
,,,,,,,,,,,,,,,,
,,,,,,,,,,,,,,,,
,,,,,,,,,,,,,,,,
,,,,,,,,,,,,,,,,
,,,,,,,,,,,,,,,,
,,,,,,,,,,,,,,,,
,,,,,,,,,,,,,,,,
,,,,,,,,,,,,,,,,
,,,,,,,,,,,,,,,,
,,,,,,,,,,,,,,,,
,,,,,,,,,,,,,,,,
,,,,,,,,,,,,,,,,
,,,,,,,,,,,,,,,,
,,,,,,,,,,,,,,,,
,,,,,,,,,,,,,,,,
,,,,,,,,,,,,,,,,
,,,,,,,,,,,,,,,,
,,,,,,,,,,,,,,,,
,,,,,,,,,,,,,,,,
,,,,,,,,,,,,,,,,
,,,,,,,,,,,,,,,,
,,,,,,,,,,,,,,,,
,,,,,,,,,,,,,,,,
,,,,,,,,,,,,,,,,
,,,,,,,,,,,,,,,,
,,,,,,,,,,,,,,,,
,,,,,,,,,,,,,,,,
,,,,,,,,,,,,,,,,
,,,,,,,,,,,,,,,,
,,,,,,,,,,,,,,,,
,,,,,,,,,,,,,,,,
,,,,,,,,,,,,,,,,
,,,,,,,,,,,,,,,,
,,,,,,,,,,,,,,,,
,,,,,,,,,,,,,,,,
,,,,,,,,,,,,,,,,
,,,,,,,,,,,,,,,,
,,,,,,,,,,,,,,,,
,,,,,,,,,,,,,,,,
,,,,,,,,,,,,,,,,
,,,,,,,,,,,,,,,,
,,,,,,,,,,,,,,,,
,,,,,,,,,,,,,,,,
,,,,,,,,,,,,,,,,
,,,,,,,,,,,,,,,,
,,,,,,,,,,,,,,,,
,,,,,,,,,,,,,,,,
,,,,,,,,,,,,,,,,
,,,,,,,,,,,,,,,,
,,,,,,,,,,,,,,,,
,,,,,,,,,,,,,,,,
,,,,,,,,,,,,,,,,
,,,,,,,,,,,,,,,,
,,,,,,,,,,,,,,,,
,,,,,,,,,,,,,,,,
,,,,,,,,,,,,,,,,
,,,,,,,,,,,,,,,,
,,,,,,,,,,,,,,,,
,,,,,,,,,,,,,,,,
,,,,,,,,,,,,,,,,
,,,,,,,,,,,,,,,,
,,,,,,,,,,,,,,,,
,,,,,,,,,,,,,,,,
,,,,,,,,,,,,,,,,
,,,,,,,,,,,,,,,,
,,,,,,,,,,,,,,,,
,,,,,,,,,,,,,,,,
,,,,,,,,,,,,,,,,
,,,,,,,,,,,,,,,,
,,,,,,,,,,,,,,,,
,,,,,,,,,,,,,,,,
,,,,,,,,,,,,,,,,
,,,,,,,,,,,,,,,,
,,,,,,,,,,,,,,,,
,,,,,,,,,,,,,,,,
,,,,,,,,,,,,,,,,
,,,,,,,,,,,,,,,,
,,,,,,,,,,,,,,,,
,,,,,,,,,,,,,,,,
,,,,,,,,,,,,,,,,
,,,,,,,,,,,,,,,,
,,,,,,,,,,,,,,,,
,,,,,,,,,,,,,,,,
,,,,,,,,,,,,,,,,
,,,,,,,,,,,,,,,,
,,,,,,,,,,,,,,,,
,,,,,,,,,,,,,,,,
,,,,,,,,,,,,,,,,
,,,,,,,,,,,,,,,,
,,,,,,,,,,,,,,,,
,,,,,,,,,,,,,,,,
,,,,,,,,,,,,,,,,
,,,,,,,,,,,,,,,,
,,,,,,,,,,,,,,,,
,,,,,,,,,,,,,,,,
,,,,,,,,,,,,,,,,
,,,,,,,,,,,,,,,,
,,,,,,,,,,,,,,,,
,,,,,,,,,,,,,,,,
,,,,,,,,,,,,,,,,
,,,,,,,,,,,,,,,,
,,,,,,,,,,,,,,,,
,,,,,,,,,,,,,,,,
,,,,,,,,,,,,,,,,
,,,,,,,,,,,,,,,,
,,,,,,,,,,,,,,,,
,,,,,,,,,,,,,,,,
,,,,,,,,,,,,,,,,
,,,,,,,,,,,,,,,,
,,,,,,,,,,,,,,,,
,,,,,,,,,,,,,,,,
,,,,,,,,,,,,,,,,
,,,,,,,,,,,,,,,,
,,,,,,,,,,,,,,,,
,,,,,,,,,,,,,,,,
,,,,,,,,,,,,,,,,
,,,,,,,,,,,,,,,,
,,,,,,,,,,,,,,,,
,,,,,,,,,,,,,,,,
,,,,,,,,,,,,,,,,
,,,,,,,,,,,,,,,,
,,,,,,,,,,,,,,,,
,,,,,,,,,,,,,,,,
,,,,,,,,,,,,,,,,
,,,,,,,,,,,,,,,,
,,,,,,,,,,,,,,,,
,,,,,,,,,,,,,,,,
,,,,,,,,,,,,,,,,
,,,,,,,,,,,,,,,,
,,,,,,,,,,,,,,,,
,,,,,,,,,,,,,,,,
,,,,,,,,,,,,,,,,
,,,,,,,,,,,,,,,,
,,,,,,,,,,,,,,,,
,,,,,,,,,,,,,,,,
,,,,,,,,,,,,,,,,
,,,,,,,,,,,,,,,,
,,,,,,,,,,,,,,,,
,,,,,,,,,,,,,,,,
,,,,,,,,,,,,,,,,
,,,,,,,,,,,,,,,,
,,,,,,,,,,,,,,,,
,,,,,,,,,,,,,,,,
,,,,,,,,,,,,,,,,
,,,,,,,,,,,,,,,,
,,,,,,,,,,,,,,,,
,,,,,,,,,,,,,,,,
,,,,,,,,,,,,,,,,
,,,,,,,,,,,,,,,,
,,,,,,,,,,,,,,,,
,,,,,,,,,,,,,,,,
,,,,,,,,,,,,,,,,
,,,,,,,,,,,,,,,,
,,,,,,,,,,,,,,,,
,,,,,,,,,,,,,,,,
,,,,,,,,,,,,,,,,
,,,,,,,,,,,,,,,,
,,,,,,,,,,,,,,,,
,,,,,,,,,,,,,,,,
,,,,,,,,,,,,,,,,
,,,,,,,,,,,,,,,,
,,,,,,,,,,,,,,,,
,,,,,,,,,,,,,,,,
,,,,,,,,,,,,,,,,
,,,,,,,,,,,,,,,,
,,,,,,,,,,,,,,,,
,,,,,,,,,,,,,,,,
,,,,,,,,,,,,,,,,
,,,,,,,,,,,,,,,,
,,,,,,,,,,,,,,,,
,,,,,,,,,,,,,,,,
,,,,,,,,,,,,,,,,
,,,,,,,,,,,,,,,,
,,,,,,,,,,,,,,,,
,,,,,,,,,,,,,,,,
,,,,,,,,,,,,,,,,
,,,,,,,,,,,,,,,,
,,,,,,,,,,,,,,,,
,,,,,,,,,,,,,,,,
,,,,,,,,,,,,,,,,
,,,,,,,,,,,,,,,,
,,,,,,,,,,,,,,,,
,,,,,,,,,,,,,,,,
,,,,,,,,,,,,,,,,
,,,,,,,,,,,,,,,,
,,,,,,,,,,,,,,,,
,,,,,,,,,,,,,,,,
,,,,,,,,,,,,,,,,
,,,,,,,,,,,,,,,,
,,,,,,,,,,,,,,,,
,,,,,,,,,,,,,,,,
,,,,,,,,,,,,,,,,
,,,,,,,,,,,,,,,,
,,,,,,,,,,,,,,,,
,,,,,,,,,,,,,,,,
,,,,,,,,,,,,,,,,
,,,,,,,,,,,,,,,,
,,,,,,,,,,,,,,,,
,,,,,,,,,,,,,,,,
,,,,,,,,,,,,,,,,
,,,,,,,,,,,,,,,,
,,,,,,,,,,,,,,,,
,,,,,,,,,,,,,,,,
,,,,,,,,,,,,,,,,
,,,,,,,,,,,,,,,,
,,,,,,,,,,,,,,,,
,,,,,,,,,,,,,,,,
,,,,,,,,,,,,,,,,
,,,,,,,,,,,,,,,,
,,,,,,,,,,,,,,,,
,,,,,,,,,,,,,,,,
,,,,,,,,,,,,,,,,
,,,,,,,,,,,,,,,,
,,,,,,,,,,,,,,,,
,,,,,,,,,,,,,,,,
,,,,,,,,,,,,,,,,
,,,,,,,,,,,,,,,,
,,,,,,,,,,,,,,,,
,,,,,,,,,,,,,,,,
,,,,,,,,,,,,,,,,
,,,,,,,,,,,,,,,,
,,,,,,,,,,,,,,,,
,,,,,,,,,,,,,,,,
,,,,,,,,,,,,,,,,
,,,,,,,,,,,,,,,,
,,,,,,,,,,,,,,,,
,,,,,,,,,,,,,,,,
,,,,,,,,,,,,,,,,
,,,,,,,,,,,,,,,,
,,,,,,,,,,,,,,,,
,,,,,,,,,,,,,,,,
,,,,,,,,,,,,,,,,
,,,,,,,,,,,,,,,,
,,,,,,,,,,,,,,,,
,,,,,,,,,,,,,,,,
,,,,,,,,,,,,,,,,
,,,,,,,,,,,,,,,,
,,,,,,,,,,,,,,,,
,,,,,,,,,,,,,,,,
,,,,,,,,,,,,,,,,
,,,,,,,,,,,,,,,,
,,,,,,,,,,,,,,,,
,,,,,,,,,,,,,,,,
,,,,,,,,,,,,,,,,
,,,,,,,,,,,,,,,,
,,,,,,,,,,,,,,,,
,,,,,,,,,,,,,,,,
,,,,,,,,,,,,,,,,
,,,,,,,,,,,,,,,,
,,,,,,,,,,,,,,,,
,,,,,,,,,,,,,,,,
,,,,,,,,,,,,,,,,
,,,,,,,,,,,,,,,,
,,,,,,,,,,,,,,,,
,,,,,,,,,,,,,,,,
,,,,,,,,,,,,,,,,
,,,,,,,,,,,,,,,,
,,,,,,,,,,,,,,,,
,,,,,,,,,,,,,,,,
,,,,,,,,,,,,,,,,
,,,,,,,,,,,,,,,,
,,,,,,,,,,,,,,,,
,,,,,,,,,,,,,,,,
,,,,,,,,,,,,,,,,
,,,,,,,,,,,,,,,,
,,,,,,,,,,,,,,,,
,,,,,,,,,,,,,,,,
,,,,,,,,,,,,,,,,
,,,,,,,,,,,,,,,,
,,,,,,,,,,,,,,,,
,,,,,,,,,,,,,,,,
,,,,,,,,,,,,,,,,
,,,,,,,,,,,,,,,,
,,,,,,,,,,,,,,,,
,,,,,,,,,,,,,,,,
,,,,,,,,,,,,,,,,
,,,,,,,,,,,,,,,,
,,,,,,,,,,,,,,,,
,,,,,,,,,,,,,,,,
,,,,,,,,,,,,,,,,
,,,,,,,,,,,,,,,,
,,,,,,,,,,,,,,,,
,,,,,,,,,,,,,,,,
,,,,,,,,,,,,,,,,
,,,,,,,,,,,,,,,,
,,,,,,,,,,,,,,,,
,,,,,,,,,,,,,,,,
,,,,,,,,,,,,,,,,
,,,,,,,,,,,,,,,,
,,,,,,,,,,,,,,,,
,,,,,,,,,,,,,,,,
,,,,,,,,,,,,,,,,
,,,,,,,,,,,,,,,,
,,,,,,,,,,,,,,,,
,,,,,,,,,,,,,,,,
,,,,,,,,,,,,,,,,
,,,,,,,,,,,,,,,,
,,,,,,,,,,,,,,,,
,,,,,,,,,,,,,,,,
,,,,,,,,,,,,,,,,
,,,,,,,,,,,,,,,,
,,,,,,,,,,,,,,,,
,,,,,,,,,,,,,,,,
,,,,,,,,,,,,,,,,
,,,,,,,,,,,,,,,,
,,,,,,,,,,,,,,,,
,,,,,,,,,,,,,,,,
,,,,,,,,,,,,,,,,
,,,,,,,,,,,,,,,,
,,,,,,,,,,,,,,,,
,,,,,,,,,,,,,,,,
,,,,,,,,,,,,,,,,
,,,,,,,,,,,,,,,,
,,,,,,,,,,,,,,,,
,,,,,,,,,,,,,,,,
,,,,,,,,,,,,,,,,
,,,,,,,,,,,,,,,,
,,,,,,,,,,,,,,,,
,,,,,,,,,,,,,,,,
,,,,,,,,,,,,,,,,
,,,,,,,,,,,,,,,,
,,,,,,,,,,,,,,,,
,,,,,,,,,,,,,,,,
,,,,,,,,,,,,,,,,
,,,,,,,,,,,,,,,,
,,,,,,,,,,,,,,,,
,,,,,,,,,,,,,,,,
,,,,,,,,,,,,,,,,
,,,,,,,,,,,,,,,,
,,,,,,,,,,,,,,,,
,,,,,,,,,,,,,,,,
,,,,,,,,,,,,,,,,
,,,,,,,,,,,,,,,,
,,,,,,,,,,,,,,,,
,,,,,,,,,,,,,,,,
,,,,,,,,,,,,,,,,
,,,,,,,,,,,,,,,,
,,,,,,,,,,,,,,,,
,,,,,,,,,,,,,,,,
,,,,,,,,,,,,,,,,
,,,,,,,,,,,,,,,,
,,,,,,,,,,,,,,,,
,,,,,,,,,,,,,,,,
,,,,,,,,,,,,,,,,
,,,,,,,,,,,,,,,,
,,,,,,,,,,,,,,,,
,,,,,,,,,,,,,,,,
,,,,,,,,,,,,,,,,
,,,,,,,,,,,,,,,,
,,,,,,,,,,,,,,,,
,,,,,,,,,,,,,,,,
,,,,,,,,,,,,,,,,
,,,,,,,,,,,,,,,,
,,,,,,,,,,,,,,,,
,,,,,,,,,,,,,,,,
,,,,,,,,,,,,,,,,
,,,,,,,,,,,,,,,,
,,,,,,,,,,,,,,,,
,,,,,,,,,,,,,,,,
,,,,,,,,,,,,,,,,
,,,,,,,,,,,,,,,,
,,,,,,,,,,,,,,,,
,,,,,,,,,,,,,,,,
,,,,,,,,,,,,,,,,
,,,,,,,,,,,,,,,,
,,,,,,,,,,,,,,,,
,,,,,,,,,,,,,,,,
,,,,,,,,,,,,,,,,
,,,,,,,,,,,,,,,,
,,,,,,,,,,,,,,,,
,,,,,,,,,,,,,,,,
,,,,,,,,,,,,,,,,
,,,,,,,,,,,,,,,,
,,,,,,,,,,,,,,,,
,,,,,,,,,,,,,,,,
,,,,,,,,,,,,,,,,
,,,,,,,,,,,,,,,,
,,,,,,,,,,,,,,,,
,,,,,,,,,,,,,,,,
,,,,,,,,,,,,,,,,
,,,,,,,,,,,,,,,,
,,,,,,,,,,,,,,,,
,,,,,,,,,,,,,,,,
,,,,,,,,,,,,,,,,
,,,,,,,,,,,,,,,,
,,,,,,,,,,,,,,,,
,,,,,,,,,,,,,,,,
,,,,,,,,,,,,,,,,
,,,,,,,,,,,,,,,,
,,,,,,,,,,,,,,,,
,,,,,,,,,,,,,,,,
,,,,,,,,,,,,,,,,
,,,,,,,,,,,,,,,,
,,,,,,,,,,,,,,,,
,,,,,,,,,,,,,,,,
,,,,,,,,,,,,,,,,
,,,,,,,,,,,,,,,,
,,,,,,,,,,,,,,,,
,,,,,,,,,,,,,,,,
,,,,,,,,,,,,,,,,
,,,,,,,,,,,,,,,,
,,,,,,,,,,,,,,,,
,,,,,,,,,,,,,,,,
,,,,,,,,,,,,,,,,
,,,,,,,,,,,,,,,,
,,,,,,,,,,,,,,,,
,,,,,,,,,,,,,,,,
,,,,,,,,,,,,,,,,
,,,,,,,,,,,,,,,,
,,,,,,,,,,,,,,,,
,,,,,,,,,,,,,,,,
,,,,,,,,,,,,,,,,
,,,,,,,,,,,,,,,,
,,,,,,,,,,,,,,,,
,,,,,,,,,,,,,,,,
,,,,,,,,,,,,,,,,
,,,,,,,,,,,,,,,,
,,,,,,,,,,,,,,,,
,,,,,,,,,,,,,,,,
,,,,,,,,,,,,,,,,
,,,,,,,,,,,,,,,,
,,,,,,,,,,,,,,,,
,,,,,,,,,,,,,,,,
,,,,,,,,,,,,,,,,
,,,,,,,,,,,,,,,,
,,,,,,,,,,,,,,,,
,,,,,,,,,,,,,,,,
,,,,,,,,,,,,,,,,
,,,,,,,,,,,,,,,,
,,,,,,,,,,,,,,,,
,,,,,,,,,,,,,,,,
,,,,,,,,,,,,,,,,
,,,,,,,,,,,,,,,,
,,,,,,,,,,,,,,,,
,,,,,,,,,,,,,,,,
,,,,,,,,,,,,,,,,
,,,,,,,,,,,,,,,,
,,,,,,,,,,,,,,,,
,,,,,,,,,,,,,,,,
,,,,,,,,,,,,,,,,
,,,,,,,,,,,,,,,,
,,,,,,,,,,,,,,,,
,,,,,,,,,,,,,,,,
,,,,,,,,,,,,,,,,
,,,,,,,,,,,,,,,,
,,,,,,,,,,,,,,,,
,,,,,,,,,,,,,,,,
,,,,,,,,,,,,,,,,
,,,,,,,,,,,,,,,,
,,,,,,,,,,,,,,,,
,,,,,,,,,,,,,,,,
,,,,,,,,,,,,,,,,
,,,,,,,,,,,,,,,,
,,,,,,,,,,,,,,,,
,,,,,,,,,,,,,,,,
,,,,,,,,,,,,,,,,
,,,,,,,,,,,,,,,,
,,,,,,,,,,,,,,,,
,,,,,,,,,,,,,,,,
,,,,,,,,,,,,,,,,
,,,,,,,,,,,,,,,,
,,,,,,,,,,,,,,,,
,,,,,,,,,,,,,,,,
,,,,,,,,,,,,,,,,
,,,,,,,,,,,,,,,,
,,,,,,,,,,,,,,,,
,,,,,,,,,,,,,,,,
,,,,,,,,,,,,,,,,
,,,,,,,,,,,,,,,,
,,,,,,,,,,,,,,,,
,,,,,,,,,,,,,,,,
,,,,,,,,,,,,,,,,
,,,,,,,,,,,,,,,,
,,,,,,,,,,,,,,,,
,,,,,,,,,,,,,,,,
,,,,,,,,,,,,,,,,
,,,,,,,,,,,,,,,,
,,,,,,,,,,,,,,,,
,,,,,,,,,,,,,,,,
,,,,,,,,,,,,,,,,
,,,,,,,,,,,,,,,,
,,,,,,,,,,,,,,,,
,,,,,,,,,,,,,,,,
,,,,,,,,,,,,,,,,
,,,,,,,,,,,,,,,,
,,,,,,,,,,,,,,,,
,,,,,,,,,,,,,,,,
,,,,,,,,,,,,,,,,
,,,,,,,,,,,,,,,,
,,,,,,,,,,,,,,,,
,,,,,,,,,,,,,,,,
,,,,,,,,,,,,,,,,
,,,,,,,,,,,,,,,,
,,,,,,,,,,,,,,,,
,,,,,,,,,,,,,,,,
,,,,,,,,,,,,,,,,
,,,,,,,,,,,,,,,,
,,,,,,,,,,,,,,,,
,,,,,,,,,,,,,,,,
,,,,,,,,,,,,,,,,
,,,,,,,,,,,,,,,,
,,,,,,,,,,,,,,,,
,,,,,,,,,,,,,,,,
,,,,,,,,,,,,,,,,
,,,,,,,,,,,,,,,,
,,,,,,,,,,,,,,,,
,,,,,,,,,,,,,,,,
,,,,,,,,,,,,,,,,
,,,,,,,,,,,,,,,,
,,,,,,,,,,,,,,,,
,,,,,,,,,,,,,,,,
,,,,,,,,,,,,,,,,
,,,,,,,,,,,,,,,,
,,,,,,,,,,,,,,,,
,,,,,,,,,,,,,,,,
,,,,,,,,,,,,,,,,
,,,,,,,,,,,,,,,,
,,,,,,,,,,,,,,,,
,,,,,,,,,,,,,,,,
,,,,,,,,,,,,,,,,
,,,,,,,,,,,,,,,,
,,,,,,,,,,,,,,,,
,,,,,,,,,,,,,,,,
,,,,,,,,,,,,,,,,
,,,,,,,,,,,,,,,,
,,,,,,,,,,,,,,,,
,,,,,,,,,,,,,,,,
,,,,,,,,,,,,,,,,
,,,,,,,,,,,,,,,,
,,,,,,,,,,,,,,,,
,,,,,,,,,,,,,,,,
,,,,,,,,,,,,,,,,
,,,,,,,,,,,,,,,,
,,,,,,,,,,,,,,,,
,,,,,,,,,,,,,,,,
,,,,,,,,,,,,,,,,
,,,,,,,,,,,,,,,,
,,,,,,,,,,,,,,,,
,,,,,,,,,,,,,,,,
,,,,,,,,,,,,,,,,
,,,,,,,,,,,,,,,,
,,,,,,,,,,,,,,,,
,,,,,,,,,,,,,,,,
,,,,,,,,,,,,,,,,
,,,,,,,,,,,,,,,,
,,,,,,,,,,,,,,,,
,,,,,,,,,,,,,,,,
,,,,,,,,,,,,,,,,
,,,,,,,,,,,,,,,,
,,,,,,,,,,,,,,,,
,,,,,,,,,,,,,,,,
,,,,,,,,,,,,,,,,
,,,,,,,,,,,,,,,,
,,,,,,,,,,,,,,,,
,,,,,,,,,,,,,,,,
,,,,,,,,,,,,,,,,
,,,,,,,,,,,,,,,,
,,,,,,,,,,,,,,,,
,,,,,,,,,,,,,,,,
,,,,,,,,,,,,,,,,
,,,,,,,,,,,,,,,,
,,,,,,,,,,,,,,,,
,,,,,,,,,,,,,,,,
,,,,,,,,,,,,,,,,
,,,,,,,,,,,,,,,,
,,,,,,,,,,,,,,,,
,,,,,,,,,,,,,,,,
,,,,,,,,,,,,,,,,
,,,,,,,,,,,,,,,,
,,,,,,,,,,,,,,,,
,,,,,,,,,,,,,,,,
,,,,,,,,,,,,,,,,
,,,,,,,,,,,,,,,,
,,,,,,,,,,,,,,,,
,,,,,,,,,,,,,,,,
,,,,,,,,,,,,,,,,
,,,,,,,,,,,,,,,,
,,,,,,,,,,,,,,,,
,,,,,,,,,,,,,,,,
,,,,,,,,,,,,,,,,
,,,,,,,,,,,,,,,,
,,,,,,,,,,,,,,,,
,,,,,,,,,,,,,,,,
,,,,,,,,,,,,,,,,
,,,,,,,,,,,,,,,,
,,,,,,,,,,,,,,,,
,,,,,,,,,,,,,,,,
,,,,,,,,,,,,,,,,
,,,,,,,,,,,,,,,,
,,,,,,,,,,,,,,,,
,,,,,,,,,,,,,,,,
,,,,,,,,,,,,,,,,
,,,,,,,,,,,,,,,,
,,,,,,,,,,,,,,,,
,,,,,,,,,,,,,,,,
,,,,,,,,,,,,,,,,
,,,,,,,,,,,,,,,,
,,,,,,,,,,,,,,,,
,,,,,,,,,,,,,,,,
,,,,,,,,,,,,,,,,
,,,,,,,,,,,,,,,,
,,,,,,,,,,,,,,,,
,,,,,,,,,,,,,,,,
,,,,,,,,,,,,,,,,
,,,,,,,,,,,,,,,,
,,,,,,,,,,,,,,,,
,,,,,,,,,,,,,,,,
,,,,,,,,,,,,,,,,
,,,,,,,,,,,,,,,,
,,,,,,,,,,,,,,,,
,,,,,,,,,,,,,,,,
,,,,,,,,,,,,,,,,
,,,,,,,,,,,,,,,,
,,,,,,,,,,,,,,,,
,,,,,,,,,,,,,,,,
,,,,,,,,,,,,,,,,
,,,,,,,,,,,,,,,,
,,,,,,,,,,,,,,,,
,,,,,,,,,,,,,,,,
,,,,,,,,,,,,,,,,
,,,,,,,,,,,,,,,,
,,,,,,,,,,,,,,,,
,,,,,,,,,,,,,,,,
,,,,,,,,,,,,,,,,
,,,,,,,,,,,,,,,,
,,,,,,,,,,,,,,,,
,,,,,,,,,,,,,,,,
,,,,,,,,,,,,,,,,
,,,,,,,,,,,,,,,,
,,,,,,,,,,,,,,,,
,,,,,,,,,,,,,,,,
,,,,,,,,,,,,,,,,
,,,,,,,,,,,,,,,,
,,,,,,,,,,,,,,,,
,,,,,,,,,,,,,,,,
,,,,,,,,,,,,,,,,
,,,,,,,,,,,,,,,,
,,,,,,,,,,,,,,,,
,,,,,,,,,,,,,,,,
,,,,,,,,,,,,,,,,
,,,,,,,,,,,,,,,,
,,,,,,,,,,,,,,,,
,,,,,,,,,,,,,,,,
,,,,,,,,,,,,,,,,
,,,,,,,,,,,,,,,,
,,,,,,,,,,,,,,,,
,,,,,,,,,,,,,,,,
,,,,,,,,,,,,,,,,
,,,,,,,,,,,,,,,,
,,,,,,,,,,,,,,,,
,,,,,,,,,,,,,,,,
,,,,,,,,,,,,,,,,
,,,,,,,,,,,,,,,,
,,,,,,,,,,,,,,,,
,,,,,,,,,,,,,,,,
,,,,,,,,,,,,,,,,
,,,,,,,,,,,,,,,,
,,,,,,,,,,,,,,,,
,,,,,,,,,,,,,,,,
,,,,,,,,,,,,,,,,
,,,,,,,,,,,,,,,,
,,,,,,,,,,,,,,,,
,,,,,,,,,,,,,,,,
,,,,,,,,,,,,,,,,
,,,,,,,,,,,,,,,,
,,,,,,,,,,,,,,,,
,,,,,,,,,,,,,,,,
,,,,,,,,,,,,,,,,
,,,,,,,,,,,,,,,,
,,,,,,,,,,,,,,,,
,,,,,,,,,,,,,,,,
,,,,,,,,,,,,,,,,
,,,,,,,,,,,,,,,,
,,,,,,,,,,,,,,,,
,,,,,,,,,,,,,,,,
,,,,,,,,,,,,,,,,
,,,,,,,,,,,,,,,,
,,,,,,,,,,,,,,,,
,,,,,,,,,,,,,,,,
,,,,,,,,,,,,,,,,
,,,,,,,,,,,,,,,,
,,,,,,,,,,,,,,,,
,,,,,,,,,,,,,,,,
,,,,,,,,,,,,,,,,
,,,,,,,,,,,,,,,,
,,,,,,,,,,,,,,,,
,,,,,,,,,,,,,,,,
,,,,,,,,,,,,,,,,
,,,,,,,,,,,,,,,,
,,,,,,,,,,,,,,,,
,,,,,,,,,,,,,,,,
,,,,,,,,,,,,,,,,
,,,,,,,,,,,,,,,,
,,,,,,,,,,,,,,,,
,,,,,,,,,,,,,,,,
,,,,,,,,,,,,,,,,
,,,,,,,,,,,,,,,,
,,,,,,,,,,,,,,,,
,,,,,,,,,,,,,,,,
,,,,,,,,,,,,,,,,
,,,,,,,,,,,,,,,,
,,,,,,,,,,,,,,,,
,,,,,,,,,,,,,,,,
,,,,,,,,,,,,,,,,
,,,,,,,,,,,,,,,,
,,,,,,,,,,,,,,,,
,,,,,,,,,,,,,,,,
,,,,,,,,,,,,,,,,
,,,,,,,,,,,,,,,,
,,,,,,,,,,,,,,,,
,,,,,,,,,,,,,,,,
,,,,,,,,,,,,,,,,
,,,,,,,,,,,,,,,,
,,,,,,,,,,,,,,,,
,,,,,,,,,,,,,,,,
,,,,,,,,,,,,,,,,
,,,,,,,,,,,,,,,,
,,,,,,,,,,,,,,,,
,,,,,,,,,,,,,,,,
,,,,,,,,,,,,,,,,
,,,,,,,,,,,,,,,,
,,,,,,,,,,,,,,,,
,,,,,,,,,,,,,,,,
,,,,,,,,,,,,,,,,
,,,,,,,,,,,,,,,,
,,,,,,,,,,,,,,,,
,,,,,,,,,,,,,,,,
,,,,,,,,,,,,,,,,
,,,,,,,,,,,,,,,,
,,,,,,,,,,,,,,,,
,,,,,,,,,,,,,,,,
,,,,,,,,,,,,,,,,
,,,,,,,,,,,,,,,,
,,,,,,,,,,,,,,,,
,,,,,,,,,,,,,,,,
,,,,,,,,,,,,,,,,
,,,,,,,,,,,,,,,,
,,,,,,,,,,,,,,,,
,,,,,,,,,,,,,,,,
,,,,,,,,,,,,,,,,
,,,,,,,,,,,,,,,,
,,,,,,,,,,,,,,,,
,,,,,,,,,,,,,,,,
,,,,,,,,,,,,,,,,
,,,,,,,,,,,,,,,,
,,,,,,,,,,,,,,,,
,,,,,,,,,,,,,,,,
,,,,,,,,,,,,,,,,
,,,,,,,,,,,,,,,,
,,,,,,,,,,,,,,,,
,,,,,,,,,,,,,,,,
