राज्य कमिटी ,,,,,,,,,,,,,,,,
Sr No ,PH Type,Zone,District,Post,Name,Mobile Number,Block,Profile,Final Candidature Status,,,,,,,
1.0,State,Trihut,Sheohar,,Pramodh Shah,9304185667.0,Purnahiya,"-Incumbent block Pramukh(2016, 2021)
 -Prominent Businessman ( Ghadi Detergent Agency, School Owner & Hardware Buiseness)",Purnahiya_1,,,,,,,
2.0,State,Trihut,Muzaffarpur,State General Secretary,Shatrughan Sahani,9430461513.0,Paroo,"-Former ASA Party, Rashtriya Upadhyaksh, 2024 To 2025
-Former ASA Party EBC Cell State President, 2024 To 2025
-Former JDU Vidhan Sabha Prabhari, 2019 To 2024
-Former JDU Pradesh Mahasachiv, 2017 To 2019
-Former LJP Pradesh Mahaschiv, 2003 To 2012
-Former Janta Dal Zila Mahasachiv, 1985 To 1990
Former Assembly Election Contestant, Independent, Paroo, 1990, Got 14100 Votes
-Former 2 Terms ZP Member, 2001 To 2006 & 2016 To 2021
-Former 20 Sutri Adhyaksh, 1990 To 2000",Saraiya_17,,,,,,,
3.0,State,Trihut,Sheohar,State Yuva Vice President,Sudheer Gupta,9525847700.0,Sheohar,"- Zila Mahasachiv of Sheohar Jan jagran Munch
- Incumbent Zila Adhyaksh of Kamlapuri Vashya Sangh
- Actively participated in many movements like Rail lao Andolan and the establishment of Degree collage and also the movement for Govt Bus service
- Former district youth secretary of the AAP party",Majorganj_4,,,,,,,
4.0,State,Trihut,Sitamarhi,Minority Prakoshth State Vice President,Asghar Ali Chaudhary,9818586084.0,Bajpatti,"- Sarpanch sangh zila parvakta (2021-present)""",Bajpatti_31,,,,,,,
5.0,State,Trihut,Sitamarhi,"Karpoori Manch
 State Vice President",Nand Kishore Gupta,9661202082.0,Parihar,"
-Jansuraaj State Executive Member
-Jansuraaj District Abhiyan Samiti Member ( 2022)
-Independent MP Contested in 2014 (Got 6588 Votes)
-District President of  Bihar State Jeewika Cadre Sangh (In Present)
-Cheif Spokes Person of Bihar State Jeewika Cadre Sangh 
-Former JDU District Active Member ( 2003-2005) 
-2 Term Sarpanch Runner Up ( 2006 & 2021)
-Mukhiya Runner Up ( 2016)",Parihar_25,,,,,,,
6.0,State,Tirhut,Sitamarhi,Karpoori Manch SWG,Ravi Sagar,9905233742.0,Runnisaidpur,"-Zila Spokesperson BJP since 2021
- BJP Zila Mantri for 2 years 2019-2021 & was also a Prabhari of IT cell in 2018
- Manav Aadhikar Sahayata Sangh Ke Jila Aadhyaksh for 4 years -Also a reporter of Tatkal Khabar",Runnisaidpur_11,,,,,,,
7.0,State,Tirhut,Muzaffarpur,Karpoori Manch SWG,Rajesh Mandal,7488650474.0,Katra,"- District Adhyaksh of Labour Union since 2005
- ZP 2rd runner up (2021), received 3165 votes
- ZP 3rd runner up area 42 (2016), received 2200 votes",Katra_42,,,,,,,
8.0,State,Tirhut,Sheohar,Karpoori Manch SWG,Shyam Prasad Thakur,6204606332.0,Purnahiya,"-Incumbent Panchayat Samiti (2021)
-BDC 1st runner up (2016)
-Former Block Adhyaksh of EBC Prakosth (RJD)
-Disposable Plate Factory and Bricks Factory (Cement) in his panchayat",Not Listed,,,,,,,
9.0,State,Tirhut,Sheohar,OBC SWG,Ravindra Mahto,9798351081.0,Piprahi,"- Ex PACS Adhyaksh 2019
-Defacto Mukhiya 2021
- Associated with Jansuraaj Since padyatra
- prakhand adhyaksh in jansuraaj",Not Listed,,,,,,,
10.0,State,Tirhut,Sitamarhi,OBC SWG,Devnarayan Prasad,9801828796.0,Suppi,"- BJP Zila Upadhyaksh (two terms)
- babu singh kushwaha jan adhikar party ke pradesh upadhyaksh",Not Listed,,,,,,,
11.0,State,Tirhut,Muzaffarpur,OBC SWG,Amrendra Singh,6202497085.0,Aurai,"-Pradesh Yuva RLM
-Z.P in 2006",Not Listed,,,,,,,
12.0,State,Tirhut,Sitamarhi,SC SWG,Rajesh Ram,7372870402.0,Majorganj,"Rajesh Ram|7372870402 | Male | 40 | SC | Chamar | 7372870402 | Defacto Zila Parishad  
-Incumbent Defacto ZP Member, 2021 To Till Date
-Former Mukhiya Contestant, 2011, runner Up
-Former RJD Sanghatan Prabhari, 2024 To 2025
- Agriculture",Majorganj_4,,,,,,,
13.0,State,Tirhut,Sitamarhi,SC SWG,Vijay Paswan,7050552579.0,Suppi,"Vijay Paswan | 43 | SC | Dusadh| 7050552579 
- Incumbent mukhiya (2021-present)
- 2-terms Ex-BDC (2011-21)
- Prominent SC face in his block ond adjacent blocks",Suppi_3,,,,,,,
क्षेत्रीय संगठन ,,,,,,,,,,,,,,,,
Sr No ,PH Type,Zone,District,Post,Name,Mobile Number,Block,Profile,Final Candidature Status,,,,,,,
1.0,Zonal,Tirhut,Sitamarhi,प्रभारी,श्री नवल किशोर राऊत,"9955715762
9708824566",Charaut,"Nawal Kishor Raut | Male | 54 | OBC | Bania | Incumbent ZP 
-Incumbent ZP Member(2021 To Till Date)
-Former MLA Contestant, 2015 , CPI, Got 12000 Votes
-Former MLC Contestant, CPI, 2009, Sheohar, 512 Votes
-Former ZP Member 2001 to 2011
-Former CPI Joint Secretary(2000 to 2020)
-Former CPI Member(1985 to 2020)
-Jan Suraaj Zila Prabhari",Choraut_32,,,,,,,
2.0,Zonal,Tirhut,Muzaffarpur,युवा प्रकोष्ठ प्रभारी,श्री वेद प्रकाश,9431645345.0,Katra,"Ved Prakash | 37 | Male | General |  Bhumihar 
 -  Former Congress Prakhand Parvakta 2018-2019
-  Fromer Congress Zila Parvakta 2019-2021
- Former Zila Adhyaksh From JAP (2021-2023)
- Former Digital membership incharge in muzaffarpur in Congress 2019-2020
- He has completed his dimploma in computre hardware networking from Muzaffarpur Politechnic.",Katra_42,,,,,,,
3.0,Zonal,Tirhut,Muzaffarpur,किसान प्रकोष्ठ प्रभारी,श्री दिलीप कुशवाहा,8210610415.0,Minapur,"Dilip Kumar| Male | 48 | OBC | Koiri | 
JDU State General Secretary
-Jansuraaj State working Commitee Member
-Former JDU State General Secretary ( 2014-2018)
-Farmer (Honey Production)
 ",Bochahan_36,,,,,,,
4.0,Zonal,Tirhut,Sitamarhi,ओबीसी प्रकोष्ठ प्रभारी,श्री वीरेंद्र राय,8521687228.0,Sonbarsa,"- Former Zp (2016) - Zp Runner up (2021 , Secure second Position)
- Journalist Hindustan as of field reporter",Sonbarsa_21,,,,,,,
5.0,Zonal,Tirhut,Muzaffarpur,अम्बेडकर मंच प्रभारी,श्री चंद्रकेश चौधरी,9934659196.0,Mushahari,"-Zp Runner up and attained 7256 Votes in 2021 from Area number 31, Mushahari
-Mukhiya(2006-2011) , Panchayat Narauli.
- Former Pradesh mahasachiv, LJP (2023-2024)
- Runs a Sangathan called ' samvidhan jan jagran Abhiyan' focusing upon spreading constitutional awareness.",Mushahari_31,,,,,,,
6.0,Advisory Committee,Tirhut,Muzaffarpur,राज्य सलाहकार,मो. कमर आलम तमन्ना,9801661959.0,Aurai,"- 2001-06, 2011-16 - 2 terms Mukhiya
- 2006-11, 2016-21 - 2 times Mukhiya Runner",Aurai_41,,,,,,,
7.0,Advisory Committee,Tirhut,Sitamarhi,राज्य सलाहकार,श्री राज नंदन गांधी,9430213912.0,Suppi,"-Former Mukhiya 1978–2001
-Independent MP Candidate 1980
-Lok Dal Party MP Candidate 1985
-RJD District Committee Member (Zila Mahamantri) 1990
-BSP MP Candidate 1995
-His Wife Was Mukhiya 2006–2021",Suppi_2,,,,,,,
8.0,Candidate,Tirhut,Sitamarhi,Candidate,श्री अवधेश प्रसाद,9546906671.0,Parihar,"- Former Pradesh Mahasachiv of RLSP
- Founding member RLSP
- Former mukhiya (2001-06)
- Former 2 times PACS (2009-19)",Parihar_23,,,,,,,
9.0,Candidate,Tirhut,Muzaffarpur,Candidate,श्री राधा रमण उर्फ बबलू सिंह,9525898953.0,Aurai,"- Incumbent Mukhiya of Jarang West.
- Three-term Mukhiya (2006-11, 2011-16 and 2021-continue).
- Mukhiya Sangh Adhayaksh (2011-16).\",Aurai_40,,,,,,,
10.0,Candidate,Tirhut,Muzaffarpur,Candidate,श्री तेज नारायण साहनी,9470038173.0,Muzaffarpur Purvi,"Tej Narayan Sahni | 52 | Mallah 

- De-facto ZP (33), secured 8503 votes
- He has also been the Pradesh Mahasachiv of JDU since 2022.
- He lost the Up-pramukh election in 2011 by a margin of 1 vote.
- He won BDC elections in 2006 and 2011.",Minapur_33,,,,,,,
Muzaffarpur District,,,,,,,,,,,,,,,,
Sr No ,PH Type,Zone,District,Post,Name,Mobile Number,Block,Profile,Final Candidature Status,,,,,,,
1.0,District PH,Tirhut,Muzaffarpur,DSS,Harendra Chaudhary,6200038339.0,Musahari,"Harendra Chaudhary| 65 |General|Bhumihar

- Writer Of Jan Suraaj mein Ram Rajya ka Avlokan
- Contested Vidhansabha Election in 2020 from Kudhanni ( 4958 Votes )
- Writer & Retired Teacher from Bochahan High School",Not Listed,,,,,,,
2.0,District PH,Tirhut,Muzaffarpur,अध्यक्ष,Lal Babu,9931669690.0,Katra,"58 | Katra | Muslim | Minority
- Former two times Zila Parishad from area no 42 (2001-06 and 2016-21).
- ZP runner up (2021), got 5984 votes. - Contested the MLA election (LJP) in 2005 from Aurai.
- Vice Adhyaksh of the State Minority front (LJP)",Katra_42,,,,,,,
3.0,District PH,Tirhut,Muzaffarpur,ओबीसी प्रकोष्ठ अध्यक्ष,Niteshwar Yadav,9934988413.0,Bochahan,"- District vice President of  Congress  
- Former Mukhiya of Sahila Rampur (2011-2016)
- Mukhiya runnerup in 2021",Bochahan_36,,,,,,,
Sitamarhi District ,,,,,,,,,,,,,,,,
Sr No ,PH Type,Zone,District,Post,Name,Mobile Number,Block,Profile,Final Candidature Status,,,,,,,
1.0,District PH,Tirhut,Sitamarhi,जिला महामंत्री,Vijender Rai,7004939395.0,Riga,"- Pradesh Mahasachiv Bihar Congress Committee from (2013-20)
- Mukhiya Sangh Zila Karyawahak Adhyaksha - Mukhiya(2006-11; 2021-Present) - BDC (2016-21) lost block pramukh by 2 votes
- PACS Adhyaksh since 2009",Riga_5,,,,,,,
2.0,District PH,Tirhut,Sitamarhi,किसान प्रकोष्ठ अध्यक्ष,Virendra Kumar Thakur,8228015896.0,Bajpatti,"Virendra Kumar Thakur |Male | 40| EBC |Lohar
- 3 Times BDC Runner Up.
-Former PACS President (2009,2014)
-Mukhiya Candidate,2001,2006
-Samiti Candidate(2011,2016,2021)
-Former Panchayat Adhyaksh RJD (15 years)",Bajpatti_30,,,,,,,
3.0,District PH,Tirhut,Sitamarhi,"कर्पूरी मंच अध्यक्ष

",Ram Ballabh Sahani,7562809841.0,Bajpatti,"Three Times Sarpanch, Well Known Farmers",Not Listed,,,,,,,
4.0,District PH,Tirhut,Sitamarhi,अल्पसंख्यक प्रकोष्ठ अध्यक्ष,Kuddus Nut,7762961330.0,Sonbarsa,"- De facto ZP (2021-present)
- 2 Times ZP runner-up (2011,2016)",Sonbarsa_21,,,,,,,
Sheohar District ,,,,,,,,,,,,,,,,
Sr No ,PH Type,Zone,District,Post,Name,Mobile Number,Block,Profile,Final Candidature Status,,,,,,,
1.0,District PH,Tirhut,Sheohar,DSS,Ale Ahmad Khan,9934542688.0,Piprahi,"De facto Zila parishad Contested ( 2021, Total votes 4043)
-President of the PACs from 2009 to 2014.
-From 1995 until 2000, he was the piprahi block president of the 20 points programme. -Member of the Sadbhavna trust, which works to distribute blankets and food to flood-ravaged individuals.",Riga_6,,,,,,,
2.0,District PH,Tirhut,Sheohar,बुद्धिजीवी प्रकोष्ठ अध्यक्ष,Munna Kumar Tiwari,9507252330.0,Sheohar,- Advocate of Sheohar Civil Court - ZP Contested 2021 (Around 5000 Votes),Suppi_3,,,,,,,
3.0,District PH,Tirhut,Sheohar,व्यावसायिक प्रकोष्ठ अध्यक्ष,Sudhir Gupta,9525847700.0,Sheohar,"- Jila Mahasachiv of Sheohar Jan jagran Munch
- Incumbent Zila Adhyaksh of Kamlapuri Vashya Sangh
- Actively participated in many movements like Rail lao Andolan and the establishment of Degree collage and also the movement for Govt Bus service
- Former district youth secretary of the AAP party",Majorganj_4,,,,,,,
4.0,District PH,Tirhut,Sheohar,अम्बेडकर मंच अध्यक्ष,Prithvinath Baitha,9523208839.0,Purnahia,"-Incumbent ZP(2021)
-Mukhiya 1st runner up (2011)
- Former RJD Panchayati Raj President",Purnahiya_1,,,,,,,
Vidhan Sabha Sanyojak,,,,,,,,,,,,,,,,
Sr No ,PH Type,Zone,District,Post,Name,Mobile Number,Block,Profile,Final Candidature Status,,,,,,,
1.0,Vidhan Sabha Sanyojak,Tirhut,Muzaffarpur,Vidhan Sabha Sanyojak,Rajgir Ram,"9801732596
9955973913",Minapur,"Rajgir Ram | Male | SC | Ram
-Former ZP Contestant (2011 2016 2021)
-Former Defacto ZP (2001-2006)
-Former BJP Media Prabhari",Minapur_32,,,,,,,
2.0,Vidhan Sabha Sanyojak,Tirhut,Muzaffarpur,Vidhan Sabha Sanyojak,Radha Raman Sharma,9661220311.0,Kanti,"Radha Raman Sharma | 45 | Male | General | Bhumihar
-Big landlord and businessman
-Two time runner up PACS President
-Owns litchi orchard
-Owns multiple retail stores",Kanti_19,,,,,,,
3.0,Vidhan Sabha Sanyojak,Tirhut,Muzaffarpur,Vidhan Sabha Sanyojak,Tej Narayan Sahni,9470038173.0,Minapur,"Tej Narayan Sahni | 54 | Male | EBC | Mallah
-Defacto ZP
-Incumbent ZP Member (2021 Till Date)
-Former Panchayat Samiti (2010-2016)
-Former UP Pramukh Contestant (2011)
-Former Mukhiya Contestant (2001)
-Former JDU Pradesh Mahasachiv (2011-2024)
-Former JDU Member (2003-2024)
-Former Samta Party Member (1993-2003)
-Former IPF Member (1985-1993)",Minapur_33,,,,,,,
4.0,Vidhan Sabha Sanyojak,Tirhut,Sitamarhi,Vidhan Sabha Sanyojak,Sikandar Mahato,7485024856.0,,"Sikandar Mahato | Male | EBC | Mahato
-District General Secretary Nishad Vikas Sangh
-MLA Contestant (2010)",Suppi_2,,,,,,,
5.0,Vidhan Sabha Sanyojak,Tirhut,Sitamarhi,Vidhan Sabha Sanyojak,Rajesh Ram,7372870402.0,,"Rajesh Ram | 36 | Male | SC | Chamar
-Incumbent Defacto ZP Member (2021 Till Date)
-Former Mukhiya Contestant (2011 Runner Up)
-Former RJD Sangathan Prabhari (2024-2025)
-Agriculture",Majorganj_4,,,,,,,
6.0,Vidhan Sabha Sanyojak,Tirhut,Sitamarhi,Vidhan Sabha Sanyojak,Kudush Nut,7762961330.0,,"Kudush Nut | Male | ST | Nut
-Incumbent Zila Parishad
-Jan Suraaj District Secretary
-Former BSP District Mahasachiv (2021-2022)
-Former ZP Runner Up (2016)
-ZP Contestant 2011 (3rd position 2750 votes)",Sonbarsa_21,,,,,,,
,,,,,,,,,,,,,,,,
,,,,,,,,,,,,,,,,
,,,,,,,,,,,,,,,,
,,,,,,,,,,,,,,,,
,,,,,,,,,,,,,,,,
,,,,,,,,,,,,,,,,
,,,,,,,,,,,,,,,,
,,,,,,,,,,,,,,,,
,,,,,,,,,,,,,,,,
,,,,,,,,,,,,,,,,
,,,,,,,,,,,,,,,,
,,,,,,,,,,,,,,,,
,,,,,,,,,,,,,,,,
,,,,,,,,,,,,,,,,
,,,,,,,,,,,,,,,,
,,,,,,,,,,,,,,,,
,,,,,,,,,,,,,,,,
,,,,,,,,,,,,,,,,
,,,,,,,,,,,,,,,,
,,,,,,,,,,,,,,,,
,,,,,,,,,,,,,,,,
,,,,,,,,,,,,,,,,
,,,,,,,,,,,,,,,,
,,,,,,,,,,,,,,,,
,,,,,,,,,,,,,,,,
,,,,,,,,,,,,,,,,
,,,,,,,,,,,,,,,,
,,,,,,,,,,,,,,,,
,,,,,,,,,,,,,,,,
,,,,,,,,,,,,,,,,
,,,,,,,,,,,,,,,,
,,,,,,,,,,,,,,,,
,,,,,,,,,,,,,,,,
,,,,,,,,,,,,,,,,
,,,,,,,,,,,,,,,,
,,,,,,,,,,,,,,,,
,,,,,,,,,,,,,,,,
,,,,,,,,,,,,,,,,
,,,,,,,,,,,,,,,,
,,,,,,,,,,,,,,,,
,,,,,,,,,,,,,,,,
,,,,,,,,,,,,,,,,
,,,,,,,,,,,,,,,,
,,,,,,,,,,,,,,,,
,,,,,,,,,,,,,,,,
,,,,,,,,,,,,,,,,
,,,,,,,,,,,,,,,,
,,,,,,,,,,,,,,,,
,,,,,,,,,,,,,,,,
,,,,,,,,,,,,,,,,
,,,,,,,,,,,,,,,,
,,,,,,,,,,,,,,,,
,,,,,,,,,,,,,,,,
,,,,,,,,,,,,,,,,
,,,,,,,,,,,,,,,,
,,,,,,,,,,,,,,,,
,,,,,,,,,,,,,,,,
,,,,,,,,,,,,,,,,
,,,,,,,,,,,,,,,,
,,,,,,,,,,,,,,,,
,,,,,,,,,,,,,,,,
,,,,,,,,,,,,,,,,
,,,,,,,,,,,,,,,,
,,,,,,,,,,,,,,,,
,,,,,,,,,,,,,,,,
,,,,,,,,,,,,,,,,
,,,,,,,,,,,,,,,,
,,,,,,,,,,,,,,,,
,,,,,,,,,,,,,,,,
,,,,,,,,,,,,,,,,
,,,,,,,,,,,,,,,,
,,,,,,,,,,,,,,,,
,,,,,,,,,,,,,,,,
,,,,,,,,,,,,,,,,
,,,,,,,,,,,,,,,,
,,,,,,,,,,,,,,,,
,,,,,,,,,,,,,,,,
,,,,,,,,,,,,,,,,
,,,,,,,,,,,,,,,,
,,,,,,,,,,,,,,,,
,,,,,,,,,,,,,,,,
,,,,,,,,,,,,,,,,
,,,,,,,,,,,,,,,,
,,,,,,,,,,,,,,,,
,,,,,,,,,,,,,,,,
,,,,,,,,,,,,,,,,
,,,,,,,,,,,,,,,,
,,,,,,,,,,,,,,,,
,,,,,,,,,,,,,,,,
,,,,,,,,,,,,,,,,
,,,,,,,,,,,,,,,,
,,,,,,,,,,,,,,,,
,,,,,,,,,,,,,,,,
,,,,,,,,,,,,,,,,
,,,,,,,,,,,,,,,,
,,,,,,,,,,,,,,,,
,,,,,,,,,,,,,,,,
,,,,,,,,,,,,,,,,
,,,,,,,,,,,,,,,,
,,,,,,,,,,,,,,,,
,,,,,,,,,,,,,,,,
,,,,,,,,,,,,,,,,
,,,,,,,,,,,,,,,,
,,,,,,,,,,,,,,,,
,,,,,,,,,,,,,,,,
,,,,,,,,,,,,,,,,
,,,,,,,,,,,,,,,,
,,,,,,,,,,,,,,,,
,,,,,,,,,,,,,,,,
,,,,,,,,,,,,,,,,
,,,,,,,,,,,,,,,,
,,,,,,,,,,,,,,,,
,,,,,,,,,,,,,,,,
,,,,,,,,,,,,,,,,
,,,,,,,,,,,,,,,,
,,,,,,,,,,,,,,,,
,,,,,,,,,,,,,,,,
,,,,,,,,,,,,,,,,
,,,,,,,,,,,,,,,,
,,,,,,,,,,,,,,,,
,,,,,,,,,,,,,,,,
,,,,,,,,,,,,,,,,
,,,,,,,,,,,,,,,,
,,,,,,,,,,,,,,,,
,,,,,,,,,,,,,,,,
,,,,,,,,,,,,,,,,
,,,,,,,,,,,,,,,,
,,,,,,,,,,,,,,,,
,,,,,,,,,,,,,,,,
,,,,,,,,,,,,,,,,
,,,,,,,,,,,,,,,,
,,,,,,,,,,,,,,,,
,,,,,,,,,,,,,,,,
,,,,,,,,,,,,,,,,
,,,,,,,,,,,,,,,,
,,,,,,,,,,,,,,,,
,,,,,,,,,,,,,,,,
,,,,,,,,,,,,,,,,
,,,,,,,,,,,,,,,,
,,,,,,,,,,,,,,,,
,,,,,,,,,,,,,,,,
,,,,,,,,,,,,,,,,
,,,,,,,,,,,,,,,,
,,,,,,,,,,,,,,,,
,,,,,,,,,,,,,,,,
,,,,,,,,,,,,,,,,
,,,,,,,,,,,,,,,,
,,,,,,,,,,,,,,,,
,,,,,,,,,,,,,,,,
,,,,,,,,,,,,,,,,
,,,,,,,,,,,,,,,,
,,,,,,,,,,,,,,,,
,,,,,,,,,,,,,,,,
,,,,,,,,,,,,,,,,
,,,,,,,,,,,,,,,,
,,,,,,,,,,,,,,,,
,,,,,,,,,,,,,,,,
,,,,,,,,,,,,,,,,
,,,,,,,,,,,,,,,,
,,,,,,,,,,,,,,,,
,,,,,,,,,,,,,,,,
,,,,,,,,,,,,,,,,
,,,,,,,,,,,,,,,,
,,,,,,,,,,,,,,,,
,,,,,,,,,,,,,,,,
,,,,,,,,,,,,,,,,
,,,,,,,,,,,,,,,,
,,,,,,,,,,,,,,,,
,,,,,,,,,,,,,,,,
,,,,,,,,,,,,,,,,
,,,,,,,,,,,,,,,,
,,,,,,,,,,,,,,,,
,,,,,,,,,,,,,,,,
,,,,,,,,,,,,,,,,
,,,,,,,,,,,,,,,,
,,,,,,,,,,,,,,,,
,,,,,,,,,,,,,,,,
,,,,,,,,,,,,,,,,
,,,,,,,,,,,,,,,,
,,,,,,,,,,,,,,,,
,,,,,,,,,,,,,,,,
,,,,,,,,,,,,,,,,
,,,,,,,,,,,,,,,,
,,,,,,,,,,,,,,,,
,,,,,,,,,,,,,,,,
,,,,,,,,,,,,,,,,
,,,,,,,,,,,,,,,,
,,,,,,,,,,,,,,,,
,,,,,,,,,,,,,,,,
,,,,,,,,,,,,,,,,
,,,,,,,,,,,,,,,,
,,,,,,,,,,,,,,,,
,,,,,,,,,,,,,,,,
,,,,,,,,,,,,,,,,
,,,,,,,,,,,,,,,,
,,,,,,,,,,,,,,,,
,,,,,,,,,,,,,,,,
,,,,,,,,,,,,,,,,
,,,,,,,,,,,,,,,,
,,,,,,,,,,,,,,,,
,,,,,,,,,,,,,,,,
,,,,,,,,,,,,,,,,
,,,,,,,,,,,,,,,,
,,,,,,,,,,,,,,,,
,,,,,,,,,,,,,,,,
,,,,,,,,,,,,,,,,
,,,,,,,,,,,,,,,,
,,,,,,,,,,,,,,,,
,,,,,,,,,,,,,,,,
,,,,,,,,,,,,,,,,
,,,,,,,,,,,,,,,,
,,,,,,,,,,,,,,,,
,,,,,,,,,,,,,,,,
,,,,,,,,,,,,,,,,
,,,,,,,,,,,,,,,,
,,,,,,,,,,,,,,,,
,,,,,,,,,,,,,,,,
,,,,,,,,,,,,,,,,
,,,,,,,,,,,,,,,,
,,,,,,,,,,,,,,,,
,,,,,,,,,,,,,,,,
,,,,,,,,,,,,,,,,
,,,,,,,,,,,,,,,,
,,,,,,,,,,,,,,,,
,,,,,,,,,,,,,,,,
,,,,,,,,,,,,,,,,
,,,,,,,,,,,,,,,,
,,,,,,,,,,,,,,,,
,,,,,,,,,,,,,,,,
,,,,,,,,,,,,,,,,
,,,,,,,,,,,,,,,,
,,,,,,,,,,,,,,,,
,,,,,,,,,,,,,,,,
,,,,,,,,,,,,,,,,
,,,,,,,,,,,,,,,,
,,,,,,,,,,,,,,,,
,,,,,,,,,,,,,,,,
,,,,,,,,,,,,,,,,
,,,,,,,,,,,,,,,,
,,,,,,,,,,,,,,,,
,,,,,,,,,,,,,,,,
,,,,,,,,,,,,,,,,
,,,,,,,,,,,,,,,,
,,,,,,,,,,,,,,,,
,,,,,,,,,,,,,,,,
,,,,,,,,,,,,,,,,
,,,,,,,,,,,,,,,,
,,,,,,,,,,,,,,,,
,,,,,,,,,,,,,,,,
,,,,,,,,,,,,,,,,
,,,,,,,,,,,,,,,,
,,,,,,,,,,,,,,,,
,,,,,,,,,,,,,,,,
,,,,,,,,,,,,,,,,
,,,,,,,,,,,,,,,,
,,,,,,,,,,,,,,,,
,,,,,,,,,,,,,,,,
,,,,,,,,,,,,,,,,
,,,,,,,,,,,,,,,,
,,,,,,,,,,,,,,,,
,,,,,,,,,,,,,,,,
,,,,,,,,,,,,,,,,
,,,,,,,,,,,,,,,,
,,,,,,,,,,,,,,,,
,,,,,,,,,,,,,,,,
,,,,,,,,,,,,,,,,
,,,,,,,,,,,,,,,,
,,,,,,,,,,,,,,,,
,,,,,,,,,,,,,,,,
,,,,,,,,,,,,,,,,
,,,,,,,,,,,,,,,,
,,,,,,,,,,,,,,,,
,,,,,,,,,,,,,,,,
,,,,,,,,,,,,,,,,
,,,,,,,,,,,,,,,,
,,,,,,,,,,,,,,,,
,,,,,,,,,,,,,,,,
,,,,,,,,,,,,,,,,
,,,,,,,,,,,,,,,,
,,,,,,,,,,,,,,,,
,,,,,,,,,,,,,,,,
,,,,,,,,,,,,,,,,
,,,,,,,,,,,,,,,,
,,,,,,,,,,,,,,,,
,,,,,,,,,,,,,,,,
,,,,,,,,,,,,,,,,
,,,,,,,,,,,,,,,,
,,,,,,,,,,,,,,,,
,,,,,,,,,,,,,,,,
,,,,,,,,,,,,,,,,
,,,,,,,,,,,,,,,,
,,,,,,,,,,,,,,,,
,,,,,,,,,,,,,,,,
,,,,,,,,,,,,,,,,
,,,,,,,,,,,,,,,,
,,,,,,,,,,,,,,,,
,,,,,,,,,,,,,,,,
,,,,,,,,,,,,,,,,
,,,,,,,,,,,,,,,,
,,,,,,,,,,,,,,,,
,,,,,,,,,,,,,,,,
,,,,,,,,,,,,,,,,
,,,,,,,,,,,,,,,,
,,,,,,,,,,,,,,,,
,,,,,,,,,,,,,,,,
,,,,,,,,,,,,,,,,
,,,,,,,,,,,,,,,,
,,,,,,,,,,,,,,,,
,,,,,,,,,,,,,,,,
,,,,,,,,,,,,,,,,
,,,,,,,,,,,,,,,,
,,,,,,,,,,,,,,,,
,,,,,,,,,,,,,,,,
,,,,,,,,,,,,,,,,
,,,,,,,,,,,,,,,,
,,,,,,,,,,,,,,,,
,,,,,,,,,,,,,,,,
,,,,,,,,,,,,,,,,
,,,,,,,,,,,,,,,,
,,,,,,,,,,,,,,,,
,,,,,,,,,,,,,,,,
,,,,,,,,,,,,,,,,
,,,,,,,,,,,,,,,,
,,,,,,,,,,,,,,,,
,,,,,,,,,,,,,,,,
,,,,,,,,,,,,,,,,
,,,,,,,,,,,,,,,,
,,,,,,,,,,,,,,,,
,,,,,,,,,,,,,,,,
,,,,,,,,,,,,,,,,
,,,,,,,,,,,,,,,,
,,,,,,,,,,,,,,,,
,,,,,,,,,,,,,,,,
,,,,,,,,,,,,,,,,
,,,,,,,,,,,,,,,,
,,,,,,,,,,,,,,,,
,,,,,,,,,,,,,,,,
,,,,,,,,,,,,,,,,
,,,,,,,,,,,,,,,,
,,,,,,,,,,,,,,,,
,,,,,,,,,,,,,,,,
,,,,,,,,,,,,,,,,
,,,,,,,,,,,,,,,,
,,,,,,,,,,,,,,,,
,,,,,,,,,,,,,,,,
,,,,,,,,,,,,,,,,
,,,,,,,,,,,,,,,,
,,,,,,,,,,,,,,,,
,,,,,,,,,,,,,,,,
,,,,,,,,,,,,,,,,
,,,,,,,,,,,,,,,,
,,,,,,,,,,,,,,,,
,,,,,,,,,,,,,,,,
,,,,,,,,,,,,,,,,
,,,,,,,,,,,,,,,,
,,,,,,,,,,,,,,,,
,,,,,,,,,,,,,,,,
,,,,,,,,,,,,,,,,
,,,,,,,,,,,,,,,,
,,,,,,,,,,,,,,,,
,,,,,,,,,,,,,,,,
,,,,,,,,,,,,,,,,
,,,,,,,,,,,,,,,,
,,,,,,,,,,,,,,,,
,,,,,,,,,,,,,,,,
,,,,,,,,,,,,,,,,
,,,,,,,,,,,,,,,,
,,,,,,,,,,,,,,,,
,,,,,,,,,,,,,,,,
,,,,,,,,,,,,,,,,
,,,,,,,,,,,,,,,,
,,,,,,,,,,,,,,,,
,,,,,,,,,,,,,,,,
,,,,,,,,,,,,,,,,
,,,,,,,,,,,,,,,,
,,,,,,,,,,,,,,,,
,,,,,,,,,,,,,,,,
,,,,,,,,,,,,,,,,
,,,,,,,,,,,,,,,,
,,,,,,,,,,,,,,,,
,,,,,,,,,,,,,,,,
,,,,,,,,,,,,,,,,
,,,,,,,,,,,,,,,,
,,,,,,,,,,,,,,,,
,,,,,,,,,,,,,,,,
,,,,,,,,,,,,,,,,
,,,,,,,,,,,,,,,,
,,,,,,,,,,,,,,,,
,,,,,,,,,,,,,,,,
,,,,,,,,,,,,,,,,
,,,,,,,,,,,,,,,,
,,,,,,,,,,,,,,,,
,,,,,,,,,,,,,,,,
,,,,,,,,,,,,,,,,
,,,,,,,,,,,,,,,,
,,,,,,,,,,,,,,,,
,,,,,,,,,,,,,,,,
,,,,,,,,,,,,,,,,
,,,,,,,,,,,,,,,,
,,,,,,,,,,,,,,,,
,,,,,,,,,,,,,,,,
,,,,,,,,,,,,,,,,
,,,,,,,,,,,,,,,,
,,,,,,,,,,,,,,,,
,,,,,,,,,,,,,,,,
,,,,,,,,,,,,,,,,
,,,,,,,,,,,,,,,,
,,,,,,,,,,,,,,,,
,,,,,,,,,,,,,,,,
,,,,,,,,,,,,,,,,
,,,,,,,,,,,,,,,,
,,,,,,,,,,,,,,,,
,,,,,,,,,,,,,,,,
,,,,,,,,,,,,,,,,
,,,,,,,,,,,,,,,,
,,,,,,,,,,,,,,,,
,,,,,,,,,,,,,,,,
,,,,,,,,,,,,,,,,
,,,,,,,,,,,,,,,,
,,,,,,,,,,,,,,,,
,,,,,,,,,,,,,,,,
,,,,,,,,,,,,,,,,
,,,,,,,,,,,,,,,,
,,,,,,,,,,,,,,,,
,,,,,,,,,,,,,,,,
,,,,,,,,,,,,,,,,
,,,,,,,,,,,,,,,,
,,,,,,,,,,,,,,,,
,,,,,,,,,,,,,,,,
,,,,,,,,,,,,,,,,
,,,,,,,,,,,,,,,,
,,,,,,,,,,,,,,,,
,,,,,,,,,,,,,,,,
,,,,,,,,,,,,,,,,
,,,,,,,,,,,,,,,,
,,,,,,,,,,,,,,,,
,,,,,,,,,,,,,,,,
,,,,,,,,,,,,,,,,
,,,,,,,,,,,,,,,,
,,,,,,,,,,,,,,,,
,,,,,,,,,,,,,,,,
,,,,,,,,,,,,,,,,
,,,,,,,,,,,,,,,,
,,,,,,,,,,,,,,,,
,,,,,,,,,,,,,,,,
,,,,,,,,,,,,,,,,
,,,,,,,,,,,,,,,,
,,,,,,,,,,,,,,,,
,,,,,,,,,,,,,,,,
,,,,,,,,,,,,,,,,
,,,,,,,,,,,,,,,,
,,,,,,,,,,,,,,,,
,,,,,,,,,,,,,,,,
,,,,,,,,,,,,,,,,
,,,,,,,,,,,,,,,,
,,,,,,,,,,,,,,,,
,,,,,,,,,,,,,,,,
,,,,,,,,,,,,,,,,
,,,,,,,,,,,,,,,,
,,,,,,,,,,,,,,,,
,,,,,,,,,,,,,,,,
,,,,,,,,,,,,,,,,
,,,,,,,,,,,,,,,,
,,,,,,,,,,,,,,,,
,,,,,,,,,,,,,,,,
,,,,,,,,,,,,,,,,
,,,,,,,,,,,,,,,,
,,,,,,,,,,,,,,,,
,,,,,,,,,,,,,,,,
,,,,,,,,,,,,,,,,
,,,,,,,,,,,,,,,,
,,,,,,,,,,,,,,,,
,,,,,,,,,,,,,,,,
,,,,,,,,,,,,,,,,
,,,,,,,,,,,,,,,,
,,,,,,,,,,,,,,,,
,,,,,,,,,,,,,,,,
,,,,,,,,,,,,,,,,
,,,,,,,,,,,,,,,,
,,,,,,,,,,,,,,,,
,,,,,,,,,,,,,,,,
,,,,,,,,,,,,,,,,
,,,,,,,,,,,,,,,,
,,,,,,,,,,,,,,,,
,,,,,,,,,,,,,,,,
,,,,,,,,,,,,,,,,
,,,,,,,,,,,,,,,,
,,,,,,,,,,,,,,,,
,,,,,,,,,,,,,,,,
,,,,,,,,,,,,,,,,
,,,,,,,,,,,,,,,,
,,,,,,,,,,,,,,,,
,,,,,,,,,,,,,,,,
,,,,,,,,,,,,,,,,
,,,,,,,,,,,,,,,,
,,,,,,,,,,,,,,,,
,,,,,,,,,,,,,,,,
,,,,,,,,,,,,,,,,
,,,,,,,,,,,,,,,,
,,,,,,,,,,,,,,,,
,,,,,,,,,,,,,,,,
,,,,,,,,,,,,,,,,
,,,,,,,,,,,,,,,,
,,,,,,,,,,,,,,,,
,,,,,,,,,,,,,,,,
,,,,,,,,,,,,,,,,
,,,,,,,,,,,,,,,,
,,,,,,,,,,,,,,,,
,,,,,,,,,,,,,,,,
,,,,,,,,,,,,,,,,
,,,,,,,,,,,,,,,,
,,,,,,,,,,,,,,,,
,,,,,,,,,,,,,,,,
,,,,,,,,,,,,,,,,
,,,,,,,,,,,,,,,,
,,,,,,,,,,,,,,,,
,,,,,,,,,,,,,,,,
,,,,,,,,,,,,,,,,
,,,,,,,,,,,,,,,,
,,,,,,,,,,,,,,,,
,,,,,,,,,,,,,,,,
,,,,,,,,,,,,,,,,
,,,,,,,,,,,,,,,,
,,,,,,,,,,,,,,,,
,,,,,,,,,,,,,,,,
,,,,,,,,,,,,,,,,
,,,,,,,,,,,,,,,,
,,,,,,,,,,,,,,,,
,,,,,,,,,,,,,,,,
,,,,,,,,,,,,,,,,
,,,,,,,,,,,,,,,,
,,,,,,,,,,,,,,,,
,,,,,,,,,,,,,,,,
,,,,,,,,,,,,,,,,
,,,,,,,,,,,,,,,,
,,,,,,,,,,,,,,,,
,,,,,,,,,,,,,,,,
,,,,,,,,,,,,,,,,
,,,,,,,,,,,,,,,,
,,,,,,,,,,,,,,,,
,,,,,,,,,,,,,,,,
,,,,,,,,,,,,,,,,
,,,,,,,,,,,,,,,,
,,,,,,,,,,,,,,,,
,,,,,,,,,,,,,,,,
,,,,,,,,,,,,,,,,
,,,,,,,,,,,,,,,,
,,,,,,,,,,,,,,,,
,,,,,,,,,,,,,,,,
,,,,,,,,,,,,,,,,
,,,,,,,,,,,,,,,,
,,,,,,,,,,,,,,,,
,,,,,,,,,,,,,,,,
,,,,,,,,,,,,,,,,
,,,,,,,,,,,,,,,,
,,,,,,,,,,,,,,,,
,,,,,,,,,,,,,,,,
,,,,,,,,,,,,,,,,
,,,,,,,,,,,,,,,,
,,,,,,,,,,,,,,,,
,,,,,,,,,,,,,,,,
,,,,,,,,,,,,,,,,
,,,,,,,,,,,,,,,,
,,,,,,,,,,,,,,,,
,,,,,,,,,,,,,,,,
,,,,,,,,,,,,,,,,
,,,,,,,,,,,,,,,,
,,,,,,,,,,,,,,,,
,,,,,,,,,,,,,,,,
,,,,,,,,,,,,,,,,
,,,,,,,,,,,,,,,,
,,,,,,,,,,,,,,,,
,,,,,,,,,,,,,,,,
,,,,,,,,,,,,,,,,
,,,,,,,,,,,,,,,,
,,,,,,,,,,,,,,,,
,,,,,,,,,,,,,,,,
,,,,,,,,,,,,,,,,
,,,,,,,,,,,,,,,,
,,,,,,,,,,,,,,,,
,,,,,,,,,,,,,,,,
,,,,,,,,,,,,,,,,
,,,,,,,,,,,,,,,,
,,,,,,,,,,,,,,,,
,,,,,,,,,,,,,,,,
,,,,,,,,,,,,,,,,
,,,,,,,,,,,,,,,,
,,,,,,,,,,,,,,,,
,,,,,,,,,,,,,,,,
,,,,,,,,,,,,,,,,
,,,,,,,,,,,,,,,,
,,,,,,,,,,,,,,,,
,,,,,,,,,,,,,,,,
,,,,,,,,,,,,,,,,
,,,,,,,,,,,,,,,,
,,,,,,,,,,,,,,,,
,,,,,,,,,,,,,,,,
,,,,,,,,,,,,,,,,
,,,,,,,,,,,,,,,,
,,,,,,,,,,,,,,,,
,,,,,,,,,,,,,,,,
,,,,,,,,,,,,,,,,
,,,,,,,,,,,,,,,,
,,,,,,,,,,,,,,,,
,,,,,,,,,,,,,,,,
,,,,,,,,,,,,,,,,
,,,,,,,,,,,,,,,,
,,,,,,,,,,,,,,,,
,,,,,,,,,,,,,,,,
,,,,,,,,,,,,,,,,
,,,,,,,,,,,,,,,,
,,,,,,,,,,,,,,,,
,,,,,,,,,,,,,,,,
,,,,,,,,,,,,,,,,
,,,,,,,,,,,,,,,,
,,,,,,,,,,,,,,,,
,,,,,,,,,,,,,,,,
,,,,,,,,,,,,,,,,
,,,,,,,,,,,,,,,,
,,,,,,,,,,,,,,,,
,,,,,,,,,,,,,,,,
,,,,,,,,,,,,,,,,
,,,,,,,,,,,,,,,,
,,,,,,,,,,,,,,,,
,,,,,,,,,,,,,,,,
,,,,,,,,,,,,,,,,
,,,,,,,,,,,,,,,,
,,,,,,,,,,,,,,,,
,,,,,,,,,,,,,,,,
,,,,,,,,,,,,,,,,
,,,,,,,,,,,,,,,,
,,,,,,,,,,,,,,,,
,,,,,,,,,,,,,,,,
,,,,,,,,,,,,,,,,
,,,,,,,,,,,,,,,,
,,,,,,,,,,,,,,,,
,,,,,,,,,,,,,,,,
,,,,,,,,,,,,,,,,
,,,,,,,,,,,,,,,,
,,,,,,,,,,,,,,,,
,,,,,,,,,,,,,,,,
,,,,,,,,,,,,,,,,
,,,,,,,,,,,,,,,,
,,,,,,,,,,,,,,,,
,,,,,,,,,,,,,,,,
,,,,,,,,,,,,,,,,
,,,,,,,,,,,,,,,,
,,,,,,,,,,,,,,,,
,,,,,,,,,,,,,,,,
,,,,,,,,,,,,,,,,
,,,,,,,,,,,,,,,,
,,,,,,,,,,,,,,,,
,,,,,,,,,,,,,,,,
,,,,,,,,,,,,,,,,
,,,,,,,,,,,,,,,,
,,,,,,,,,,,,,,,,
,,,,,,,,,,,,,,,,
,,,,,,,,,,,,,,,,
,,,,,,,,,,,,,,,,
,,,,,,,,,,,,,,,,
,,,,,,,,,,,,,,,,
,,,,,,,,,,,,,,,,
,,,,,,,,,,,,,,,,
,,,,,,,,,,,,,,,,
,,,,,,,,,,,,,,,,
,,,,,,,,,,,,,,,,
,,,,,,,,,,,,,,,,
,,,,,,,,,,,,,,,,
,,,,,,,,,,,,,,,,
,,,,,,,,,,,,,,,,
,,,,,,,,,,,,,,,,
,,,,,,,,,,,,,,,,
,,,,,,,,,,,,,,,,
,,,,,,,,,,,,,,,,
,,,,,,,,,,,,,,,,
,,,,,,,,,,,,,,,,
,,,,,,,,,,,,,,,,
,,,,,,,,,,,,,,,,
,,,,,,,,,,,,,,,,
,,,,,,,,,,,,,,,,
,,,,,,,,,,,,,,,,
,,,,,,,,,,,,,,,,
,,,,,,,,,,,,,,,,
,,,,,,,,,,,,,,,,
,,,,,,,,,,,,,,,,
,,,,,,,,,,,,,,,,
,,,,,,,,,,,,,,,,
,,,,,,,,,,,,,,,,
,,,,,,,,,,,,,,,,
,,,,,,,,,,,,,,,,
,,,,,,,,,,,,,,,,
,,,,,,,,,,,,,,,,
,,,,,,,,,,,,,,,,
,,,,,,,,,,,,,,,,
,,,,,,,,,,,,,,,,
,,,,,,,,,,,,,,,,
,,,,,,,,,,,,,,,,
,,,,,,,,,,,,,,,,
,,,,,,,,,,,,,,,,
,,,,,,,,,,,,,,,,
,,,,,,,,,,,,,,,,
,,,,,,,,,,,,,,,,
,,,,,,,,,,,,,,,,
,,,,,,,,,,,,,,,,
,,,,,,,,,,,,,,,,
,,,,,,,,,,,,,,,,
,,,,,,,,,,,,,,,,
,,,,,,,,,,,,,,,,
,,,,,,,,,,,,,,,,
,,,,,,,,,,,,,,,,
,,,,,,,,,,,,,,,,
,,,,,,,,,,,,,,,,
,,,,,,,,,,,,,,,,
,,,,,,,,,,,,,,,,
,,,,,,,,,,,,,,,,
,,,,,,,,,,,,,,,,
,,,,,,,,,,,,,,,,
,,,,,,,,,,,,,,,,
,,,,,,,,,,,,,,,,
,,,,,,,,,,,,,,,,
,,,,,,,,,,,,,,,,
,,,,,,,,,,,,,,,,
,,,,,,,,,,,,,,,,
,,,,,,,,,,,,,,,,
,,,,,,,,,,,,,,,,
,,,,,,,,,,,,,,,,
,,,,,,,,,,,,,,,,
,,,,,,,,,,,,,,,,
,,,,,,,,,,,,,,,,
,,,,,,,,,,,,,,,,
,,,,,,,,,,,,,,,,
,,,,,,,,,,,,,,,,
,,,,,,,,,,,,,,,,
,,,,,,,,,,,,,,,,
,,,,,,,,,,,,,,,,
,,,,,,,,,,,,,,,,
,,,,,,,,,,,,,,,,
,,,,,,,,,,,,,,,,
,,,,,,,,,,,,,,,,
,,,,,,,,,,,,,,,,
,,,,,,,,,,,,,,,,
,,,,,,,,,,,,,,,,
,,,,,,,,,,,,,,,,
,,,,,,,,,,,,,,,,
,,,,,,,,,,,,,,,,
,,,,,,,,,,,,,,,,
,,,,,,,,,,,,,,,,
,,,,,,,,,,,,,,,,
,,,,,,,,,,,,,,,,
,,,,,,,,,,,,,,,,
,,,,,,,,,,,,,,,,
,,,,,,,,,,,,,,,,
,,,,,,,,,,,,,,,,
,,,,,,,,,,,,,,,,
,,,,,,,,,,,,,,,,
,,,,,,,,,,,,,,,,
,,,,,,,,,,,,,,,,
,,,,,,,,,,,,,,,,
,,,,,,,,,,,,,,,,
,,,,,,,,,,,,,,,,
,,,,,,,,,,,,,,,,
,,,,,,,,,,,,,,,,
,,,,,,,,,,,,,,,,
,,,,,,,,,,,,,,,,
,,,,,,,,,,,,,,,,
,,,,,,,,,,,,,,,,
,,,,,,,,,,,,,,,,
,,,,,,,,,,,,,,,,
,,,,,,,,,,,,,,,,
,,,,,,,,,,,,,,,,
,,,,,,,,,,,,,,,,
,,,,,,,,,,,,,,,,
,,,,,,,,,,,,,,,,
,,,,,,,,,,,,,,,,
,,,,,,,,,,,,,,,,
,,,,,,,,,,,,,,,,
,,,,,,,,,,,,,,,,
,,,,,,,,,,,,,,,,
,,,,,,,,,,,,,,,,
,,,,,,,,,,,,,,,,
,,,,,,,,,,,,,,,,
,,,,,,,,,,,,,,,,
,,,,,,,,,,,,,,,,
,,,,,,,,,,,,,,,,
,,,,,,,,,,,,,,,,
,,,,,,,,,,,,,,,,
,,,,,,,,,,,,,,,,
,,,,,,,,,,,,,,,,
,,,,,,,,,,,,,,,,
,,,,,,,,,,,,,,,,
,,,,,,,,,,,,,,,,
,,,,,,,,,,,,,,,,
,,,,,,,,,,,,,,,,
,,,,,,,,,,,,,,,,
,,,,,,,,,,,,,,,,
,,,,,,,,,,,,,,,,
,,,,,,,,,,,,,,,,
,,,,,,,,,,,,,,,,
,,,,,,,,,,,,,,,,
,,,,,,,,,,,,,,,,
,,,,,,,,,,,,,,,,
,,,,,,,,,,,,,,,,
,,,,,,,,,,,,,,,,
,,,,,,,,,,,,,,,,
,,,,,,,,,,,,,,,,
,,,,,,,,,,,,,,,,
,,,,,,,,,,,,,,,,
,,,,,,,,,,,,,,,,
,,,,,,,,,,,,,,,,
,,,,,,,,,,,,,,,,
,,,,,,,,,,,,,,,,
,,,,,,,,,,,,,,,,
,,,,,,,,,,,,,,,,
,,,,,,,,,,,,,,,,
,,,,,,,,,,,,,,,,
,,,,,,,,,,,,,,,,
,,,,,,,,,,,,,,,,
,,,,,,,,,,,,,,,,
,,,,,,,,,,,,,,,,
,,,,,,,,,,,,,,,,
,,,,,,,,,,,,,,,,
,,,,,,,,,,,,,,,,
,,,,,,,,,,,,,,,,
,,,,,,,,,,,,,,,,
,,,,,,,,,,,,,,,,
,,,,,,,,,,,,,,,,
,,,,,,,,,,,,,,,,
,,,,,,,,,,,,,,,,
,,,,,,,,,,,,,,,,
,,,,,,,,,,,,,,,,
,,,,,,,,,,,,,,,,
,,,,,,,,,,,,,,,,
,,,,,,,,,,,,,,,,
,,,,,,,,,,,,,,,,
,,,,,,,,,,,,,,,,
,,,,,,,,,,,,,,,,
,,,,,,,,,,,,,,,,
,,,,,,,,,,,,,,,,
,,,,,,,,,,,,,,,,
,,,,,,,,,,,,,,,,
,,,,,,,,,,,,,,,,
,,,,,,,,,,,,,,,,
,,,,,,,,,,,,,,,,
,,,,,,,,,,,,,,,,
,,,,,,,,,,,,,,,,
,,,,,,,,,,,,,,,,
,,,,,,,,,,,,,,,,
,,,,,,,,,,,,,,,,
,,,,,,,,,,,,,,,,
,,,,,,,,,,,,,,,,
,,,,,,,,,,,,,,,,
,,,,,,,,,,,,,,,,
,,,,,,,,,,,,,,,,
,,,,,,,,,,,,,,,,
,,,,,,,,,,,,,,,,
,,,,,,,,,,,,,,,,
,,,,,,,,,,,,,,,,
,,,,,,,,,,,,,,,,
,,,,,,,,,,,,,,,,
,,,,,,,,,,,,,,,,
,,,,,,,,,,,,,,,,
,,,,,,,,,,,,,,,,
,,,,,,,,,,,,,,,,
,,,,,,,,,,,,,,,,
,,,,,,,,,,,,,,,,
,,,,,,,,,,,,,,,,
,,,,,,,,,,,,,,,,
,,,,,,,,,,,,,,,,
,,,,,,,,,,,,,,,,
,,,,,,,,,,,,,,,,
,,,,,,,,,,,,,,,,
,,,,,,,,,,,,,,,,
,,,,,,,,,,,,,,,,
,,,,,,,,,,,,,,,,
,,,,,,,,,,,,,,,,
,,,,,,,,,,,,,,,,
,,,,,,,,,,,,,,,,
,,,,,,,,,,,,,,,,
,,,,,,,,,,,,,,,,
,,,,,,,,,,,,,,,,
,,,,,,,,,,,,,,,,
,,,,,,,,,,,,,,,,
,,,,,,,,,,,,,,,,
,,,,,,,,,,,,,,,,
,,,,,,,,,,,,,,,,
,,,,,,,,,,,,,,,,
,,,,,,,,,,,,,,,,
,,,,,,,,,,,,,,,,
,,,,,,,,,,,,,,,,
,,,,,,,,,,,,,,,,
,,,,,,,,,,,,,,,,
,,,,,,,,,,,,,,,,
,,,,,,,,,,,,,,,,
,,,,,,,,,,,,,,,,
,,,,,,,,,,,,,,,,
,,,,,,,,,,,,,,,,
,,,,,,,,,,,,,,,,
,,,,,,,,,,,,,,,,
,,,,,,,,,,,,,,,,
,,,,,,,,,,,,,,,,
,,,,,,,,,,,,,,,,
,,,,,,,,,,,,,,,,
,,,,,,,,,,,,,,,,
,,,,,,,,,,,,,,,,
,,,,,,,,,,,,,,,,
,,,,,,,,,,,,,,,,
,,,,,,,,,,,,,,,,
,,,,,,,,,,,,,,,,
,,,,,,,,,,,,,,,,
,,,,,,,,,,,,,,,,
,,,,,,,,,,,,,,,,
,,,,,,,,,,,,,,,,
,,,,,,,,,,,,,,,,
,,,,,,,,,,,,,,,,
,,,,,,,,,,,,,,,,
,,,,,,,,,,,,,,,,
,,,,,,,,,,,,,,,,
,,,,,,,,,,,,,,,,
,,,,,,,,,,,,,,,,
,,,,,,,,,,,,,,,,
,,,,,,,,,,,,,,,,
,,,,,,,,,,,,,,,,
,,,,,,,,,,,,,,,,
,,,,,,,,,,,,,,,,
,,,,,,,,,,,,,,,,
,,,,,,,,,,,,,,,,
,,,,,,,,,,,,,,,,
,,,,,,,,,,,,,,,,
,,,,,,,,,,,,,,,,
,,,,,,,,,,,,,,,,
,,,,,,,,,,,,,,,,
,,,,,,,,,,,,,,,,
,,,,,,,,,,,,,,,,
,,,,,,,,,,,,,,,,
,,,,,,,,,,,,,,,,
,,,,,,,,,,,,,,,,
,,,,,,,,,,,,,,,,
,,,,,,,,,,,,,,,,
,,,,,,,,,,,,,,,,
,,,,,,,,,,,,,,,,
,,,,,,,,,,,,,,,,
,,,,,,,,,,,,,,,,
,,,,,,,,,,,,,,,,
,,,,,,,,,,,,,,,,
,,,,,,,,,,,,,,,,
