Probable ZP Candidates - Kaimur (Bhahua),,,,,,,,,,,,
Zone,District,PC,AC,Block,ZP Seat Number,Seat Reservation Status,Probable ZP Candidate Name,Contact No,Category,Caste,Age,Brief Profile
Sahabad,Kaimur (Bhabhua),33. Buxar,203. Ramgarh,Durgawati,Durgawati_1,SC (Other),Mithilesh Paswan,6204427880.0,,,,Incumbent ZP
Sahabad,Kaimur (Bhabhua),33. Buxar,203. Ramgarh,Durgawati,Durgawati_1,SC (Other),Shashikant Kumar,9631491485.0,SC,Ravidas,41.0,"- Presently in Bhim Army
Runner ZP 2021: Secured 3197
-Member  RJD 
- Farming "
Sahabad,Kaimur (Bhabhua),33. Buxar,203. Ramgarh,Durgawati,Durgawati_1,SC (Other),Ramraj Raam / Tara Devi,9955741089.0,SC,Ravidas,50.0,"-ZP Contest 2021 (5855 votes, 3rd position)
-Wife ZP Winner 2016
-MLA Contest in 2015 BSP
-MLA Contest 2005 SP

- Associated with JS
-Local level Doctor by Profession"
Sahabad,Kaimur (Bhabhua),33. Buxar,203. Ramgarh,Durgawati,Durgawati_1,SC (Other),Imran Khan,9654004786.0,,,,"        ""Imran Khan | Male |35 | Muslim |
-Secretary Youth Congress Delhi Pradesh
-State President INC Warriors, Bihar
-Zonal Head AMP (Association of Muslim Professionals)""   
- ZP runner-up 2021     "
Sahabad,Kaimur (Bhabhua),33. Buxar,203. Ramgarh,Durgawati,Durgawati_1,SC (Other),Sunil Paswan,6205003237.0,SC,Dusadh,48.0,"""- Z.p contestant for 2 times- 2021 11k+ vote
-Had crucial role during Crona period, sensitized whole village """
Sahabad,Kaimur (Bhabhua),33. Buxar,203. Ramgarh,Durgawati,Durgawati_2,Unreserved (Other),Pradeep Singh,9113466184.0,OBC,Yadav,,"Secured 5902
ZP Chairman 2006-11 "
Sahabad,Kaimur (Bhabhua),33. Buxar,203. Ramgarh,Durgawati,Durgawati_2,Unreserved (Other),Vikash Pandey,8707520280.0,,,,"Zp contestant ( 3269 votes )
Incumbent BJP Mandal Adhyaksh
Former BJP Yuva morcha Adhyaksh"
Sahabad,Kaimur (Bhabhua),33. Buxar,203. Ramgarh,Durgawati,Durgawati_2,Unreserved (Other),Bhai Chand Rawat,9006262195.0,SC,Ravidas,46.0,"Bhai Chand Rawat | 46 | Male | SC | Chamar
-Former Mukhiya of Dharhar Panchayat, 2016
- Contested ZP election end up 2nd with 7.2k in 2011."
Sahabad,Kaimur (Bhabhua),33. Buxar,203. Ramgarh,Durgawati,Durgawati_2,Unreserved (Other),चन्द्रशेखर सिंह,9661493283.0,,,,ZP Contestant ( 2491 Votes )
Sahabad,Kaimur (Bhabhua),33. Buxar,203. Ramgarh,Ramgarh,Ramgarh_3,Unreserved (Mahila),Animesh harshvardhan,9801127442.0,,,,
Sahabad,Kaimur (Bhabhua),33. Buxar,203. Ramgarh,Ramgarh,Ramgarh_3,Unreserved (Mahila),श्री मो. अलीमुद्दीन खान,9708280787.0,Minority,Muslim,64.0,"Md. Alimuddin Khan | 64 | Male | Minority | Muslim
- Member of Bhabhua Vyapar Mandal since 2012 (Unopposed), Nagar Upadhyaksh PDS Bhabhua; Runs 3 PDS Store.
- Incumbent De-facto Ward Councillor from Ward no. 15 as daughter Neha Khatun is the De-jure ward councillor; He himself was Ward Councillor from 2012 to 2017
- Ex-RJD Member 2006-2022; Minority Cell President 2006-2011."
Sahabad,Kaimur (Bhabhua),33. Buxar,203. Ramgarh,Nuaon,Nuaon_4,Unreserved (Mahila),Shri Dinbandhu Singh,9006213555.0,General,Rajput,,"• Sarpanch Sang District President From (2021-Present).
• Incumbent Sarpanch of  Panjrao Panchayat From (2021-Present).
• Former RJD Block President of Nuaon from (2004-2020)
• His Daughter Inlaw Two  Terms Mukhiya of Panjrao Panchayat from (2006-2011),(2011-2016)
• His Uncle Had The Mukhiya of Panjrao Panchayat For 25 Years."
Sahabad,Kaimur (Bhabhua),33. Buxar,203. Ramgarh,Nuaon,Nuaon_4,Unreserved (Mahila),"Savita Devi 
Satendar singh Maurya ",7765966770.0,OBC,Kushwaha,35.0,"ZP Runner Up : Secured 3207 
- Asha worker 2011-onwards"
Sahabad,Kaimur (Bhabhua),33. Buxar,203. Ramgarh,Nuaon,Nuaon_4,Unreserved (Mahila),Rtd.Haji Seraj Ansari,7759994930.0,Minority,Muslim,51.0,"Haji Siraj Ansari|51|Male|Minority Muslim|
-Retired Army Personnel.
-He Graduated in Political Science with English.
-He Served The Veer Hamid Regiment for 18 Years as a Havaldar.
-He Served The BMP16 Crack Regiment for 2 Years as a Constable.
-He is Currently Posted at Ramgarh PNB Bank as a Cashier.
-He Was a Candidate for The National Congress Party Ticket 
 in Ramgarh Assembly 2010, He Got 1000 Votes & Lost The 
Election.
-He Contested the ZP Election from Nuaon Block in 2011 and got 6700 Votes
 & Lost The Election
-His Wife Shahnaz Begum Contested Mukhiya Election of 
Taraitha Panchayat from 2016 & 2021 and Lost The Both Election,
in The Last Election, She Got 761 Votes."
Sahabad,Kaimur (Bhabhua),34. Sasaram (SC),204. Mohania,Kudra,Kudra_5,Unreserved (Mahila),Harendra Singh,919999143044.0,General,Rajput ,38.0,"- Master in Business Admistration 2012 BIMTEC
- Hold Law Degree from Shersah University,Sasaram 2022
-Assistance VP at  HDFC Life Leading North Region 
- His father: Surendra Prasad Singh is a Laywer   
-  """
Sahabad,Kaimur (Bhabhua),34. Sasaram (SC),204. Mohania,Kudra,Kudra_5,Unreserved (Mahila),DHIRENDRA BHARTI,+917209530875,SC,Ram ,32.0,"- Mukhiya runner up 2021 2nd runner Up
- Garment shop and kirana shop 
"
Sahabad,Kaimur (Bhabhua),34. Sasaram (SC),204. Mohania,Kudra,Kudra_5,Unreserved (Mahila),Rameshwar Ram,9661859384.0,SC,Chamar,54.0,"Rameshwar Ram | 54 | Male | SC | Chamar
-Former Mukhiya of Bahera Panchayat(2006-11)
-Runner-up in BDC Election in 2001
-Was associated with BSP(1987-2000)
-His son is constable in BP"
Sahabad,Kaimur (Bhabhua),34. Sasaram (SC),204. Mohania,Kudra,Kudra_6,Unreserved (Mahila),Shri Dr. Mrigendra Tiwari,9576255125.0,General,Brahmin,,"Dr. Mrigendra Tiwari | 40 | Male | General | Brahmin 

-Former INC Kaimur District Kisan President (2012-24). 
-Former INC Kaimur District Secretary. 
- Former INC Kudra Block President. 
-Former General Secretary Student Union, Sampoorna Nand Sanskrit University, Varanasi(2005-07).
-Former NSUI General Secretary, Varanasi (2003-05)."
Sahabad,Kaimur (Bhabhua),34. Sasaram (SC),204. Mohania,Kudra,Kudra_6,Unreserved (Mahila),Shri Praveen Kumar Singh,8340420377.0,General,Rajput,,"""Praveen Kumar Singh | 33 | Male | General | Rajput 

- Former BJP Youth Kudra Block President (2019-2021).
- Runner up of Sarpanch Election in 2021 & gots 870 votes. 
- Businessman transport and contractor.

"""
Sahabad,Kaimur (Bhabhua),34. Sasaram (SC),204. Mohania,Kudra,Kudra_6,Unreserved (Mahila),"Vandana Kumari / Arvind Kumar Singh

",9771784516.0,OBC,Kushwaha,40.0,"-ZP Runner up 2021 (9562 votes)
-Mukhiya Contest 2016 (4th position)
-Independent"
Sahabad,Kaimur (Bhabhua),34. Sasaram (SC),204. Mohania,Kudra,Kudra_6,Unreserved (Mahila),Shila Kumari / Janardan Paswan,6204499110.0,SC,Paswan,35.0,"-ZP contest 2021 (1725 votes, 5th position)
-associated with JS"
Sahabad,Kaimur (Bhabhua),34. Sasaram (SC),204. Mohania,Mohania,Mohania_7,Unreserved (Other),Haricharan Thakur,8873943770.0,EBC,Nai,49.0,"Haricharan Thakur | 49 | Male | EBC | Nai

-Contested ZP Election in 2016 from Chainpur and secured 2200 votes.
-BSP Chainpur Assembly Prabhari(2010-2016).
-BSP District Vice President (2016-2019).
-BSP District Koshadhyaksh (2019-2024)."
Sahabad,Kaimur (Bhabhua),34. Sasaram (SC),204. Mohania,Mohania,Mohania_7,Unreserved (Other),Pramaan Chaudhary,8002446762.0,SC," Pasi
",,"Pramaan Chaudhary | 45 | Male | SC | Pasi
-2 times former Mukhiya of Bhokhari Panchayat(2006-16)
-Former RJD Block Adhyaksh(2015)
-His father was ward member(2001-06)
-After 2016, Bhokri seat became reserved for EBC"
Sahabad,Kaimur (Bhabhua),34. Sasaram (SC),204. Mohania,Mohania,Mohania_7,Unreserved (Other),प्रमोद कुमार सिंह,9431484316.0,,,,"Secured 5902
ZP Chairman 2006-11 "
Sahabad,Kaimur (Bhabhua),34. Sasaram (SC),204. Mohania,Mohania,Mohania_8,Unreserved (Other),Shri Dayanand Ram,9955511134.0,,,,"Dayanand Ram | 64| Male | Chammar
 - Two-term Ex Mukhiya from General seat ( 2011, 2016)
 - Wife Geeta Tyagi Z.P runnerup from Mohania bhaag 2, lost by 200 votes ( 2011 )
 - Block Sanyojak, BJP ( 2010-2012)
 - Birha singer"
Sahabad,Kaimur (Bhabhua),34. Sasaram (SC),204. Mohania,Mohania,Mohania_8,Unreserved (Other),Shri Dr. S. N. Chaubey,9507810151.0,,,,"Dr. SN Chaubey | 40 | Male | General | Brahmin 

-Former BSP mandal  Coordinator Allahabad(2008-14) (During this tenure 8 MLAs of BSP won the assembly elections).
-Former NSUI District Coordinator Allahabad(2003-08).
-Former BJP Mandal Adhyaksh(Mohania)(2014-16).
-PhD in Education from Shri Satya Sai University Bhopal.
-Professor cum Principal in Different Colleges(2020-23)."
Sahabad,Kaimur (Bhabhua),34. Sasaram (SC),204. Mohania,Mohania,Mohania_8,Unreserved (Other),Shatrunjay Kumar Singh,9955800599.0,,,,
Sahabad,Kaimur (Bhabhua),34. Sasaram (SC),204. Mohania,Mohania,Mohania_8,Unreserved (Other),Umesh Pandey,7372839423.0,,,,
Sahabad,Kaimur (Bhabhua),34. Sasaram (SC),204. Mohania,Mohania,Mohania_8,Unreserved (Other),Vijay Shankar Singh,9546513935.0,OBC,Yadav,45.0,"Vijay Shankar Singh Yadav | 45 | Male | OBC | Yadav
Former two terms Mukhiya from 2006 - 2016
DM Awarded Best Mukhiya for contribution he did in MNREGA"
Sahabad,Kaimur (Bhabhua),34. Sasaram (SC),204. Mohania,Mohania,Mohania_9,Unreserved (Mahila),Shrimati Aarti Kumari,9546783472.0,,,,"Arti Kumari | 29 | Female | SC | Chamar

- Former District President of AAP Women Wing 2020 - 2024.
- Director of T.O.P English School Mohania."
Sahabad,Kaimur (Bhabhua),34. Sasaram (SC),204. Mohania,Mohania,Mohania_9,Unreserved (Mahila),Pushpa Devi / Sanjay Singh,9834337038.0,General,Rajput,51.0,"-ZP Contest 2021, Runner up
-Brother Contest Mukhiya, PACS"
Sahabad,Kaimur (Bhabhua),34. Sasaram (SC),204. Mohania,Mohania,Mohania_9,Unreserved (Mahila),Geeta Devi,7909040971.0,,,,"Geeta Pasi | 45 | Pasi | Female
- Incumbent Zila Parishad from Mohania Block. 
-Actively involved in Politics since 2005. 
-Z.P from Mohania -2021 (General seat)
-Lost Z.P Election by 300 votes - 2016 (General seat ) 
-Z.P From Mohania-2011 to2016 ( Reserved Seat)
-Maha Sachiv Congress Committee, Kaimur- 2011-2013
-Zila Adhiyaksh  RJD - 2005-2010 (Women)
-Adhiyaksh Pasi Samaj (Woman) - 2012 
"
Sahabad,Kaimur (Bhabhua),34. Sasaram (SC),204. Mohania,Mohania,Mohania_9,Unreserved (Mahila),DIGVIJAY PRATAP SINGH,6393103475.0,,,,
Sahabad,Kaimur (Bhabhua),34. Sasaram (SC),205. Bhabua,Bhabua,Bhabua_10,Backward Class (Others),Budhadev Ram ,9631364875.0,,,,"Budhadev Ram  | Male | 59 | SC | Chamar | Incumbent Defacto Mukhiya

-Incumbent Defacto Mukhiya(2021 To Till Date)
-Former 2 Consecutive Terms Sarpanch(2006 To 2016)
-Former Mukhiya Contestant(2001 & 2016)
-Former Congress Member(2005 To 2024)
-Former BSP Member(2001 To 2005)
-"
Sahabad,Kaimur (Bhabhua),34. Sasaram (SC),205. Bhabua,Bhabua,Bhabua_10,Backward Class (Others),Pradeep Gupta,7044176554.0,EBC,Bania (Teli),44.0,"-Incumbent ZP 2021-26 
-ZP Runner-up in 2016
-Presently in RJD"
Sahabad,Kaimur (Bhabhua),34. Sasaram (SC),205. Bhabua,Bhabua,Bhabua_10,Backward Class (Others),Krishna Nand Tiwary,9060875917.0,,,,"Krishna Nand Tiwary | Male | 54 | Gen | Brahmin
-Former  BJP zila upaadhyaksh 2019-2022
-JSP Vidhan Shabha Prabhari 
-Former  Mukhia 2006 
-2 times De- facto Mukhia 2011 and 2016."
Sahabad,Kaimur (Bhabhua),34. Sasaram (SC),205. Bhabua,Bhabua,Bhabua_10,Backward Class (Others),Iltaf Ali,6205000139.0,Minority,Muslim,,"-Member Vyapaar Mandal 2012-17
-ZP Contestant 2021 ( 2523 Votes )"
Sahabad,Kaimur (Bhabhua),34. Sasaram (SC),205. Bhabua,Bhabua,Bhabua_10,Backward Class (Others),Shri Amod Kumar Bind,9801017883.0,,,,
Sahabad,Kaimur (Bhabhua),34. Sasaram (SC),205. Bhabua,Bhabua,Bhabua_10,Backward Class (Others),Chotelal Ram,9905206954.0,,,,"Chotelal Ram | 42 | SC | Chamar
- Former 2 times BDC Member
- Former BSP Zila Sachiv ( 2020 - 24)
- JSP DSC Member"
Sahabad,Kaimur (Bhabhua),34. Sasaram (SC),205. Bhabua,Bhabua,Bhabua_11,Backward Class (Mahila),Meena Devi,8651209062.0,,,,Incumbent ZP 
Sahabad,Kaimur (Bhabhua),34. Sasaram (SC),205. Bhabua,Bhabua,Bhabua_11,Backward Class (Mahila),कौशल्या देवी,9661826659.0,,,,Zp Contestant ( 1383 Votes )
Sahabad,Kaimur (Bhabhua),34. Sasaram (SC),205. Bhabua,Bhabua,Bhabua_12,Unreserved (Other),अभिशेक तिवारी,7903977822.0,,,,ZP Contestant ( 2968 votes )
Sahabad,Kaimur (Bhabhua),34. Sasaram (SC),205. Bhabua,Bhabua,Bhabua_12,Unreserved (Other),Shri Ram Pyare Singh,7258892419.0,General,Rajput,,"Ram Pyare Singh | 61 | Male | OBC | Kurmi

- Worked as Sachiv of Block at different Blocks in Kaimur including Ramgarh, Nuaon, Kudra, Mohania, Adhaura.
Was inclined with RJD as supporter"
Sahabad,Kaimur (Bhabhua),34. Sasaram (SC),205. Bhabua,Bhabua,Bhabua_12,Unreserved (Other),Shri Imtiyaz Ansari,9229501255.0,Minority,Muslim,,-District GeneralSecretery AIMIM 2023-25
Sahabad,Kaimur (Bhabhua),34. Sasaram (SC),205. Bhabua,Bhabua,Bhabua_12,Unreserved (Other),Kapil Mooni Pandeya,8210389878.0,General,Brahmin,45.0,"ZP Runner Up Secured 2623
-  ZP Runner Up 2011 ( Bhabhua -1 ) 
- Congress Youth Dist president2010-16
- Congress Kisan Zila Adhyaksh 2016-20 
"
Sahabad,Kaimur (Bhabhua),34. Sasaram (SC),205. Bhabua,Bhabua,Bhabua_12,Unreserved (Other),Harinandan Prassad,9334802004.0,,,,
Sahabad,Kaimur (Bhabhua),34. Sasaram (SC),205. Bhabua,Bhabua,Bhabua_12,Unreserved (Other),Prasun Kumar Tiwari,8789502228.0,General,Brahmin,,"BJP Leader (2016-2025)
-Petrol Pump Owner
-His is Chairman"
Sahabad,Kaimur (Bhabhua),34. Sasaram (SC),206. Chainpur,Chainpur,Chainpur_13,Backward Class (Others),Shri Anil Kumar Singh,9931024211.0,General,Rajput,,"Anil Kumar Singh | 59 | Male | OBC | Kurmi

- Previously Vyapar Mandal Adhyaksh from Chainpur (2011-2022).
- Two times Mukhiya from Sikaandarpur Panchayat (2001-2006, 2011-16).
- BJP Prakhand Adhyaksh (2006-12).
- BJP Panchyati Raj Prakosth Jila Adhyaksh (2003-06).
- Father was Mukhiya from 1962-1967.
- Grandfather Lt. Lalji SIngh was Sarpanch from 1952-57."
Sahabad,Kaimur (Bhabhua),34. Sasaram (SC),206. Chainpur,Chainpur,Chainpur_13,Backward Class (Others),Yugal Kishor Upadhayay,9470611662.0,General,Brahmin,45.0,"-Incumbent PCAS adhyaksh 2024
-Mukhiya runner-up 2021
-former Mukhiya 2001,
-Defecto Mukhiya 2011,

--Currently BJP Zila Upadhyaksh 2023"
Sahabad,Kaimur (Bhabhua),34. Sasaram (SC),206. Chainpur,Chainpur,Chainpur_13,Backward Class (Others),Raam Ekbal Prasaad,9608736787.0,EBC,Bind,52.0,"ZP Runner Up :Secure 3227
- Two term Former Mukhiya 2006-11 , 2011-16
- JDU Pardesh Mahasachiv 2020-23
- JDU EBC ZIla Adhyaksh EBC 
- JSP Zila Abhiyan Samiti Sanyojak "
Sahabad,Kaimur (Bhabhua),34. Sasaram (SC),206. Chainpur,Chainpur,Chainpur_13,Backward Class (Others),Md Tabrez,7484911786.0,Minority,Muslim,,"Md Tabrez | 37 | Male | Min 
Own 70 bigha land 
Active in Politics, his brother is Mukhiya 
Preparing for ZP Election 
 "
Sahabad,Kaimur (Bhabhua),34. Sasaram (SC),206. Chainpur,Chainpur,Chainpur_13,Backward Class (Others),Uttam Singh Patel,6204416183.0,OBC ,Kurmi,,"Uttam Singh Patel |Male| 30|OBC |Kurmi
- Incumnbent De-facto Mukhia 
- Former Mukhia 2016-2021
- willing to contest ZP Election"
Sahabad,Kaimur (Bhabhua),34. Sasaram (SC),206. Chainpur,Chainpur,Chainpur_13,Backward Class (Others),Kashi Prashad,9430261349.0,SC,Chammar,65.0,"-Mukhiya Runner up 2016
-ZP Runner up  from Mohnia Bhag-2 in 2011
-His Son Incumbent Mukhiya of Chauri Panchayt
-His Father is One of The Famous Pahelwan of Bihar."
Sahabad,Kaimur (Bhabhua),34. Sasaram (SC),206. Chainpur,Chainpur,Chainpur_14,SC (Other),Sajid Parvej,9199212737.0,Minority,Muslim,55.0,"Sajid Parvez | 55 |Male  | Minority | Muslim 
ZP Runner up in 2001
-ZP Contest in 2006
-Janta Dal Nagar Adhayaksh 1997-98
-His Brother Two Time Mukhiya of Chainpur Panchayt 2011 and 2016.
-His Father was also Mukhiya 1978-2000
-Education- MA History and LLB from Patna University.
"
Sahabad,Kaimur (Bhabhua),34. Sasaram (SC),206. Chainpur,Chainpur,Chainpur_14,SC (Other),Rampyare Ram,9661721694.0,SC,Ravidas,53.0,"-Incumbent BDC of Badhauna Panchayat and Block Pramukh of Chainpur. (2021- Present)
- BSP Yuva Zila Adhyaksh in 1995.
-Two time ZP Runner up 2001 and 2016 Panchayat elections.
-Ex sarpanch 2011 to 2016.
-Great Influence in Harijan Cast."
Sahabad,Kaimur (Bhabhua),34. Sasaram (SC),206. Chainpur,Chainpur,Chainpur_14,SC (Other),Nandan Kumar Paswan,9006938114.0,,,,ZP RUnnerup ( 4136 Votes )
Sahabad,Kaimur (Bhabhua),34. Sasaram (SC),206. Chainpur,Chainpur,Chainpur_14,SC (Other),Kirpa Shankar Ray(Rajbhar),8603183827.0,EBC,Rajwar,54.0,"Kirpa Shankar Ray(Rajbhar) | 54 | Male | EBC | Rajbhar
ZP Runner up 2016 (3600 votes), -EBC Seat Reserved
ZP Runner up 2021 (3700 votes),
Mukhiya Runner UP (2006 &2011),
"
Sahabad,Kaimur (Bhabhua),34. Sasaram (SC),206. Chainpur,Chainpur,Chainpur_14,SC (Other),Lorik Pahalwan,7870949398.0,SC,Chammar,56.0,"Lorik Pahalwan | 55 | SC | Chamar | 7870949398
- He served as JAP District President of SC Cell from 2013 to 2024
- He served as BSP Block President from 1995 to 2001
- He contested for ZP in 2006 and was Runner Up
- He has good influnce in Community"
Sahabad,Kaimur (Bhabhua),34. Sasaram (SC),206. Chainpur,Chainpur,Chainpur_14,SC (Other),Mahendra Pal,8539059665.0,OBC," Gaderi
",55.0,"Mahendra Pal| 55 | Male | OBC | Gaderi
Contested ZP in 2011, Got 3000 votes.
Contested Mukhiya election in 2016
"
Sahabad,Kaimur (Bhabhua),34. Sasaram (SC),206. Chainpur,Chand,Chand_15,SC (Other),Pawan Kumar,6352182803.0,SC,Ravidas,40.0,"-Sarpanch runner-up 2021

- JSP Prakhand Upadhyaksh 2025
-former BSP member till 2024

--RMP doctor by profession"
Sahabad,Kaimur (Bhabhua),34. Sasaram (SC),206. Chainpur,Chand,Chand_15,SC (Other),Sweta Singh Maurya,7488420450.0,OBC,Kushwaha,38.0,"ZP Contestent 2021
Maha Mantri Main Wing -BJP 2021
Maha Mantri 2010
BJP(2009-2025)"
Sahabad,Kaimur (Bhabhua),34. Sasaram (SC),206. Chainpur,Chand,Chand_15,SC (Other),Moti Ram,"8210007184
9955283115",,,,
Sahabad,Kaimur (Bhabhua),34. Sasaram (SC),206. Chainpur,Chand,Chand_15,SC (Other),Ramdulari Devi,9430261349.0,,,,
Sahabad,Kaimur (Bhabhua),34. Sasaram (SC),206. Chainpur,Chand,Chand_16,Unreserved (Other),Vivek Tiwari,9415562831.0,,,,
Sahabad,Kaimur (Bhabhua),34. Sasaram (SC),206. Chainpur,Chand,Chand_16,Unreserved (Other),Bijay Singh,6394493137.0,,,,
Sahabad,Kaimur (Bhabhua),34. Sasaram (SC),206. Chainpur,Chand,Chand_16,Unreserved (Other),Rohit Kumar Singh,6201152101.0,,,,
Sahabad,Kaimur (Bhabhua),34. Sasaram (SC),206. Chainpur,Chand,Chand_16,Unreserved (Other),Shamsad Ansari,9631986868.0,Minority,Muslim,50.0,"- RJD Block Upadhyaksh (1995-2010)
-  Two Time Mukhiya Runner Up 2001 and 2021
-Two Time Contest ZP Election 2006 and 2011
- "
Sahabad,Kaimur (Bhabhua),34. Sasaram (SC),206. Chainpur,Adhaura,Adhaura_17,ST (Other),Raj kumar  Singh,6202281510.0,ST,Kharwar,,"-He is incumbent ZP from Adhaura block.
-Lost ZP election to Doma Singh kharwar by 229 votes.
-Founding memeber of Adivasi Sangathan(45 Members).
-Professionally he is a doctor and runs a hospital in Bhagwanpur.
-Owns 22 acres of land."
Sahabad,Kaimur (Bhabhua),34. Sasaram (SC),206. Chainpur,Adhaura,Adhaura_17,ST (Other),Santosh Kumar Bind,8809390853.0,EBC,Bind,50.0,"-ZP Contest in 2021 got 1800 Votes
-Four Time Mukhiya Contest From Kuddi Panchayat 2001, 2006, 2011, 2016
-BSP Vidhansabha Adhayaksh (2020-21) "
Sahabad,Kaimur (Bhabhua),24. Begusarai,142. Bachhwara,Bhagwanpur,Bhagwanpur_18,SC (Mahila),Anita Devi / Bajarang Paswan,6203021875.0,SC,Dushad,36.0,"Secured :2892
Father Runner  2001"
Sahabad,Kaimur (Bhabhua),24. Begusarai,142. Bachhwara,Bhagwanpur,Bhagwanpur_18,SC (Mahila),मुस्कान कुमारी,7739460209.0,,,,"He fight in two Zp Seats In 2021 1st chayanpur (Vote 8500)
2nd Bhagwanpur (Vote 7500 )"
Sahabad,Kaimur (Bhabhua),24. Begusarai,142. Bachhwara,Bhagwanpur,Bhagwanpur_18,SC (Mahila),Bajrang Paswan,9939338147.0,SC,Dusadh,27.0,"-Contested in 2021 ZP election but could not manage to win.
-Got 3000 votes and stand out at 5th runner up position."
Sahabad,Kaimur (Bhabhua),24. Begusarai,142. Bachhwara,Bhagwanpur,Bhagwanpur_18,SC (Mahila),Gunja Kumari,7369817491.0,SC,Dusadh,35.0,"""Secured 4358
2016 Secured """
Sahabad,Kaimur (Bhabhua),34. Sasaram (SC),205. Bhabua,Rampur,Rampur_19,SC (Mahila),Ramji Paswan,8084145566.0,SC,Paswan,,"Ramji Paswan | Male | 60 | SC | Paswan 
 -Defecto Sarpanch 1978-2000
- former LJP zila upadhyaksh 2014-2022
- Mukhiya runner-up 2001, 2006, and 2011
-ZP Contestant 2021"
Sahabad,Kaimur (Bhabhua),34. Sasaram (SC),205. Bhabua,Rampur,Rampur_19,SC (Mahila),Kumari Shisham,8002401734.0,,,,ZP Contestant ( 3720 votes )
Sahabad,Kaimur (Bhabhua),34. Sasaram (SC),205. Bhabua,Rampur,Rampur_19,SC (Mahila),Kusum Devi,8789978743.0,,,,ZP Contestant ( 1376 votes )
Sahabad,Kaimur (Bhabhua),34. Sasaram (SC),205. Bhabua,Rampur,Rampur_19,SC (Mahila),Sita Ram,7667253183.0,,,,
