Team Assessment Report - 27 August 2026,,,,,,Team Assessment Report -  August 2026,,
POC,Number of ZP Candidates Identified,Pools Used,,,,POC,Number of ZP Candidates Identified,Pools Used
Pankaj Nayan,,,,,,Pankaj Nayan,,
Aditya Sinha ,8,"ZP Contestant
Sangathan Dump",,,,Aditya Sinha ,,
Nilesh Anand,,,,,,Nilesh Anand,,
Jyotish Harsh,,,,,,Jyotish Harsh,,
Chandrashekhar Pandey ,,,,,,Chandrashekhar Pandey ,,
Shashiranjan Kumar,,,,,,Shashiranjan Kumar,,
Anmol Kumar,,,,,,Anmol Kumar,,
Sadav Khan ,,,,,,Sadav Khan ,,
Sardar Ahmed Qadri,,,,,,Sardar Ahmed Qadri,,
Ashutosh Singh,,,,,,Ashutosh Singh,,
Narayan Chaudhary ,,,,,,Narayan Chaudhary ,,
Harsh Raj ,,,,,,Harsh Raj ,,
Karan,,,,,,Karan,,
Arvind Kumar,,,,,,Arvind Kumar,,
Sudhanshu ,,,,,,Sudhanshu ,,
Shubham kumar ,,,,,,Shubham kumar ,,